Workbook

Sheet Tabla general
A1: Id. original muestra | B1: Variedad | C1: Valles | D1: Fundo | E1: Cuartel | F1: Hilera | G1: N° muestra | H1: Fecha | I1: pH | J1: Brix | K1: NaOH | L1: Acidez Sulfúrica | M1: Acidez Tartárica | N1: Peso muestra | O1: N° bayas | P1: Peso baya
A2: CH26IDAC1-H135-1 | B2: Chardonnay | C2: Colchagua | D2: IDAHUE | E2: 1 | F2: 135 | G2: =_xlfn.TEXTAFTER(A2, "-", 2) -> 1 | H2: 46035 | I2: 2.81 | J2: 9.7 | K2: 37.34 | L2: =K2*0.49 -> 18.2966 | M2: =L2*1.53 -> 27.993798 | N2: 192.45 | O2: 200 | P2: =N2/O2 -> 0.96225
A3: CH26IDAC1-H135-2 | B3: Chardonnay | C3: Colchagua | D3: IDAHUE | E3: 1 | F3: 135 | G3: =_xlfn.TEXTAFTER(A3, "-", 2) -> 2 | H3: 46044 | I3: 2.85 | J3: 12.6 | K3: 13.83 | L3: =K3*0.49 -> 6.7767 | M3: =L3*1.53 -> 10.368351 | N3: 188.96 | O3: 200 | P3: =N3/O3 -> 0.9448 | T3: Fundo | U3: Cuartel | V3: Variedad | W3: Fecha cosecha
A4: CH26IDAC1-H135-3 | B4: Chardonnay | C4: Colchagua | D4: IDAHUE | E4: 1 | F4: 135 | G4: =_xlfn.TEXTAFTER(A4, "-", 2) -> 3 | H4: 46050 | I4: 2.97 | J4: 14.6 | K4: 19.04 | L4: =K4*0.49 -> 9.3296 | M4: =L4*1.53 -> 14.274288 | N4: 208.52 | O4: 200 | P4: =N4/O4 -> 1.0426 | T4: Lourdes | U4: 79 | V4: CH | W4: 46145
A5: CH26IDAC1-H135-4 | B5: Chardonnay | C5: Colchagua | D5: IDAHUE | E5: 1 | F5: 135 | G5: =_xlfn.TEXTAFTER(A5, "-", 2) -> 4 | H5: 46057 | I5: 3.01 | J5: 16 | K5: 16.18 | L5: =K5*0.49 -> 7.9282 | M5: =L5*1.53 -> 12.130146 | N5: 225.2 | O5: 200 | P5: =N5/O5 -> 1.126 | T5: Ucuquer | U5: 110 | V5: CH | W5: 46098
A6: CH26IDAC1-H135-5 | B6: Chardonnay | C6: Colchagua | D6: IDAHUE | E6: 1 | F6: 135 | G6: =_xlfn.TEXTAFTER(A6, "-", 2) -> 5 | H6: 46064 | I6: 3.12 | J6: 18 | K6: 14.04 | L6: =K6*0.49 -> 6.8796 | M6: =L6*1.53 -> 10.525788 | N6: 242.4 | O6: 200 | P6: =N6/O6 -> 1.212 | T6: Ucuquer | U6: 54 | V6: SB | W6: 46145
A7: CH26IDAC1-H135-6 | B7: Chardonnay | C7: Colchagua | D7: IDAHUE | E7: 1 | F7: 135 | G7: =_xlfn.TEXTAFTER(A7, "-", 2) -> 6 | H7: 46071 | I7: 3.18 | J7: 19.5 | K7: 12.8 | L7: =K7*0.49 -> 6.272 | M7: =L7*1.53 -> 9.59616 | N7: 230 | O7: 200 | P7: =N7/O7 -> 1.15 | T7: Yungay | U7: 4 | V7: SB
A8: CH26IDAC1-H135-7 | B8: Chardonnay | C8: Colchagua | D8: IDAHUE | E8: 1 | F8: 135 | G8: =_xlfn.TEXTAFTER(A8, "-", 2) -> 7 | H8: 46078 | I8: 3.2 | J8: 21.3 | K8: 10.32 | L8: =K8*0.49 -> 5.0568 | M8: =L8*1.53 -> 7.736904 | N8: 237.2 | O8: 200 | P8: =N8/O8 -> 1.186 | T8: Rauco | U8: 7 | V8: SB
A9: CH26IDAC1-H135-8 | B9: Chardonnay | C9: Colchagua | D9: IDAHUE | E9: 1 | F9: 135 | G9: =_xlfn.TEXTAFTER(A9, "-", 2) -> 8 | H9: 46085 | I9: 3.2 | J9: 21.7 | K9: 10.23 | L9: =K9*0.49 -> 5.0127 | M9: =L9*1.53 -> 7.669431 | N9: 232.5 | O9: 200 | P9: =N9/O9 -> 1.1625 | T9: Santa Isabel | U9: 27 | V9: SB | W9: 46091
A10: CH26IDAC1-H135-9 | B10: Chardonnay | C10: Colchagua | D10: IDAHUE | E10: 1 | F10: 135 | G10: =_xlfn.TEXTAFTER(A10, "-", 2) -> 9 | H10: 46092 | I10: 3.27 | J10: 22.8 | K10: 9.52 | L10: =K10*0.49 -> 4.6648 | M10: =L10*1.53 -> 7.137144 | N10: 211.7 | O10: 200 | P10: =N10/O10 -> 1.0585 | T10: Santa Isabel | U10: 25 | V10: CH | W10: 46071
A11: CH26IDAC1-H135-10 | B11: Chardonnay | C11: Colchagua | D11: IDAHUE | E11: 1 | F11: 135 | G11: =_xlfn.TEXTAFTER(A11, "-", 2) -> 10 | H11: 46099 | I11: 3.28 | J11: 22.7 | K11: 9.2 | L11: =K11*0.49 -> 4.508 | M11: =L11*1.53 -> 6.89724 | N11: 231.2 | O11: 200 | P11: =N11/O11 -> 1.156 | T11: Mariposa | U11: 7 | V11: SB
A12: CH26IDAC1-H135-11 | B12: Chardonnay | C12: Colchagua | D12: IDAHUE | E12: 1 | F12: 135 | G12: =_xlfn.TEXTAFTER(A12, "-", 2) -> 11 | H12: 26-03-2026 | I12: 3.15 | J12: 23.3 | K12: 8.93 | L12: =K12*0.49 -> 4.3757 | M12: =L12*1.53 -> 6.694821 | N12: 221.6 | O12: 200 | P12: =N12/O12 -> 1.108 | T12: Quebrada | U12: 45 | V12: CH
A13: CH26IDAC1-H135-12 | B13: Chardonnay | C13: Colchagua | D13: IDAHUE | E13: 1 | F13: 135 | G13: =_xlfn.TEXTAFTER(A13, "-", 2) -> 12 | L13: =K13*0.49 -> 0 | M13: =L13*1.53 -> 0 | P13: =N13/O13 -> #DIV/0!
A14: SB26IDAC9-H300-1 | B14: Sauvignon Blanc | C14: Colchagua | D14: IDAHUE | E14: 9 | F14: 300 | G14: =_xlfn.TEXTAFTER(A14, "-", 2) -> 1 | H14: 46044 | I14: 2.73 | J14: 15.4 | K14: 11.43 | L14: =K14*0.49 -> 5.6007 | M14: =L14*1.53 -> 8.569071 | N14: 159.84 | O14: 200 | P14: =N14/O14 -> 0.7992 | T14: Idahue | U14: 1 | V14: CH | W14: 46073
A15: SB26IDAC9-H300-2 | B15: Sauvignon Blanc | C15: Colchagua | D15: IDAHUE | E15: 9 | F15: 300 | G15: =_xlfn.TEXTAFTER(A15, "-", 2) -> 2 | H15: 46050 | I15: 2.93 | J15: 18.4 | K15: 15.38 | L15: =K15*0.49 -> 7.5362 | M15: =L15*1.53 -> 11.530386 | N15: 196.74 | O15: 200 | P15: =N15/O15 -> 0.9837 | T15: Idahue | U15: 9 | V15: SB | W15: 46070
A16: SB26IDAC9-H300-3 | B16: Sauvignon Blanc | C16: Colchagua | D16: IDAHUE | E16: 9 | F16: 300 | G16: =_xlfn.TEXTAFTER(A16, "-", 2) -> 3 | H16: 46057 | I16: 2.98 | J16: 19.8 | K16: 10.56 | L16: =K16*0.49 -> 5.1744 | M16: =L16*1.53 -> 7.916832 | N16: 221.3 | O16: 200 | P16: =N16/O16 -> 1.1065 | T16: Nilahue | U16: 2 | V16: CS
A17: SB26IDAC9-H300-4 | B17: Sauvignon Blanc | C17: Colchagua | D17: IDAHUE | E17: 9 | F17: 300 | G17: =_xlfn.TEXTAFTER(A17, "-", 2) -> 4 | H17: 46064 | I17: 3.13 | J17: 21.9 | K17: 8.8 | L17: =K17*0.49 -> 4.312 | M17: =L17*1.53 -> 6.59736 | N17: 234.2 | O17: 200 | P17: =N17/O17 -> 1.171 | T17: Peumo | U17: 93 | V17: CA | W17: 28/04/2026
A18: SB26IDAC9-H300-5 | B18: Sauvignon Blanc | C18: Colchagua | D18: IDAHUE | E18: 9 | F18: 300 | G18: =_xlfn.TEXTAFTER(A18, "-", 2) -> 5 | H18: 46071 | I18: 3.21 | J18: 23.9 | K18: 8.86 | L18: =K18*0.49 -> 4.3414 | M18: =L18*1.53 -> 6.642342 | N18: 229.2 | O18: 200 | P18: =N18/O18 -> 1.146 | T18: Keule | U18: 3 | V18: CS | W18: 14/03/2026
A19: SB26IDAC9-H300-6 | B19: Sauvignon Blanc | C19: Colchagua | D19: IDAHUE | E19: 9 | F19: 300 | G19: =_xlfn.TEXTAFTER(A19, "-", 2) -> 6 | H19: 46078 | I19: 3.27 | J19: 24.8 | K19: 7.66 | L19: =K19*0.49 -> 3.7534 | M19: =L19*1.53 -> 5.742702 | N19: 200.9 | O19: 200 | P19: =N19/O19 -> 1.0045 | T19: Villa Alegre | U19: 13 | V19: CA
A20: SB26IDAC9-H300-7 | B20: Sauvignon Blanc | C20: Colchagua | D20: IDAHUE | E20: 9 | F20: 300 | G20: =_xlfn.TEXTAFTER(A20, "-", 2) -> 7 | H20: 46085 | I20: 3.32 | J20: 25.2 | K20: 6.45 | L20: =K20*0.49 -> 3.1605 | M20: =L20*1.53 -> 4.835565 | N20: 194.6 | O20: 200 | P20: =N20/O20 -> 0.973 | T20: Lourdes | U20: 207 | V20: CS
A21: SB26IDAC9-H300-8 | B21: Sauvignon Blanc | C21: Colchagua | D21: IDAHUE | E21: 9 | F21: 300 | G21: =_xlfn.TEXTAFTER(A21, "-", 2) -> 8 | H21: 46092 | I21: 3.26 | J21: 26 | K21: 6.37 | L21: =K21*0.49 -> 3.1213 | M21: =L21*1.53 -> 4.775589 | N21: 188.7 | O21: 200 | P21: =N21/O21 -> 0.9435 | T21: Lourdes | U21: 171 | V21: CA
A22: SB26IDAC9-H300-9 | B22: Sauvignon Blanc | C22: Colchagua | D22: IDAHUE | E22: 9 | F22: 300 | G22: =_xlfn.TEXTAFTER(A22, "-", 2) -> 9 | H22: 46099 | I22: 3.44 | J22: 25.5 | K22: 6.48 | L22: =K22*0.49 -> 3.1752 | M22: =L22*1.53 -> 4.858056 | N22: 208.9 | O22: 200 | P22: =N22/O22 -> 1.0445 | T22: Quinta de Maipo | U22: 1 | V22: CA
A23: SB26IDAC9-H300-10 | B23: Sauvignon Blanc | C23: Colchagua | D23: IDAHUE | E23: 9 | F23: 300 | G23: =_xlfn.TEXTAFTER(A23, "-", 2) -> 10 | H23: 26-03-2026 | I23: 3.19 | J23: 25.7 | K23: 6.62 | L23: =K23*0.49 -> 3.2438 | M23: =L23*1.53 -> 4.963014 | N23: 199.3 | O23: 200 | P23: =N23/O23 -> 0.9965 | T23: San Adolfo | U23: 9 | V23: CS
A24: SB26IDAC9-H300-11 | B24: Sauvignon Blanc | C24: Colchagua | D24: IDAHUE | E24: 9 | F24: 300 | G24: =_xlfn.TEXTAFTER(A24, "-", 2) -> 11 | T24: Palo Santo | U24: 42 | V24: CA | W24: 28/04/2026
A25: CH26UCUC92-H110-1 | B25: Chardonnay | C25: Colchagua | D25: UCUQUER | E25: 92 | F25: 110 | G25: =_xlfn.TEXTAFTER(A25, "-", 2) -> 1 | H25: 46043 | I25: 2.94 | J25: 14.3 | K25: 18.48 | L25: =K25*0.49 -> 9.0552 | M25: =L25*1.53 -> 13.854456 | N25: 244.81 | O25: 200 | P25: =N25/O25 -> 1.22405 | T25: Quebrada de agua | U25: 40 | V25: CS
A26: CH26UCUC92-H110-2 | B26: Chardonnay | C26: Colchagua | D26: UCUQUER | E26: 92 | F26: 110 | G26: =_xlfn.TEXTAFTER(A26, "-", 2) -> 2 | H26: 46049 | I26: 2.85 | J26: 15.6 | K26: 19.6 | L26: =K26*0.49 -> 9.604 | M26: =L26*1.53 -> 14.69412 | N26: 263.66 | O26: 200 | P26: =N26/O26 -> 1.3183 | T26: Rucahue | U26: 24 | V26: CA | W26: 21/04/2026
A27: CH26UCUC92-H110-3 | B27: Chardonnay | C27: Colchagua | D27: UCUQUER | E27: 92 | F27: 110 | G27: =_xlfn.TEXTAFTER(A27, "-", 2) -> 3 | H27: 46056 | I27: 2.96 | J27: 17.3 | K27: 14.66 | L27: =K27*0.49 -> 7.1834 | M27: =L27*1.53 -> 10.990602 | N27: 268.4 | O27: 200 | P27: =N27/O27 -> 1.342
A28: CH26UCUC92-H110-4 | B28: Chardonnay | C28: Colchagua | D28: UCUQUER | E28: 92 | F28: 110 | G28: =_xlfn.TEXTAFTER(A28, "-", 2) -> 4 | H28: 46063 | I28: 3.12 | J28: 19.8 | K28: 12.12 | L28: =K28*0.49 -> 5.9388 | M28: =L28*1.53 -> 9.086364 | N28: 277.4 | O28: 200 | P28: =N28/O28 -> 1.387
A29: CH26UCUC92-H110-5 | B29: Chardonnay | C29: Colchagua | D29: UCUQUER | E29: 92 | F29: 110 | G29: =_xlfn.TEXTAFTER(A29, "-", 2) -> 5 | H29: 46070 | I29: 3.16 | J29: 21.7 | K29: 11.3 | L29: =K29*0.49 -> 5.537 | M29: =L29*1.53 -> 8.47161 | N29: 281 | O29: 200 | P29: =N29/O29 -> 1.405
A30: CH26UCUC92-H110-6 | B30: Chardonnay | C30: Colchagua | D30: UCUQUER | E30: 92 | F30: 110 | G30: =_xlfn.TEXTAFTER(A30, "-", 2) -> 6 | H30: 46077 | I30: 3.14 | J30: 23.1 | K30: 10.02 | L30: =K30*0.49 -> 4.9098 | M30: =L30*1.53 -> 7.511994 | N30: 278.8 | O30: 200 | P30: =N30/O30 -> 1.394
A31: CH26UCUC92-H110-7 | B31: Chardonnay | C31: Colchagua | D31: UCUQUER | E31: 92 | F31: 110 | G31: =_xlfn.TEXTAFTER(A31, "-", 2) -> 7 | H31: 46084 | I31: 3.16 | J31: 23.4 | K31: 9.55 | L31: =K31*0.49 -> 4.6795 | M31: =L31*1.53 -> 7.159635 | N31: 277.7 | O31: 200 | P31: =N31/O31 -> 1.3885 | T31: Cosecha comercial blancos
A32: CH26UCUC92-H110-8 | B32: Chardonnay | C32: Colchagua | D32: UCUQUER | E32: 92 | F32: 110 | G32: =_xlfn.TEXTAFTER(A32, "-", 2) -> 8 | H32: 46091 | I32: 3.11 | J32: 25.1 | K32: 9.23 | L32: =K32*0.49 -> 4.5227 | M32: =L32*1.53 -> 6.919731 | N32: 249.6 | O32: 200 | P32: =N32/O32 -> 1.248
A33: CH26UCUC92-H110-9 | B33: Chardonnay | C33: Colchagua | D33: UCUQUER | E33: 92 | F33: 110 | G33: =_xlfn.TEXTAFTER(A33, "-", 2) -> 9 | H33: 46098 | I33: 3.21 | J33: 23.6 | K33: 8.66 | L33: =K33*0.49 -> 4.2434 | M33: =L33*1.53 -> 6.492402 | N33: 248.4 | O33: 200 | P33: =N33/O33 -> 1.242 | T33: Fundo | U33: Cuartel | V33: Variedad | W33: Fecha cosecha
A34: CH26UCUC92-H110-10 | B34: Chardonnay | C34: Colchagua | D34: UCUQUER | E34: 92 | F34: 110 | G34: =_xlfn.TEXTAFTER(A34, "-", 2) -> 10 | H34: - | I34: 3.2 | J34: 25.8 | K34: 8.34 | L34: =K34*0.49 -> 4.0866 | M34: =L34*1.53 -> 6.252498 | N34: 252.5 | O34: 200 | P34: =N34/O34 -> 1.2625 | T34: Idahue | U34: 1 | V34: CH | W34: 46073
A35: CH26UCUC92-H110-11 | B35: Chardonnay | C35: Colchagua | D35: UCUQUER | E35: 92 | F35: 110 | G35: =_xlfn.TEXTAFTER(A35, "-", 2) -> 11 | H35: 46112 | I35: 3.26 | J35: 25.8 | K35: 7.43 | L35: =K35*0.49 -> 3.6407 | M35: =L35*1.53 -> 5.570271 | N35: 264.3 | O35: 200 | P35: =N35/O35 -> 1.3215 | U35: 9 | V35: SB | W35: 46070
A36: CH26UCUC92-H110-12 | B36: Chardonnay | C36: Colchagua | D36: UCUQUER | E36: 92 | F36: 110 | G36: 12 | H36: 46119 | I36: 3.18 | J36: 26.2 | K36: 7.49 | L36: =K36*0.49 -> 3.6701 | M36: =L36*1.53 -> 5.615253 | N36: 260 | O36: 200 | P36: =N36/O36 -> 1.3 | T36: Ucuquer | U36: 92 | V36: CH | W36: 46098
A37: CH26UCUC92-H110-13 | B37: Chardonnay | C37: Colchagua | D37: UCUQUER | E37: 92 | F37: 110 | G37: 13 | H37: 46126 | I37: 3.43 | J37: 25.7 | K37: 5.16 | L37: =K37*0.49 -> 2.5284 | M37: =L37*1.53 -> 3.868452 | N37: 293 | O37: 200 | P37: =N37/O37 -> 1.465 | Q37: *muestras congeladas | U37: 54 | V37: SB | W37: 46145
A38: CH26UCUC92-H110-14 | B38: Chardonnay | C38: Colchagua | D38: UCUQUER | E38: 92 | F38: 110 | G38: 14 | H38: 46132 | I38: 3.26 | J38: 26.1 | K38: 8.5 | L38: =K38*0.49 -> 4.165 | M38: =L38*1.53 -> 6.37245 | N38: 285 | O38: 200 | P38: =N38/O38 -> 1.425 | T38: Santa Isabel | U38: 25 | V38: CH | W38: 46091
A39: SB26UCUC54-H85-1 | B39: Sauvignon Blanc | C39: Colchagua | D39: UCUQUER | E39: 54 | F39: 85 | G39: =_xlfn.TEXTAFTER(A39, "-", 2) -> 1 | H39: 46043 | I39: 2.77 | J39: 12.2 | K39: 26.1 | L39: =K39*0.49 -> 12.789 | M39: =L39*1.53 -> 19.56717 | N39: 310.26 | O39: 200 | P39: =N39/O39 -> 1.5513 | U39: 27 | V39: SB | W39: 46071
A40: SB26UCUC54-H85-2 | B40: Sauvignon Blanc | C40: Colchagua | D40: UCUQUER | E40: 54 | F40: 85 | G40: =_xlfn.TEXTAFTER(A40, "-", 2) -> 2 | H40: 46049 | I40: 2.72 | J40: 14.8 | K40: 28.48 | L40: =K40*0.49 -> 13.9552 | M40: =L40*1.53 -> 21.351456 | N40: 325.36 | O40: 200 | P40: =N40/O40 -> 1.6268 | T40: San Ignacio | U40: 12 | V40: CH | W40: 46095
A41: SB26UCUC54-H85-3 | B41: Sauvignon Blanc | C41: Colchagua | D41: UCUQUER | E41: 54 | F41: 85 | G41: =_xlfn.TEXTAFTER(A41, "-", 2) -> 3 | H41: 46056 | I41: 2.8 | J41: 15.9 | K41: 23.4 | L41: =K41*0.49 -> 11.466 | M41: =L41*1.53 -> 17.54298 | N41: 380.7 | O41: 200 | P41: =N41/O41 -> 1.9035 | T41: Yungay | U41: 4 | V41: SB | W41: 46104
A42: SB26UCUC54-H85-4 | B42: Sauvignon Blanc | C42: Colchagua | D42: UCUQUER | E42: 54 | F42: 85 | G42: =_xlfn.TEXTAFTER(A42, "-", 2) -> 4 | H42: 46063 | I42: 3.01 | J42: 18.5 | K42: 17.88 | L42: =K42*0.49 -> 8.7612 | M42: =L42*1.53 -> 13.404636 | N42: 392.6 | O42: 200 | P42: =N42/O42 -> 1.963 | T42: Mariposa | U42: 7 | V42: CH
A43: SB26UCUC54-H85-5 | B43: Sauvignon Blanc | C43: Colchagua | D43: UCUQUER | E43: 54 | F43: 85 | G43: =_xlfn.TEXTAFTER(A43, "-", 2) -> 5 | H43: 46070 | I43: 3.08 | J43: 20.5 | K43: 15.48 | L43: =K43*0.49 -> 7.5852 | M43: =L43*1.53 -> 11.605356 | N43: 403.7 | O43: 200 | P43: =N43/O43 -> 2.0185 | T43: Rauco | U43: 7 | V43: SB
A44: SB26UCUC54-H85-6 | B44: Sauvignon Blanc | C44: Colchagua | D44: UCUQUER | E44: 54 | F44: 85 | G44: =_xlfn.TEXTAFTER(A44, "-", 2) -> 6 | H44: 46077 | I44: 3.09 | J44: 21.8 | K44: 12.8 | L44: =K44*0.49 -> 6.272 | M44: =L44*1.53 -> 9.59616 | N44: 416.1 | O44: 200 | P44: =N44/O44 -> 2.0805 | T44: Lourdes | U44: 79 | V44: CH
A45: SB26UCUC54-H85-7 | B45: Sauvignon Blanc | C45: Colchagua | D45: UCUQUER | E45: 54 | F45: 85 | G45: =_xlfn.TEXTAFTER(A45, "-", 2) -> 7 | H45: 46084 | I45: 3.07 | J45: 22.7 | K45: 11.67 | L45: =K45*0.49 -> 5.7183 | M45: =L45*1.53 -> 8.748999 | N45: 412.3 | O45: 200 | P45: =N45/O45 -> 2.0615 | T45: Quebrada de agua | U45: 45 | V45: CH
A46: SB26UCUC54-H85-8 | B46: Sauvignon Blanc | C46: Colchagua | D46: UCUQUER | E46: 54 | F46: 85 | G46: =_xlfn.TEXTAFTER(A46, "-", 2) -> 8 | H46: 46091 | I46: 3.05 | J46: 24.3 | K46: 10.92 | L46: =K46*0.49 -> 5.3508 | M46: =L46*1.53 -> 8.186724 | N46: 392.3 | O46: 200 | P46: =N46/O46 -> 1.9615
A47: SB26UCUC54-H85-9 | B47: Sauvignon Blanc | C47: Colchagua | D47: UCUQUER | E47: 54 | F47: 85 | G47: =_xlfn.TEXTAFTER(A47, "-", 2) -> 9 | H47: 46098 | I47: 3.13 | J47: 25.5 | K47: 9.32 | L47: =K47*0.49 -> 4.5668 | M47: =L47*1.53 -> 6.987204 | N47: 396.2 | O47: 200 | P47: =N47/O47 -> 1.981
A48: SB26UCUC54-H85-10 | B48: Sauvignon Blanc | C48: Colchagua | D48: UCUQUER | E48: 54 | F48: 85 | G48: =_xlfn.TEXTAFTER(A48, "-", 2) -> 10 | H48: - | I48: 3.12 | J48: 25.7 | K48: 10.26 | L48: =K48*0.49 -> 5.0274 | M48: =L48*1.53 -> 7.691922 | N48: 402.4 | O48: 200 | P48: =N48/O48 -> 2.012
A49: SB26UCUC54-H85-11 | B49: Sauvignon Blanc | C49: Colchagua | D49: UCUQUER | E49: 54 | F49: 85 | G49: =_xlfn.TEXTAFTER(A49, "-", 2) -> 11 | H49: 46112 | I49: 3.18 | J49: 25.8 | K49: 8.82 | L49: =K49*0.49 -> 4.3218 | M49: =L49*1.53 -> 6.612354 | N49: 390.5 | O49: 200 | P49: =N49/O49 -> 1.9525
A50: SB26UCUC54-H85-12 | B50: Sauvignon Blanc | C50: Colchagua | D50: UCUQUER | E50: 54 | F50: 85 | G50: =_xlfn.TEXTAFTER(A50, "-", 2) -> 12 | H50: 46119 | I50: 3.14 | J50: 27.7 | K50: 9.57 | L50: =K50*0.49 -> 4.6893 | M50: =L50*1.53 -> 7.174629 | N50: 367.5 | O50: 200 | P50: =N50/O50 -> 1.8375
A51: SB26UCUC54-H85-13 | B51: Sauvignon Blanc | C51: Colchagua | D51: UCUQUER | E51: 54 | F51: 85 | G51: 13 | H51: 46126 | I51: 3.48 | J51: 27.6 | K51: 5.93 | L51: =K51*0.49 -> 2.9057 | M51: =L51*1.53 -> 4.445721 | N51: 397.9 | O51: 200 | P51: =N51/O51 -> 1.9895 | Q51: *muestras congeladas
A52: SB26UCUC54-H85-14 | B52: Sauvignon Blanc | C52: Colchagua | D52: UCUQUER | E52: 54 | F52: 85 | G52: 14 | H52: 46132 | I52: 3.21 | J52: 27.8 | K52: 9.17 | L52: =K52*0.49 -> 4.4933 | M52: =L52*1.53 -> 6.874749 | N52: 388 | O52: 200 | P52: =N52/O52 -> 1.94
A53: SB26YUNC4-H180-1 | B53: Sauvignon Blanc | C53: Curicó | D53: YUNGAY | E53: 4 | F53: 180 | G53: =_xlfn.TEXTAFTER(A53, "-", 2) -> 1 | H53: 46045 | I53: 2.89 | J53: 9.1 | K53: 34.04 | L53: =K53*0.49 -> 16.6796 | M53: =L53*1.53 -> 25.519788 | N53: 259.66 | O53: 200 | P53: =N53/O53 -> 1.2983
A54: SB26YUNC4-H180-2 | B54: Sauvignon Blanc | C54: Curicó | D54: YUNGAY | E54: 4 | F54: 180 | G54: =_xlfn.TEXTAFTER(A54, "-", 2) -> 2 | H54: 46051 | I54: 2.75 | J54: 11.2 | K54: 16.98 | L54: =K54*0.49 -> 8.3202 | M54: =L54*1.53 -> 12.729906 | N54: 288.58 | O54: 200 | P54: =N54/O54 -> 1.4429
A55: SB26YUNC4-H180-3 | B55: Sauvignon Blanc | C55: Curicó | D55: YUNGAY | E55: 4 | F55: 180 | G55: =_xlfn.TEXTAFTER(A55, "-", 2) -> 3 | H55: 46058 | I55: 2.86 | J55: 13.5 | K55: 25 | L55: =K55*0.49 -> 12.25 | M55: =L55*1.53 -> 18.7425 | N55: 352.7 | O55: 200 | P55: =N55/O55 -> 1.7635
A56: SB26YUNC4-H180-4 | B56: Sauvignon Blanc | C56: Curicó | D56: YUNGAY | E56: 4 | F56: 180 | G56: =_xlfn.TEXTAFTER(A56, "-", 2) -> 4 | H56: 46065 | I56: 2.92 | J56: 15.4 | K56: 19.86 | L56: =K56*0.49 -> 9.7314 | M56: =L56*1.53 -> 14.889042 | N56: 367.2 | O56: 200 | P56: =N56/O56 -> 1.836
A57: SB26YUNC4-H180-5 | B57: Sauvignon Blanc | C57: Curicó | D57: YUNGAY | E57: 4 | F57: 180 | G57: =_xlfn.TEXTAFTER(A57, "-", 2) -> 5 | H57: 46072 | I57: 3.14 | J57: 17.6 | K57: 14.82 | L57: =K57*0.49 -> 7.2618 | M57: =L57*1.53 -> 11.110554 | N57: 381 | O57: 200 | P57: =N57/O57 -> 1.905
A58: SB26YUNC4-H180-6 | B58: Sauvignon Blanc | C58: Curicó | D58: YUNGAY | E58: 4 | F58: 180 | G58: =_xlfn.TEXTAFTER(A58, "-", 2) -> 6 | H58: 46079 | I58: 3.06 | J58: 19.1 | K58: 13.1 | L58: =K58*0.49 -> 6.419 | M58: =L58*1.53 -> 9.82107 | N58: 394.9 | O58: 200 | P58: =N58/O58 -> 1.9745
A59: SB26YUNC4-H180-7 | B59: Sauvignon Blanc | C59: Curicó | D59: YUNGAY | E59: 4 | F59: 180 | G59: =_xlfn.TEXTAFTER(A59, "-", 2) -> 7 | H59: 46086 | I59: 3.01 | J59: 19.3 | K59: 13.03 | L59: =K59*0.49 -> 6.3847 | M59: =L59*1.53 -> 9.768591 | N59: 408.6 | O59: 200 | P59: =N59/O59 -> 2.043
A60: SB26YUNC4-H180-8 | B60: Sauvignon Blanc | C60: Curicó | D60: YUNGAY | E60: 4 | F60: 180 | G60: =_xlfn.TEXTAFTER(A60, "-", 2) -> 8 | H60: 46094 | I60: 3.28 | J60: 21.1 | K60: 7.34 | L60: =K60*0.49 -> 3.5966 | M60: =L60*1.53 -> 5.502798 | N60: 400.4 | O60: 200 | P60: =N60/O60 -> 2.002 | Q60: *muestras congeladas
A61: SB26YUNC4-H180-9 | B61: Sauvignon Blanc | C61: Curicó | D61: YUNGAY | E61: 4 | F61: 180 | G61: =_xlfn.TEXTAFTER(A61, "-", 2) -> 9 | H61: 46100 | I61: 3.09 | J61: 20.8 | K61: 10.64 | L61: =K61*0.49 -> 5.2136 | M61: =L61*1.53 -> 7.976808 | N61: 390 | O61: 200 | P61: =N61/O61 -> 1.95
A62: SB26YUNC4-H180-10 | B62: Sauvignon Blanc | C62: Curicó | D62: YUNGAY | E62: 4 | F62: 180 | G62: =_xlfn.TEXTAFTER(A62, "-", 2) -> 10 | H62: - | I62: 2.86 | J62: 18.7 | K62: 11.44 | L62: =K62*0.49 -> 5.6056 | M62: =L62*1.53 -> 8.576568 | N62: 370.9 | O62: 200 | P62: =N62/O62 -> 1.8545
A63: SB26YUNC4-H180-11 | B63: Sauvignon Blanc | C63: Curicó | D63: YUNGAY | E63: 4 | F63: 180 | G63: =_xlfn.TEXTAFTER(A63, "-", 2) -> 11 | H63: 46114 | I63: 2.97 | J63: 21.7 | K63: 11.02 | L63: =K63*0.49 -> 5.3998 | M63: =L63*1.53 -> 8.261694 | N63: 391.2 | O63: 200 | P63: =N63/O63 -> 1.956
A64: SB26YUNC4-H180-12 | B64: Sauvignon Blanc | C64: Curicó | D64: YUNGAY | E64: 4 | F64: 180 | G64: 12 | H64: 46121 | I64: 2.97 | J64: 19.4 | K64: 10.69 | L64: =K64*0.49 -> 5.2381 | M64: =L64*1.53 -> 8.014293 | N64: 382.9 | O64: 200 | P64: =N64/O64 -> 1.9145
A65: SB26YUNC4-H180-13 | B65: Sauvignon Blanc | C65: Curicó | D65: YUNGAY | E65: 4 | F65: 180 | G65: 13 | H65: 46127 | I65: 3.07 | J65: 21.4 | K65: 10.52 | L65: =K65*0.49 -> 5.1548 | M65: =L65*1.53 -> 7.886844 | N65: 408.9 | O65: 200 | P65: =N65/O65 -> 2.0445
A66: SB26RAUC7-H9-1 | B66: Sauvignon Blanc | C66: Curicó | D66: RAUCO | E66: 7 | F66: 9 | G66: =_xlfn.TEXTAFTER(A66, "-", 2) -> 1 | H66: 46044 | I66: 2.76 | J66: 13.6 | K66: 25.05 | L66: =K66*0.49 -> 12.2745 | M66: =L66*1.53 -> 18.779985 | N66: 185.93 | O66: 200 | P66: =N66/O66 -> 0.92965
A67: SB26RAUC7-H9-2 | B67: Sauvignon Blanc | C67: Curicó | D67: RAUCO | E67: 7 | F67: 9 | G67: =_xlfn.TEXTAFTER(A67, "-", 2) -> 2 | H67: 46050 | I67: 3 | J67: 16.3 | K67: 12.4 | L67: =K67*0.49 -> 6.076 | M67: =L67*1.53 -> 9.29628 | N67: 215.59 | O67: 200 | P67: =N67/O67 -> 1.07795
A68: SB26RAUC7-H9-3 | B68: Sauvignon Blanc | C68: Curicó | D68: RAUCO | E68: 7 | F68: 9 | G68: =_xlfn.TEXTAFTER(A68, "-", 2) -> 3 | H68: 46057 | I68: 3.07 | J68: 17.5 | K68: 10.48 | L68: =K68*0.49 -> 5.1352 | M68: =L68*1.53 -> 7.856856 | N68: 275.6 | O68: 200 | P68: =N68/O68 -> 1.378
A69: SB26RAUC7-H9-4 | B69: Sauvignon Blanc | C69: Curicó | D69: RAUCO | E69: 7 | F69: 9 | G69: =_xlfn.TEXTAFTER(A69, "-", 2) -> 4 | H69: 46064 | I69: 3.2 | J69: 19.4 | K69: 9.24 | L69: =K69*0.49 -> 4.5276 | M69: =L69*1.53 -> 6.927228 | N69: 285.3 | O69: 200 | P69: =N69/O69 -> 1.4265
A70: SB26RAUC7-H9-5 | B70: Sauvignon Blanc | C70: Curicó | D70: RAUCO | E70: 7 | F70: 9 | G70: =_xlfn.TEXTAFTER(A70, "-", 2) -> 5 | H70: 46071 | I70: 3.28 | J70: 21.1 | K70: 7.22 | L70: =K70*0.49 -> 3.5378 | M70: =L70*1.53 -> 5.412834 | N70: 288.5 | O70: 200 | P70: =N70/O70 -> 1.4425
A71: SB26RAUC7-H9-6 | B71: Sauvignon Blanc | C71: Curicó | D71: RAUCO | E71: 7 | F71: 9 | G71: =_xlfn.TEXTAFTER(A71, "-", 2) -> 6 | H71: 46078 | I71: 3.33 | J71: 23.4 | K71: 6.3 | L71: =K71*0.49 -> 3.087 | M71: =L71*1.53 -> 4.72311 | N71: 261.1 | O71: 200 | P71: =N71/O71 -> 1.3055
A72: SB26RAUC7-H9-7 | B72: Sauvignon Blanc | C72: Curicó | D72: RAUCO | E72: 7 | F72: 9 | G72: =_xlfn.TEXTAFTER(A72, "-", 2) -> 7 | H72: 46085 | I72: 3.41 | J72: 24.3 | K72: 6.28 | L72: =K72*0.49 -> 3.0772 | M72: =L72*1.53 -> 4.708116 | N72: 265.7 | O72: 200 | P72: =N72/O72 -> 1.3285
A73: SB26RAUC7-H9-8 | B73: Sauvignon Blanc | C73: Curicó | D73: RAUCO | E73: 7 | F73: 9 | G73: =_xlfn.TEXTAFTER(A73, "-", 2) -> 8 | H73: 46092 | I73: 3.3 | J73: 24.9 | K73: 6.12 | L73: =K73*0.49 -> 2.9988 | M73: =L73*1.53 -> 4.588164 | N73: 246.3 | O73: 200 | P73: =N73/O73 -> 1.2315
A74: SB26RAUC7-H9-9 | B74: Sauvignon Blanc | C74: Curicó | D74: RAUCO | E74: 7 | F74: 9 | G74: =_xlfn.TEXTAFTER(A74, "-", 2) -> 9 | H74: 46099 | I74: 3.45 | J74: 25.8 | K74: 4.8 | L74: =K74*0.49 -> 2.352 | M74: =L74*1.53 -> 3.59856 | N74: 215.6 | O74: 200 | P74: =N74/O74 -> 1.078
A75: SB26RAUC7-H9-10 | B75: Sauvignon Blanc | C75: Curicó | D75: RAUCO | E75: 7 | F75: 9 | G75: =_xlfn.TEXTAFTER(A75, "-", 2) -> 10 | H75: 46105 | I75: 3.57 | J75: 25.4 | K75: 4.26 | L75: =K75*0.49 -> 2.0874 | M75: =L75*1.53 -> 3.193722 | N75: 305.8 | O75: 200 | P75: =N75/O75 -> 1.529
A76: SB26RAUC7-H9-11 | B76: Sauvignon Blanc | C76: Curicó | D76: RAUCO | E76: 7 | F76: 9 | G76: =_xlfn.TEXTAFTER(A76, "-", 2) -> 11 | H76: 46113 | I76: 3.32 | J76: 26 | K76: 5.39 | L76: =K76*0.49 -> 2.6411 | M76: =L76*1.53 -> 4.040883 | N76: 235.6 | O76: 200 | P76: =N76/O76 -> 1.178
A77: SB26RAUC7-H9-12 | B77: Sauvignon Blanc | C77: Curicó | D77: RAUCO | E77: 7 | F77: 9 | G77: 12 | H77: 46120 | I77: 3.46 | J77: 25.8 | K77: 5.66 | L77: =K77*0.49 -> 2.7734 | M77: =L77*1.53 -> 4.243302 | N77: 248 | O77: 200 | P77: =N77/O77 -> 1.24
A78: SB26ISAC27-SH-1 | B78: Sauvignon Blanc | C78: Maipo | D78: SANTA ISABEL | E78: 27 | F78: SH | G78: =_xlfn.TEXTAFTER(A78, "-", 2) -> 1 | H78: 46042 | I78: 2.67 | J78: 12.7 | K78: 34.96 | L78: =K78*0.49 -> 17.1304 | M78: =L78*1.53 -> 26.209512 | N78: 253.44 | O78: 200 | P78: =N78/O78 -> 1.2672
A79: SB26ISAC27-SH-2 | B79: Sauvignon Blanc | C79: Maipo | D79: SANTA ISABEL | E79: 27 | F79: SH | G79: =_xlfn.TEXTAFTER(A79, "-", 2) -> 2 | H79: 46048 | I79: 2.88 | J79: 16.5 | K79: 24.1 | L79: =K79*0.49 -> 11.809 | M79: =L79*1.53 -> 18.06777 | N79: 300.13 | O79: 200 | P79: =N79/O79 -> 1.50065
A80: SB26ISAC27-SH-3 | B80: Sauvignon Blanc | C80: Maipo | D80: SANTA ISABEL | E80: 27 | F80: SH | G80: =_xlfn.TEXTAFTER(A80, "-", 2) -> 3 | H80: 46055 | I80: 3.01 | J80: 18.4 | K80: 20.14 | L80: =K80*0.49 -> 9.8686 | M80: =L80*1.53 -> 15.098958 | N80: 310.21 | O80: 200 | P80: =N80/O80 -> 1.55105
A81: SB26ISAC27-SH-4 | B81: Sauvignon Blanc | C81: Maipo | D81: SANTA ISABEL | E81: 27 | F81: SH | G81: =_xlfn.TEXTAFTER(A81, "-", 2) -> 4 | H81: 46062 | I81: 3.12 | J81: 19.9 | K81: 14.84 | L81: =K81*0.49 -> 7.2716 | M81: =L81*1.53 -> 11.125548 | N81: 343.7 | O81: 200 | P81: =N81/O81 -> 1.7185
A82: SB26ISAC27-SH-5 | B82: Sauvignon Blanc | C82: Maipo | D82: SANTA ISABEL | E82: 27 | F82: SH | G82: =_xlfn.TEXTAFTER(A82, "-", 2) -> 5 | H82: 46069 | I82: 3.2 | J82: 23.7 | K82: 12.5 | L82: =K82*0.49 -> 6.125 | M82: =L82*1.53 -> 9.37125 | N82: 353.6 | O82: 200 | P82: =N82/O82 -> 1.768
A83: SB26ISAC27-SH-6 | B83: Sauvignon Blanc | C83: Maipo | D83: SANTA ISABEL | E83: 27 | F83: SH | G83: =_xlfn.TEXTAFTER(A83, "-", 2) -> 6 | H83: 46076 | I83: 3.32 | J83: 25.1 | K83: 10.76 | L83: =K83*0.49 -> 5.2724 | M83: =L83*1.53 -> 8.066772 | N83: 351.5 | O83: 200 | P83: =N83/O83 -> 1.7575
A84: SB26ISAC27-SH-7 | B84: Sauvignon Blanc | C84: Maipo | D84: SANTA ISABEL | E84: 27 | F84: SH | G84: =_xlfn.TEXTAFTER(A84, "-", 2) -> 7 | H84: 46083 | I84: 3.37 | J84: 26.3 | K84: 10.13 | L84: =K84*0.49 -> 4.9637 | M84: =L84*1.53 -> 7.594461 | N84: 353.6 | O84: 200 | P84: =N84/O84 -> 1.768
A85: SB26ISAC27-SH-8 | B85: Sauvignon Blanc | C85: Maipo | D85: SANTA ISABEL | E85: 27 | F85: SH | G85: =_xlfn.TEXTAFTER(A85, "-", 2) -> 8 | H85: 46090 | I85: 3.38 | J85: 27.9 | K85: 9.83 | L85: =K85*0.49 -> 4.8167 | M85: =L85*1.53 -> 7.369551 | N85: 331.4 | O85: 200 | P85: =N85/O85 -> 1.657
A86: SB26ISAC27-SH-9 | B86: Sauvignon Blanc | C86: Maipo | D86: SANTA ISABEL | E86: 27 | F86: SH | G86: =_xlfn.TEXTAFTER(A86, "-", 2) -> 9 | H86: 46097 | I86: 3.46 | J86: 28.7 | K86: 9.49 | L86: =K86*0.49 -> 4.6501 | M86: =L86*1.53 -> 7.114653 | N86: 343.5 | O86: 200 | P86: =N86/O86 -> 1.7175
A87: SB26ISAC27-SH-10 | B87: Sauvignon Blanc | C87: Maipo | D87: SANTA ISABEL | E87: 27 | F87: SH | G87: =_xlfn.TEXTAFTER(A87, "-", 2) -> 10 | H87: 46104 | I87: 3.51 | J87: 28.7 | K87: 9.04 | L87: =K87*0.49 -> 4.4296 | M87: =L87*1.53 -> 6.777288 | N87: 329.5 | O87: 200 | P87: =N87/O87 -> 1.6475
A88: SB26ISAC27-SH-11 | B88: Sauvignon Blanc | C88: Maipo | D88: SANTA ISABEL | E88: 27 | F88: SH | G88: =_xlfn.TEXTAFTER(A88, "-", 2) -> 11 | H88: 46111 | I88: 3.6 | J88: 29.6 | K88: 8.06 | L88: =K88*0.49 -> 3.9494 | M88: =L88*1.53 -> 6.042582 | N88: 324.4 | O88: 200 | P88: =N88/O88 -> 1.622
A89: SB26ISAC27-SH-12 | B89: Sauvignon Blanc | C89: Maipo | D89: SANTA ISABEL | E89: 27 | F89: SH | G89: =_xlfn.TEXTAFTER(A89, "-", 2) -> 12 | H89: 46118 | I89: 3.6 | J89: 30.5 | K89: 7.66 | L89: =K89*0.49 -> 3.7534 | M89: =L89*1.53 -> 5.742702 | N89: 317.1 | O89: 200 | P89: =N89/O89 -> 1.5855
A90: SB26ISAC27-SH-13 | B90: Sauvignon Blanc | C90: Maipo | D90: SANTA ISABEL | E90: 27 | F90: SH | G90: 13 | H90: 46125 | I90: 3.76 | J90: 31.6 | K90: 7.35 | L90: =K90*0.49 -> 3.6015 | M90: =L90*1.53 -> 5.510295 | N90: 298.4 | O90: 200 | P90: =N90/O90 -> 1.492
A91: SB26ISAC27-SH-14 | B91: Sauvignon Blanc | C91: Maipo | D91: SANTA ISABEL | E91: 27 | F91: SH | G91: 14 | H91: 46133 | I91: 4.13 | J91: 30.8 | K91: 4.7 | L91: =K91*0.49 -> 2.303 | M91: =L91*1.53 -> 3.52359 | N91: 331.3 | O91: 200 | P91: =N91/O91 -> 1.6565 | Q91: *muestras congeladas
A92: CH26LOUC79-H156-1 | B92: Chardonnay | C92: Maule | D92: LOURDES | E92: 79 | F92: 156 | G92: =_xlfn.TEXTAFTER(A92, "-", 2) -> 1 | H92: 46042 | I92: 2.78 | J92: 12.7 | K92: 28.88 | L92: =K92*0.49 -> 14.1512 | M92: =L92*1.53 -> 21.651336 | N92: 188.2 | O92: 200 | P92: =N92/O92 -> 0.941
A93: CH26LOUC79-H156-2 | B93: Chardonnay | C93: Maule | D93: LOURDES | E93: 79 | F93: 156 | G93: =_xlfn.TEXTAFTER(A93, "-", 2) -> 2 | H93: 46049 | I93: 2.9 | J93: 14.7 | K93: 23.92 | L93: =K93*0.49 -> 11.7208 | M93: =L93*1.53 -> 17.932824 | N93: 246.17 | O93: 200 | P93: =N93/O93 -> 1.23085
A94: CH26LOUC79-H156-3 | B94: Chardonnay | C94: Maule | D94: LOURDES | E94: 79 | F94: 156 | G94: =_xlfn.TEXTAFTER(A94, "-", 2) -> 3 | H94: 46056 | I94: 3.12 | J94: 17.9 | K94: 15.36 | L94: =K94*0.49 -> 7.5264 | M94: =L94*1.53 -> 11.515392 | N94: 256.21 | O94: 200 | P94: =N94/O94 -> 1.28105
A95: CH26LOUC79-H156-4 | B95: Chardonnay | C95: Maule | D95: LOURDES | E95: 79 | F95: 156 | G95: =_xlfn.TEXTAFTER(A95, "-", 2) -> 4 | H95: 46062 | I95: 3.1 | J95: 18.8 | K95: 14.98 | L95: =K95*0.49 -> 7.3402 | M95: =L95*1.53 -> 11.230506 | N95: 267.8 | O95: 200 | P95: =N95/O95 -> 1.339
A96: CH26LOUC79-H156-5 | B96: Chardonnay | C96: Maule | D96: LOURDES | E96: 79 | F96: 156 | G96: =_xlfn.TEXTAFTER(A96, "-", 2) -> 5 | H96: 46069 | I96: 3.1 | J96: 20.4 | K96: 13.56 | L96: =K96*0.49 -> 6.6444 | M96: =L96*1.53 -> 10.165932 | N96: 285.1 | O96: 200 | P96: =N96/O96 -> 1.4255
A97: CH26LOUC79-H156-6 | B97: Chardonnay | C97: Maule | D97: LOURDES | E97: 79 | F97: 156 | G97: =_xlfn.TEXTAFTER(A97, "-", 2) -> 6 | H97: 46076 | I97: 3.26 | J97: 22.2 | K97: 10.5 | L97: =K97*0.49 -> 5.145 | M97: =L97*1.53 -> 7.87185 | N97: 269.3 | O97: 200 | P97: =N97/O97 -> 1.3465
A98: CH26LOUC79-H156-7 | B98: Chardonnay | C98: Maule | D98: LOURDES | E98: 79 | F98: 156 | G98: =_xlfn.TEXTAFTER(A98, "-", 2) -> 7 | H98: 46084 | I98: 3.26 | J98: 22.9 | K98: 10.45 | L98: =K98*0.49 -> 5.1205 | M98: =L98*1.53 -> 7.834365 | N98: 285.6 | O98: 200 | P98: =N98/O98 -> 1.428
A99: CH26LOUC79-H156-8 | B99: Chardonnay | C99: Maule | D99: LOURDES | E99: 79 | F99: 156 | G99: =_xlfn.TEXTAFTER(A99, "-", 2) -> 8 | H99: 46090 | I99: 3.31 | J99: 24.9 | K99: 9.48 | L99: =K99*0.49 -> 4.6452 | M99: =L99*1.53 -> 7.107156 | N99: 242.6 | O99: 200 | P99: =N99/O99 -> 1.213
A100: CH26LOUC79-H156-9 | B100: Chardonnay | C100: Maule | D100: LOURDES | E100: 79 | F100: 156 | G100: =_xlfn.TEXTAFTER(A100, "-", 2) -> 9 | H100: 46097 | I100: 3.36 | J100: 24.7 | K100: 9.35 | L100: =K100*0.49 -> 4.5815 | M100: =L100*1.53 -> 7.009695 | N100: 237.1 | O100: 200 | P100: =N100/O100 -> 1.1855
...

Sheet CH-Idahue
A2: 2025
A3: Id. original muestra | B3: Variedad | C3: Valles | D3: Fundo | E3: Cuartel | F3: Hilera | G3: N°muestra | H3: Fecha | I3: pH | J3: Brix | K3: Acidez Sulfúrica | L3: Acidez Tartárica | M3: Peso baya
A4: CH25IDAC1-H135-1 | B4: Chardonnay | C4: Colchagua | D4: IDAHUE | E4: 1 | F4: 135 | G4: =_xlfn.TEXTAFTER(A4, "-", 2) -> 1 | H4: 45678 | I4: 2.8 | J4: 10.1 | K4: 22.1284 | L4: 33.8565 | M4: 1.07
A5: CH25IDAC1-H135-2 | B5: Chardonnay | C5: Colchagua | D5: IDAHUE | E5: 1 | F5: 135 | G5: =_xlfn.TEXTAFTER(A5, "-", 2) -> 2 | H5: 45684 | I5: 2.74 | J5: 11.7 | K5: 14.7392 | L5: 22.551 | M5: 1.24
A6: CH25IDAC1-H135-3 | B6: Chardonnay | C6: Colchagua | D6: IDAHUE | E6: 1 | F6: 135 | G6: =_xlfn.TEXTAFTER(A6, "-", 2) -> 3 | H6: 45691 | I6: 2.86 | J6: 15.1 | K6: 10.584 | L6: 16.1935 | M6: 1.4
A7: CH25IDAC1-H135-4 | B7: Chardonnay | C7: Colchagua | D7: IDAHUE | E7: 1 | F7: 135 | G7: =_xlfn.TEXTAFTER(A7, "-", 2) -> 4 | H7: 45698 | I7: 2.99 | J7: 17.3 | K7: 8.5358 | L7: 13.0598 | M7: 1.51
A8: CH25IDAC1-H135-5 | B8: Chardonnay | C8: Colchagua | D8: IDAHUE | E8: 1 | F8: 135 | G8: =_xlfn.TEXTAFTER(A8, "-", 2) -> 5 | H8: 45705 | I8: 3.08 | J8: 19.4 | K8: 7.1638 | L8: 10.9606 | M8: 1.45
A9: CH25IDAC1-H135-6 | B9: Chardonnay | C9: Colchagua | D9: IDAHUE | E9: 1 | F9: 135 | G9: =_xlfn.TEXTAFTER(A9, "-", 2) -> 6 | H9: 45712 | I9: 3.2 | J9: 21 | K9: 6.1936 | L9: 8.4762 | M9: 1.5
A10: CH25IDAC1-H135-7 | B10: Chardonnay | C10: Colchagua | D10: IDAHUE | E10: 1 | F10: 135 | G10: =_xlfn.TEXTAFTER(A10, "-", 2) -> 7 | H10: 45719 | I10: 3.34 | J10: 22.5 | K10: 5.8702 | L10: 8.9814 | M10: 1.6
A11: CH25IDAC1-H135-8 | B11: Chardonnay | C11: Colchagua | D11: IDAHUE | E11: 1 | F11: 135 | G11: =_xlfn.TEXTAFTER(A11, "-", 2) -> 8 | H11: 45726 | I11: 3.31 | J11: 21.6 | K11: 4.9882 | L11: 7.6319 | M11: 1.39
A12: CH25IDAC1-H135-9 | B12: Chardonnay | C12: Colchagua | D12: IDAHUE | E12: 1 | F12: 135 | G12: =_xlfn.TEXTAFTER(A12, "-", 2) -> 9 | H12: 45733 | I12: 3.54 | J12: 26.1 | K12: 4.5815 | L12: 7.0097 | M12: 1.28
A14: 2026
A15: Id. original muestra | B15: Variedad | C15: Valles | D15: Fundo | E15: Cuartel | F15: Hilera | G15: N° muestra | H15: Fecha | I15: pH | J15: Brix | K15: Acidez Sulfúrica | L15: Acidez Tartárica | M15: Peso baya
A16: ='Tabla general'!A2 -> CH26IDAC1-H135-1 | B16: ='Tabla general'!B2 -> Chardonnay | C16: ='Tabla general'!C2 -> Colchagua | D16: ='Tabla general'!D2 -> IDAHUE | E16: ='Tabla general'!E2 -> 1 | F16: ='Tabla general'!F2 -> 135 | G16: ='Tabla general'!G2 -> 1 | H16: ='Tabla general'!H2 -> 46035 | ... J16: ='Tabla general'!J2 -> 9.7 | K16: ='Tabla general'!K2*0.49 -> 18.2966 | L16: ='Tabla general'!L2*1.53 -> 27.993798 | M16: ='Tabla general'!N2/'Tabla general'!O2 -> 0.96225
A17: ='Tabla general'!A3 -> CH26IDAC1-H135-2 | B17: ='Tabla general'!B3 -> Chardonnay | C17: ='Tabla general'!C3 -> Colchagua | D17: ='Tabla general'!D3 -> IDAHUE | E17: ='Tabla general'!E3 -> 1 | F17: ='Tabla general'!F3 -> 135 | G17: ='Tabla general'!G3 -> 2 | H17: ='Tabla general'!H3 -> 46044 | ... J17: ='Tabla general'!J3 -> 12.6 | K17: ='Tabla general'!K3*0.49 -> 6.7767 | L17: ='Tabla general'!L3*1.53 -> 10.368351 | M17: ='Tabla general'!N3/'Tabla general'!O3 -> 0.9448
A18: ='Tabla general'!A4 -> CH26IDAC1-H135-3 | B18: ='Tabla general'!B4 -> Chardonnay | C18: ='Tabla general'!C4 -> Colchagua | D18: ='Tabla general'!D4 -> IDAHUE | E18: ='Tabla general'!E4 -> 1 | F18: ='Tabla general'!F4 -> 135 | G18: ='Tabla general'!G4 -> 3 | H18: ='Tabla general'!H4 -> 46050 | ... J18: ='Tabla general'!J4 -> 14.6 | K18: ='Tabla general'!K4*0.49 -> 9.3296 | L18: ='Tabla general'!L4*1.53 -> 14.274288 | M18: ='Tabla general'!N4/'Tabla general'!O4 -> 1.0426
A19: ='Tabla general'!A5 -> CH26IDAC1-H135-4 | B19: ='Tabla general'!B5 -> Chardonnay | C19: ='Tabla general'!C5 -> Colchagua | D19: ='Tabla general'!D5 -> IDAHUE | E19: ='Tabla general'!E5 -> 1 | F19: ='Tabla general'!F5 -> 135 | G19: ='Tabla general'!G5 -> 4 | H19: ='Tabla general'!H5 -> 46057 | ... J19: ='Tabla general'!J5 -> 16 | K19: ='Tabla general'!K5*0.49 -> 7.9282 | L19: ='Tabla general'!L5*1.53 -> 12.130146 | M19: ='Tabla general'!N5/'Tabla general'!O5 -> 1.126
A20: ='Tabla general'!A6 -> CH26IDAC1-H135-5 | B20: ='Tabla general'!B6 -> Chardonnay | C20: ='Tabla general'!C6 -> Colchagua | D20: ='Tabla general'!D6 -> IDAHUE | E20: ='Tabla general'!E6 -> 1 | F20: ='Tabla general'!F6 -> 135 | G20: ='Tabla general'!G6 -> 5 | H20: ='Tabla general'!H6 -> 46064 | ... J20: ='Tabla general'!J6 -> 18 | K20: ='Tabla general'!K6*0.49 -> 6.8796 | L20: ='Tabla general'!L6*1.53 -> 10.525788 | M20: ='Tabla general'!N6/'Tabla general'!O6 -> 1.212
A21: ='Tabla general'!A7 -> CH26IDAC1-H135-6 | B21: ='Tabla general'!B7 -> Chardonnay | C21: ='Tabla general'!C7 -> Colchagua | D21: ='Tabla general'!D7 -> IDAHUE | E21: ='Tabla general'!E7 -> 1 | F21: ='Tabla general'!F7 -> 135 | G21: ='Tabla general'!G7 -> 6 | H21: ='Tabla general'!H7 -> 46071 | ... J21: ='Tabla general'!J7 -> 19.5 | K21: ='Tabla general'!K7*0.49 -> 6.272 | L21: ='Tabla general'!L7*1.53 -> 9.59616 | M21: ='Tabla general'!N7/'Tabla general'!O7 -> 1.15
A22: ='Tabla general'!A8 -> CH26IDAC1-H135-7 | B22: ='Tabla general'!B8 -> Chardonnay | C22: ='Tabla general'!C8 -> Colchagua | D22: ='Tabla general'!D8 -> IDAHUE | E22: ='Tabla general'!E8 -> 1 | F22: ='Tabla general'!F8 -> 135 | G22: ='Tabla general'!G8 -> 7 | H22: ='Tabla general'!H8 -> 46078 | ... J22: ='Tabla general'!J8 -> 21.3 | K22: ='Tabla general'!K8*0.49 -> 5.0568 | L22: ='Tabla general'!L8*1.53 -> 7.736904 | M22: ='Tabla general'!N8/'Tabla general'!O8 -> 1.186
A23: ='Tabla general'!A9 -> CH26IDAC1-H135-8 | B23: ='Tabla general'!B9 -> Chardonnay | C23: ='Tabla general'!C9 -> Colchagua | D23: ='Tabla general'!D9 -> IDAHUE | E23: ='Tabla general'!E9 -> 1 | F23: ='Tabla general'!F9 -> 135 | G23: ='Tabla general'!G9 -> 8 | H23: ='Tabla general'!H9 -> 46085 | ... J23: ='Tabla general'!J9 -> 21.7 | K23: ='Tabla general'!K9*0.49 -> 5.0127 | L23: ='Tabla general'!L9*1.53 -> 7.669431 | M23: ='Tabla general'!N9/'Tabla general'!O9 -> 1.1625
A24: ='Tabla general'!A10 -> CH26IDAC1-H135-9 | B24: ='Tabla general'!B10 -> Chardonnay | C24: ='Tabla general'!C10 -> Colchagua | D24: ='Tabla general'!D10 -> IDAHUE | E24: ='Tabla general'!E10 -> 1 | F24: ='Tabla general'!F10 -> 135 | G24: ='Tabla general'!G10 -> 9 | H24: ='Tabla general'!H10 -> 46092 | ... J24: ='Tabla general'!J10 -> 22.8 | K24: ='Tabla general'!K10*0.49 -> 4.6648 | L24: ='Tabla general'!L10*1.53 -> 7.137144 | M24: ='Tabla general'!N10/'Tabla general'!O10 -> 1.0585
A25: ='Tabla general'!A11 -> CH26IDAC1-H135-10 | B25: ='Tabla general'!B11 -> Chardonnay | C25: ='Tabla general'!C11 -> Colchagua | D25: ='Tabla general'!D11 -> IDAHUE | E25: ='Tabla general'!E11 -> 1 | F25: ='Tabla general'!F11 -> 135 | G25: ='Tabla general'!G11 -> 10 | H25: ='Tabla general'!H11 -> 46099 | ... J25: ='Tabla general'!J11 -> 22.7 | K25: ='Tabla general'!K11*0.49 -> 4.508 | L25: ='Tabla general'!L11*1.53 -> 6.89724 | M25: ='Tabla general'!N11/'Tabla general'!O11 -> 1.156
A26: ='Tabla general'!A12 -> CH26IDAC1-H135-11 | B26: ='Tabla general'!B12 -> Chardonnay | C26: ='Tabla general'!C12 -> Colchagua | D26: ='Tabla general'!D12 -> IDAHUE | E26: ='Tabla general'!E12 -> 1 | F26: ='Tabla general'!F12 -> 135 | G26: ='Tabla general'!G12 -> 11 | H26: ='Tabla general'!H12 -> 26-03-2026 | ... J26: ='Tabla general'!J12 -> 23.3 | K26: ='Tabla general'!K12*0.49 -> 4.3757 | L26: ='Tabla general'!L12*1.53 -> 6.694821 | M26: ='Tabla general'!N12/'Tabla general'!O12 -> 1.108

Sheet SB-Idahue
A2: 2025
A3: Id. original muestra | B3: Variedad | C3: Valles | D3: Fundo | E3: Cuartel | F3: Hilera | G3: N°muestra | H3: Fecha | I3: pH | J3: Brix | K3: Acidez Sulfúrica | L3: Acidez Tartárica | M3: Peso baya
A4: SB25IDAC9-H300-1 | B4: Sauvignon Blanc | C4: Colchagua | D4: IDAHUE | E4: 9 | F4: 300 | G4: =_xlfn.TEXTAFTER(A4, "-", 2) -> 1 | H4: 45678 | I4: 2.66 | J4: 12.6 | K4: 17.5616 | L4: 26.8692 | M4: 0.77
A5: SB25IDAC9-H300-2 | B5: Sauvignon Blanc | C5: Colchagua | D5: IDAHUE | E5: 9 | F5: 300 | G5: =_xlfn.TEXTAFTER(A5, "-", 2) -> 2 | H5: 45684 | I5: 2.62 | J5: 15.3 | K5: 10.78 | L5: 16.4934 | M5: 0.92
A6: SB25IDAC9-H300-3 | B6: Sauvignon Blanc | C6: Colchagua | D6: IDAHUE | E6: 9 | F6: 300 | G6: =_xlfn.TEXTAFTER(A6, "-", 2) -> 3 | H6: 45691 | I6: 2.7 | J6: 15.8 | K6: 8.1144 | L6: 12.415 | M6: 0.95
A7: SB25IDAC9-H300-4 | B7: Sauvignon Blanc | C7: Colchagua | D7: IDAHUE | E7: 9 | F7: 300 | G7: =_xlfn.TEXTAFTER(A7, "-", 2) -> 4 | H7: 45698 | I7: 2.87 | J7: 17 | K7: 5.6938 | L7: 8.7115 | M7: 1.19
A8: SB25IDAC9-H300-5 | B8: Sauvignon Blanc | C8: Colchagua | D8: IDAHUE | E8: 9 | F8: 300 | G8: =_xlfn.TEXTAFTER(A8, "-", 2) -> 5 | H8: 45705 | I8: 2.98 | J8: 19.5 | K8: 4.5178 | L8: 6.9122 | M8: 1.28
A9: SB25IDAC9-H300-6 | B9: Sauvignon Blanc | C9: Colchagua | D9: IDAHUE | E9: 9 | F9: 300 | G9: =_xlfn.TEXTAFTER(A9, "-", 2) -> 6 | H9: 45712 | I9: 3.06 | J9: 20.7 | K9: 4.655 | L9: 7.1222 | M9: 1.26
A10: SB25IDAC9-H300-7 | B10: Sauvignon Blanc | C10: Colchagua | D10: IDAHUE | E10: 9 | F10: 300 | G10: =_xlfn.TEXTAFTER(A10, "-", 2) -> 7 | H10: 45719 | I10: 3.14 | J10: 22.2 | K10: 3.7828 | L10: 5.7877 | M10: 1.21
A11: SB25IDAC9-H300-8 | B11: Sauvignon Blanc | C11: Colchagua | D11: IDAHUE | E11: 9 | F11: 300 | G11: =_xlfn.TEXTAFTER(A11, "-", 2) -> 8 | H11: 45726 | I11: 3.18 | J11: 22.4 | K11: 3.6554 | L11: 5.5928 | M11: 0.91
A12: SB25IDAC9-H300-9 | B12: Sauvignon Blanc | C12: Colchagua | D12: IDAHUE | E12: 9 | F12: 300 | G12: =_xlfn.TEXTAFTER(A12, "-", 2) -> 9 | H12: 45733 | I12: 3.38 | J12: 23.9 | K12: 3.2291 | L12: 4.9405 | M12: 1.03
A14: 2026
A15: Id. original muestra | B15: Variedad | C15: Valles | D15: Fundo | E15: Cuartel | F15: Hilera | G15: N° muestra | H15: Fecha | I15: pH | J15: Brix | K15: Acidez Sulfúrica | L15: Acidez Tartárica | M15: Peso baya
A16: ='Tabla general'!A14 -> SB26IDAC9-H300-1 | B16: ='Tabla general'!B14 -> Sauvignon Blanc | C16: ='Tabla general'!C14 -> Colchagua | D16: ='Tabla general'!D14 -> IDAHUE | E16: ='Tabla general'!E14 -> 9 | F16: ='Tabla general'!F14 -> 300 | G16: ='Tabla general'!G14 -> 1 | H16: ='Tabla general'!H14 -> 46044 | ... J16: ='Tabla general'!J14 -> 15.4 | K16: ='Tabla general'!K14*0.49 -> 5.6007 | L16: ='Tabla general'!L14*1.53 -> 8.569071 | M16: ='Tabla general'!N14/200 -> 0.7992
A17: ='Tabla general'!A15 -> SB26IDAC9-H300-2 | B17: ='Tabla general'!B15 -> Sauvignon Blanc | C17: ='Tabla general'!C15 -> Colchagua | D17: ='Tabla general'!D15 -> IDAHUE | E17: ='Tabla general'!E15 -> 9 | F17: ='Tabla general'!F15 -> 300 | G17: ='Tabla general'!G15 -> 2 | H17: ='Tabla general'!H15 -> 46050 | ... J17: ='Tabla general'!J15 -> 18.4 | K17: ='Tabla general'!K15*0.49 -> 7.5362 | L17: ='Tabla general'!L15*1.53 -> 11.530386 | M17: ='Tabla general'!N15/200 -> 0.9837
A18: ='Tabla general'!A16 -> SB26IDAC9-H300-3 | B18: ='Tabla general'!B16 -> Sauvignon Blanc | C18: ='Tabla general'!C16 -> Colchagua | D18: ='Tabla general'!D16 -> IDAHUE | E18: ='Tabla general'!E16 -> 9 | F18: ='Tabla general'!F16 -> 300 | G18: ='Tabla general'!G16 -> 3 | H18: ='Tabla general'!H16 -> 46057 | ... J18: ='Tabla general'!J16 -> 19.8 | K18: ='Tabla general'!K16*0.49 -> 5.1744 | L18: ='Tabla general'!L16*1.53 -> 7.916832 | M18: ='Tabla general'!N16/200 -> 1.1065
A19: ='Tabla general'!A17 -> SB26IDAC9-H300-4 | B19: ='Tabla general'!B17 -> Sauvignon Blanc | C19: ='Tabla general'!C17 -> Colchagua | D19: ='Tabla general'!D17 -> IDAHUE | E19: ='Tabla general'!E17 -> 9 | F19: ='Tabla general'!F17 -> 300 | G19: ='Tabla general'!G17 -> 4 | H19: ='Tabla general'!H17 -> 46064 | ... J19: ='Tabla general'!J17 -> 21.9 | K19: ='Tabla general'!K17*0.49 -> 4.312 | L19: ='Tabla general'!L17*1.53 -> 6.59736 | M19: ='Tabla general'!N17/200 -> 1.171
A20: ='Tabla general'!A18 -> SB26IDAC9-H300-5 | B20: ='Tabla general'!B18 -> Sauvignon Blanc | C20: ='Tabla general'!C18 -> Colchagua | D20: ='Tabla general'!D18 -> IDAHUE | E20: ='Tabla general'!E18 -> 9 | F20: ='Tabla general'!F18 -> 300 | G20: ='Tabla general'!G18 -> 5 | H20: ='Tabla general'!H18 -> 46071 | ... J20: ='Tabla general'!J18 -> 23.9 | K20: ='Tabla general'!K18*0.49 -> 4.3414 | L20: ='Tabla general'!L18*1.53 -> 6.642342 | M20: ='Tabla general'!N18/200 -> 1.146
A21: ='Tabla general'!A19 -> SB26IDAC9-H300-6 | B21: ='Tabla general'!B19 -> Sauvignon Blanc | C21: ='Tabla general'!C19 -> Colchagua | D21: ='Tabla general'!D19 -> IDAHUE | E21: ='Tabla general'!E19 -> 9 | F21: ='Tabla general'!F19 -> 300 | G21: ='Tabla general'!G19 -> 6 | H21: ='Tabla general'!H19 -> 46078 | ... J21: ='Tabla general'!J19 -> 24.8 | K21: ='Tabla general'!K19*0.49 -> 3.7534 | L21: ='Tabla general'!L19*1.53 -> 5.742702 | M21: ='Tabla general'!N19/200 -> 1.0045
A22: ='Tabla general'!A20 -> SB26IDAC9-H300-7 | B22: ='Tabla general'!B20 -> Sauvignon Blanc | C22: ='Tabla general'!C20 -> Colchagua | D22: ='Tabla general'!D20 -> IDAHUE | E22: ='Tabla general'!E20 -> 9 | F22: ='Tabla general'!F20 -> 300 | G22: ='Tabla general'!G20 -> 7 | H22: ='Tabla general'!H20 -> 46085 | ... J22: ='Tabla general'!J20 -> 25.2 | K22: ='Tabla general'!K20*0.49 -> 3.1605 | L22: ='Tabla general'!L20*1.53 -> 4.835565 | M22: ='Tabla general'!N20/200 -> 0.973
A23: ='Tabla general'!A21 -> SB26IDAC9-H300-8 | B23: ='Tabla general'!B21 -> Sauvignon Blanc | C23: ='Tabla general'!C21 -> Colchagua | D23: ='Tabla general'!D21 -> IDAHUE | E23: ='Tabla general'!E21 -> 9 | F23: ='Tabla general'!F21 -> 300 | G23: ='Tabla general'!G21 -> 8 | H23: ='Tabla general'!H21 -> 46092 | ... J23: ='Tabla general'!J21 -> 26 | K23: ='Tabla general'!K21*0.49 -> 3.1213 | L23: ='Tabla general'!L21*1.53 -> 4.775589 | M23: ='Tabla general'!N21/200 -> 0.9435
A24: ='Tabla general'!A22 -> SB26IDAC9-H300-9 | B24: ='Tabla general'!B22 -> Sauvignon Blanc | C24: ='Tabla general'!C22 -> Colchagua | D24: ='Tabla general'!D22 -> IDAHUE | E24: ='Tabla general'!E22 -> 9 | F24: ='Tabla general'!F22 -> 300 | G24: ='Tabla general'!G22 -> 9 | H24: ='Tabla general'!H22 -> 46099 | ... J24: ='Tabla general'!J22 -> 25.5 | K24: ='Tabla general'!K22*0.49 -> 3.1752 | L24: ='Tabla general'!L22*1.53 -> 4.858056 | M24: ='Tabla general'!N22/200 -> 1.0445
A25: ='Tabla general'!A23 -> SB26IDAC9-H300-10 | B25: ='Tabla general'!B23 -> Sauvignon Blanc | C25: ='Tabla general'!C23 -> Colchagua | D25: ='Tabla general'!D23 -> IDAHUE | E25: ='Tabla general'!E23 -> 9 | F25: ='Tabla general'!F23 -> 300 | G25: ='Tabla general'!G23 -> 10 | H25: ='Tabla general'!H23 -> 26-03-2026 | ... J25: ='Tabla general'!J23 -> 25.7 | K25: ='Tabla general'!K23*0.49 -> 3.2438 | L25: ='Tabla general'!L23*1.53 -> 4.963014 | M25: ='Tabla general'!N23/200 -> 0.9965

Sheet CH-Ucuquer
A2: 2025
A3: Id. original muestra | B3: Variedad | C3: Valles | D3: Fundo | E3: Cuartel | F3: Hilera | G3: N°muestra | H3: Fecha | I3: pH | J3: Brix | K3: Acidez Sulfúrica | L3: Acidez Tartárica | M3: Peso baya
A4: CH25UCUC92-H110-1 | B4: Chardonnay | C4: Colchagua | D4: UCUQUER | E4: 92 | F4: 110 | G4: =_xlfn.TEXTAFTER(A4, "-", 2) -> 1 | H4: 45678 | I4: 2.7 | J4: 10.1 | K4: 20.727 | L4: 31.7123 | M4: 1.13
A5: CH25UCUC92-H110-2 | B5: Chardonnay | C5: Colchagua | D5: UCUQUER | E5: 92 | F5: 110 | G5: =_xlfn.TEXTAFTER(A5, "-", 2) -> 2 | H5: 45685 | I5: 2.68 | J5: 14.4 | K5: 12.5538 | L5: 19.2073 | M5: 1.25
A6: CH25UCUC92-H110-3 | B6: Chardonnay | C6: Colchagua | D6: UCUQUER | E6: 92 | F6: 110 | G6: =_xlfn.TEXTAFTER(A6, "-", 2) -> 3 | H6: 45692 | I6: 2.78 | J6: 16.5 | K6: 9.9274 | L6: 15.1889 | M6: 1.43
A7: CH25UCUC92-H110-4 | B7: Chardonnay | C7: Colchagua | D7: UCUQUER | E7: 92 | F7: 110 | G7: =_xlfn.TEXTAFTER(A7, "-", 2) -> 4 | H7: 45699 | I7: 2.86 | J7: 17.4 | K7: 7.889 | L7: 12.0702 | M7: 1.61
A8: CH25UCUC92-H110-5 | B8: Chardonnay | C8: Colchagua | D8: UCUQUER | E8: 92 | F8: 110 | G8: =_xlfn.TEXTAFTER(A8, "-", 2) -> 5 | H8: 45706 | I8: 2.93 | J8: 19.4 | K8: 6.7718 | L8: 10.3609 | M8: 1.65
A9: CH25UCUC92-H110-6 | B9: Chardonnay | C9: Colchagua | D9: UCUQUER | E9: 92 | F9: 110 | G9: =_xlfn.TEXTAFTER(A9, "-", 2) -> 6 | H9: 45713 | I9: 3.07 | J9: 20.8 | K9: 6.2524 | L9: 9.5662 | M9: 1.61
A10: CH25UCUC92-H110-7 | B10: Chardonnay | C10: Colchagua | D10: UCUQUER | E10: 92 | F10: 110 | G10: =_xlfn.TEXTAFTER(A10, "-", 2) -> 7 | H10: 45720 | I10: 3.17 | J10: 21.8 | K10: 5.3704 | L10: 8.2167 | M10: 1.93
A11: CH25UCUC92-H110-8 | B11: Chardonnay | C11: Colchagua | D11: UCUQUER | E11: 92 | F11: 110 | G11: =_xlfn.TEXTAFTER(A11, "-", 2) -> 8 | H11: 45727 | I11: 3.24 | J11: 22.4 | K11: 5.3214 | L11: 8.1417 | M11: 1.91
A12: CH25UCUC92-H110-9 | B12: Chardonnay | C12: Colchagua | D12: UCUQUER | E12: 92 | F12: 110 | G12: =_xlfn.TEXTAFTER(A12, "-", 2) -> 9 | H12: 45733 | I12: 3.25 | J12: 23.3 | K12: 4.9931 | L12: 7.6394 | M12: 1.67
A14: 2026
A15: Id. original muestra | B15: Variedad | C15: Valles | D15: Fundo | E15: Cuartel | F15: Hilera | G15: N°muestra | H15: Fecha | I15: pH | J15: Brix | K15: Acidez Sulfúrica | L15: Acidez Tartárica | M15: Peso baya
A16: ='Tabla general'!A25 -> CH26UCUC92-H110-1 | B16: ='Tabla general'!B25 -> Chardonnay | C16: ='Tabla general'!C25 -> Colchagua | D16: ='Tabla general'!D25 -> UCUQUER | E16: ='Tabla general'!E25 -> 92 | F16: ='Tabla general'!F25 -> 110 | G16: ='Tabla general'!G25 -> 1 | H16: ='Tabla general'!H25 -> 46043 | ... J16: ='Tabla general'!J25 -> 14.3 | K16: ='Tabla general'!K25*0.49 -> 9.0552 | L16: ='Tabla general'!L25*1.53 -> 13.854456 | M16: ='Tabla general'!N25/200 -> 1.22405
A17: ='Tabla general'!A26 -> CH26UCUC92-H110-2 | B17: ='Tabla general'!B26 -> Chardonnay | C17: ='Tabla general'!C26 -> Colchagua | D17: ='Tabla general'!D26 -> UCUQUER | E17: ='Tabla general'!E26 -> 92 | F17: ='Tabla general'!F26 -> 110 | G17: ='Tabla general'!G26 -> 2 | H17: ='Tabla general'!H26 -> 46049 | ... J17: ='Tabla general'!J26 -> 15.6 | K17: ='Tabla general'!K26*0.49 -> 9.604 | L17: ='Tabla general'!L26*1.53 -> 14.69412 | M17: ='Tabla general'!N26/200 -> 1.3183
A18: ='Tabla general'!A27 -> CH26UCUC92-H110-3 | B18: ='Tabla general'!B27 -> Chardonnay | C18: ='Tabla general'!C27 -> Colchagua | D18: ='Tabla general'!D27 -> UCUQUER | E18: ='Tabla general'!E27 -> 92 | F18: ='Tabla general'!F27 -> 110 | G18: ='Tabla general'!G27 -> 3 | H18: ='Tabla general'!H27 -> 46056 | ... J18: ='Tabla general'!J27 -> 17.3 | K18: ='Tabla general'!K27*0.49 -> 7.1834 | L18: ='Tabla general'!L27*1.53 -> 10.990602 | M18: ='Tabla general'!N27/200 -> 1.342
A19: ='Tabla general'!A28 -> CH26UCUC92-H110-4 | B19: ='Tabla general'!B28 -> Chardonnay | C19: ='Tabla general'!C28 -> Colchagua | D19: ='Tabla general'!D28 -> UCUQUER | E19: ='Tabla general'!E28 -> 92 | F19: ='Tabla general'!F28 -> 110 | G19: ='Tabla general'!G28 -> 4 | H19: ='Tabla general'!H28 -> 46063 | ... J19: ='Tabla general'!J28 -> 19.8 | K19: ='Tabla general'!K28*0.49 -> 5.9388 | L19: ='Tabla general'!L28*1.53 -> 9.086364 | M19: ='Tabla general'!N28/200 -> 1.387
A20: ='Tabla general'!A29 -> CH26UCUC92-H110-5 | B20: ='Tabla general'!B29 -> Chardonnay | C20: ='Tabla general'!C29 -> Colchagua | D20: ='Tabla general'!D29 -> UCUQUER | E20: ='Tabla general'!E29 -> 92 | F20: ='Tabla general'!F29 -> 110 | G20: ='Tabla general'!G29 -> 5 | H20: ='Tabla general'!H29 -> 46070 | ... J20: ='Tabla general'!J29 -> 21.7 | K20: ='Tabla general'!K29*0.49 -> 5.537 | L20: ='Tabla general'!L29*1.53 -> 8.47161 | M20: ='Tabla general'!N29/200 -> 1.405
A21: ='Tabla general'!A30 -> CH26UCUC92-H110-6 | B21: ='Tabla general'!B30 -> Chardonnay | C21: ='Tabla general'!C30 -> Colchagua | D21: ='Tabla general'!D30 -> UCUQUER | E21: ='Tabla general'!E30 -> 92 | F21: ='Tabla general'!F30 -> 110 | G21: ='Tabla general'!G30 -> 6 | H21: ='Tabla general'!H30 -> 46077 | ... J21: ='Tabla general'!J30 -> 23.1 | K21: ='Tabla general'!K30*0.49 -> 4.9098 | L21: ='Tabla general'!L30*1.53 -> 7.511994 | M21: ='Tabla general'!N30/200 -> 1.394
A22: ='Tabla general'!A31 -> CH26UCUC92-H110-7 | B22: ='Tabla general'!B31 -> Chardonnay | C22: ='Tabla general'!C31 -> Colchagua | D22: ='Tabla general'!D31 -> UCUQUER | E22: ='Tabla general'!E31 -> 92 | F22: ='Tabla general'!F31 -> 110 | G22: ='Tabla general'!G31 -> 7 | H22: ='Tabla general'!H31 -> 46084 | ... J22: ='Tabla general'!J31 -> 23.4 | K22: ='Tabla general'!K31*0.49 -> 4.6795 | L22: ='Tabla general'!L31*1.53 -> 7.159635 | M22: ='Tabla general'!N31/200 -> 1.3885
A23: ='Tabla general'!A32 -> CH26UCUC92-H110-8 | B23: ='Tabla general'!B32 -> Chardonnay | C23: ='Tabla general'!C32 -> Colchagua | D23: ='Tabla general'!D32 -> UCUQUER | E23: ='Tabla general'!E32 -> 92 | F23: ='Tabla general'!F32 -> 110 | G23: ='Tabla general'!G32 -> 8 | H23: ='Tabla general'!H32 -> 46091 | ... J23: ='Tabla general'!J32 -> 25.1 | K23: ='Tabla general'!K32*0.49 -> 4.5227 | L23: ='Tabla general'!L32*1.53 -> 6.919731 | M23: ='Tabla general'!N32/200 -> 1.248
A24: ='Tabla general'!A33 -> CH26UCUC92-H110-9 | B24: ='Tabla general'!B33 -> Chardonnay | C24: ='Tabla general'!C33 -> Colchagua | D24: ='Tabla general'!D33 -> UCUQUER | E24: ='Tabla general'!E33 -> 92 | F24: ='Tabla general'!F33 -> 110 | G24: ='Tabla general'!G33 -> 9 | H24: ='Tabla general'!H33 -> 46098 | ... J24: ='Tabla general'!J33 -> 23.6 | K24: ='Tabla general'!K33*0.49 -> 4.2434 | L24: ='Tabla general'!L33*1.53 -> 6.492402 | M24: ='Tabla general'!N33/200 -> 1.242
A25: ='Tabla general'!A34 -> CH26UCUC92-H110-10 | B25: ='Tabla general'!B34 -> Chardonnay | C25: ='Tabla general'!C34 -> Colchagua | D25: ='Tabla general'!D34 -> UCUQUER | E25: ='Tabla general'!E34 -> 92 | F25: ='Tabla general'!F34 -> 110 | G25: ='Tabla general'!G34 -> 10 | H25: ='Tabla general'!H34 -> - | ... J25: ='Tabla general'!J34 -> 25.8 | K25: ='Tabla general'!K34*0.49 -> 4.0866 | L25: ='Tabla general'!L34*1.53 -> 6.252498 | M25: ='Tabla general'!N34/200 -> 1.2625
A26: ='Tabla general'!A35 -> CH26UCUC92-H110-11 | B26: ='Tabla general'!B35 -> Chardonnay | C26: ='Tabla general'!C35 -> Colchagua | D26: ='Tabla general'!D35 -> UCUQUER | E26: ='Tabla general'!E35 -> 92 | F26: ='Tabla general'!F35 -> 110 | G26: ='Tabla general'!G35 -> 11 | H26: ='Tabla general'!H35 -> 46112 | ... J26: ='Tabla general'!J35 -> 25.8 | K26: ='Tabla general'!K35*0.49 -> 3.6407 | L26: ='Tabla general'!L35*1.53 -> 5.570271 | M26: ='Tabla general'!N35/200 -> 1.3215
A27: ='Tabla general'!A36 -> CH26UCUC92-H110-12 | B27: ='Tabla general'!B36 -> Chardonnay | C27: ='Tabla general'!C36 -> Colchagua | D27: ='Tabla general'!D36 -> UCUQUER | E27: ='Tabla general'!E36 -> 92 | F27: ='Tabla general'!F36 -> 110 | G27: ='Tabla general'!G36 -> 12 | H27: ='Tabla general'!H36 -> 46119 | ... J27: ='Tabla general'!J36 -> 26.2 | K27: ='Tabla general'!K36*0.49 -> 3.6701 | L27: ='Tabla general'!L36*1.53 -> 5.615253 | M27: ='Tabla general'!N36/200 -> 1.3
... A29: ='Tabla general'!A38 -> CH26UCUC92-H110-14 | B29: ='Tabla general'!B38 -> Chardonnay | C29: ='Tabla general'!C38 -> Colchagua | D29: ='Tabla general'!D38 -> UCUQUER | E29: ='Tabla general'!E38 -> 92 | F29: ='Tabla general'!F38 -> 110 | G29: ='Tabla general'!G38 -> 14 | H29: ='Tabla general'!H38 -> 46132 | ... J29: ='Tabla general'!J38 -> 26.1 | K29: ='Tabla general'!K38*0.49 -> 4.165 | L29: ='Tabla general'!L38*1.53 -> 6.37245 | M29: ='Tabla general'!N38/200 -> 1.425

Sheet SB-Ucuquer
A2: 2025
A3: Id. original muestra | B3: Variedad | C3: Valles | D3: Fundo | E3: Cuartel | F3: Hilera | G3: N°muestra | H3: Fecha | I3: pH | J3: Brix | K3: Acidez Sulfúrica | L3: Acidez Tartárica | M3: Peso baya
A4: SB25UCUC54-H85-1 | B4: Sauvignon Blanc | C4: Colchagua | D4: UCUQUER | E4: 54 | F4: 85 | G4: =_xlfn.TEXTAFTER(A4, "-", 2) -> 1 | H4: 45678 | I4: 2.53 | J4: 8.9 | K4: 24.9214 | L4: 38.1297 | M4: 1.17
A5: SB25UCUC54-H85-2 | B5: Sauvignon Blanc | C5: Colchagua | D5: UCUQUER | E5: 54 | F5: 85 | G5: =_xlfn.TEXTAFTER(A5, "-", 2) -> 2 | H5: 45685 | I5: 2.51 | J5: 13.1 | K5: 17.7184 | L5: 27.1091 | M5: 1.42
A6: SB25UCUC54-H85-3 | B6: Sauvignon Blanc | C6: Colchagua | D6: UCUQUER | E6: 54 | F6: 85 | G6: =_xlfn.TEXTAFTER(A6, "-", 2) -> 3 | H6: 45692 | I6: 2.57 | J6: 15.2 | K6: 14.8862 | L6: 22.7759 | M6: 1.51
A7: SB25UCUC54-H85-4 | B7: Sauvignon Blanc | C7: Colchagua | D7: UCUQUER | E7: 54 | F7: 85 | G7: =_xlfn.TEXTAFTER(A7, "-", 2) -> 4 | H7: 45699 | I7: 2.67 | J7: 16.5 | K7: 11.0446 | L7: 16.8982 | M7: 1.78
A8: SB25UCUC54-H85-5 | B8: Sauvignon Blanc | C8: Colchagua | D8: UCUQUER | E8: 54 | F8: 85 | G8: =_xlfn.TEXTAFTER(A8, "-", 2) -> 5 | H8: 45706 | I8: 2.75 | J8: 19.4 | K8: 8.8298 | L8: 13.5096 | M8: 1.87
A9: SB25UCUC54-H85-6 | B9: Sauvignon Blanc | C9: Colchagua | D9: UCUQUER | E9: 54 | F9: 85 | G9: =_xlfn.TEXTAFTER(A9, "-", 2) -> 6 | H9: 45713 | I9: 2.95 | J9: 21.2 | K9: 7.1932 | L9: 11.0056 | M9: 1.88
A10: SB25UCUC54-H85-7 | B10: Sauvignon Blanc | C10: Colchagua | D10: UCUQUER | E10: 54 | F10: 85 | G10: =_xlfn.TEXTAFTER(A10, "-", 2) -> 7 | H10: 45720 | I10: 3.03 | J10: 22.6 | K10: 6.6052 | L10: 10.106 | M10: 2.1
A11: SB25UCUC54-H85-8 | B11: Sauvignon Blanc | C11: Colchagua | D11: UCUQUER | E11: 54 | F11: 85 | G11: =_xlfn.TEXTAFTER(A11, "-", 2) -> 8 | H11: 45727 | I11: 3.16 | J11: 25.1 | K11: 5.439 | L11: 8.3217 | M11: 1.86
A12: SB25UCUC54-H85-9 | B12: Sauvignon Blanc | C12: Colchagua | D12: UCUQUER | E12: 54 | F12: 85 | G12: =_xlfn.TEXTAFTER(A12, "-", 2) -> 9 | H12: 45733 | I12: 3.13 | J12: 24.2 | K12: 4.7824 | L12: 7.3171 | M12: 1.65
A14: 2026
A15: Id. original muestra | B15: Variedad | C15: Valles | D15: Fundo | E15: Cuartel | F15: Hilera | G15: N°muestra | H15: Fecha | I15: pH | J15: Brix | K15: Acidez Sulfúrica | L15: Acidez Tartárica | M15: Peso baya
A16: ='Tabla general'!A39 -> SB26UCUC54-H85-1 | B16: ='Tabla general'!B39 -> Sauvignon Blanc | C16: ='Tabla general'!C39 -> Colchagua | D16: ='Tabla general'!D39 -> UCUQUER | E16: ='Tabla general'!E39 -> 54 | F16: ='Tabla general'!F39 -> 85 | G16: ='Tabla general'!G39 -> 1 | H16: ='Tabla general'!H39 -> 46043 | ... J16: ='Tabla general'!J39 -> 12.2 | K16: ='Tabla general'!K39*0.49 -> 12.789 | L16: ='Tabla general'!L39*1.53 -> 19.56717 | M16: ='Tabla general'!N39/200 -> 1.5513
A17: ='Tabla general'!A40 -> SB26UCUC54-H85-2 | B17: ='Tabla general'!B40 -> Sauvignon Blanc | C17: ='Tabla general'!C40 -> Colchagua | D17: ='Tabla general'!D40 -> UCUQUER | E17: ='Tabla general'!E40 -> 54 | F17: ='Tabla general'!F40 -> 85 | G17: ='Tabla general'!G40 -> 2 | H17: ='Tabla general'!H40 -> 46049 | ... J17: ='Tabla general'!J40 -> 14.8 | K17: ='Tabla general'!K40*0.49 -> 13.9552 | L17: ='Tabla general'!L40*1.53 -> 21.351456 | M17: ='Tabla general'!N40/200 -> 1.6268
A18: ='Tabla general'!A41 -> SB26UCUC54-H85-3 | B18: ='Tabla general'!B41 -> Sauvignon Blanc | C18: ='Tabla general'!C41 -> Colchagua | D18: ='Tabla general'!D41 -> UCUQUER | E18: ='Tabla general'!E41 -> 54 | F18: ='Tabla general'!F41 -> 85 | G18: ='Tabla general'!G41 -> 3 | H18: ='Tabla general'!H41 -> 46056 | ... J18: ='Tabla general'!J41 -> 15.9 | K18: ='Tabla general'!K41*0.49 -> 11.466 | L18: ='Tabla general'!L41*1.53 -> 17.54298 | M18: ='Tabla general'!N41/200 -> 1.9035
A19: ='Tabla general'!A42 -> SB26UCUC54-H85-4 | B19: ='Tabla general'!B42 -> Sauvignon Blanc | C19: ='Tabla general'!C42 -> Colchagua | D19: ='Tabla general'!D42 -> UCUQUER | E19: ='Tabla general'!E42 -> 54 | F19: ='Tabla general'!F42 -> 85 | G19: ='Tabla general'!G42 -> 4 | H19: ='Tabla general'!H42 -> 46063 | ... J19: ='Tabla general'!J42 -> 18.5 | K19: ='Tabla general'!K42*0.49 -> 8.7612 | L19: ='Tabla general'!L42*1.53 -> 13.404636 | M19: ='Tabla general'!N42/200 -> 1.963
A20: ='Tabla general'!A43 -> SB26UCUC54-H85-5 | B20: ='Tabla general'!B43 -> Sauvignon Blanc | C20: ='Tabla general'!C43 -> Colchagua | D20: ='Tabla general'!D43 -> UCUQUER | E20: ='Tabla general'!E43 -> 54 | F20: ='Tabla general'!F43 -> 85 | G20: ='Tabla general'!G43 -> 5 | H20: ='Tabla general'!H43 -> 46070 | ... J20: ='Tabla general'!J43 -> 20.5 | K20: ='Tabla general'!K43*0.49 -> 7.5852 | L20: ='Tabla general'!L43*1.53 -> 11.605356 | M20: ='Tabla general'!N43/200 -> 2.0185
A21: ='Tabla general'!A44 -> SB26UCUC54-H85-6 | B21: ='Tabla general'!B44 -> Sauvignon Blanc | C21: ='Tabla general'!C44 -> Colchagua | D21: ='Tabla general'!D44 -> UCUQUER | E21: ='Tabla general'!E44 -> 54 | F21: ='Tabla general'!F44 -> 85 | G21: ='Tabla general'!G44 -> 6 | H21: ='Tabla general'!H44 -> 46077 | ... J21: ='Tabla general'!J44 -> 21.8 | K21: ='Tabla general'!K44*0.49 -> 6.272 | L21: ='Tabla general'!L44*1.53 -> 9.59616 | M21: ='Tabla general'!N44/200 -> 2.0805
A22: ='Tabla general'!A45 -> SB26UCUC54-H85-7 | B22: ='Tabla general'!B45 -> Sauvignon Blanc | C22: ='Tabla general'!C45 -> Colchagua | D22: ='Tabla general'!D45 -> UCUQUER | E22: ='Tabla general'!E45 -> 54 | F22: ='Tabla general'!F45 -> 85 | G22: ='Tabla general'!G45 -> 7 | H22: ='Tabla general'!H45 -> 46084 | ... J22: ='Tabla general'!J45 -> 22.7 | K22: ='Tabla general'!K45*0.49 -> 5.7183 | L22: ='Tabla general'!L45*1.53 -> 8.748999 | M22: ='Tabla general'!N45/200 -> 2.0615
A23: ='Tabla general'!A46 -> SB26UCUC54-H85-8 | B23: ='Tabla general'!B46 -> Sauvignon Blanc | C23: ='Tabla general'!C46 -> Colchagua | D23: ='Tabla general'!D46 -> UCUQUER | E23: ='Tabla general'!E46 -> 54 | F23: ='Tabla general'!F46 -> 85 | G23: ='Tabla general'!G46 -> 8 | H23: ='Tabla general'!H46 -> 46091 | ... J23: ='Tabla general'!J46 -> 24.3 | K23: ='Tabla general'!K46*0.49 -> 5.3508 | L23: ='Tabla general'!L46*1.53 -> 8.186724 | M23: ='Tabla general'!N46/200 -> 1.9615
A24: ='Tabla general'!A47 -> SB26UCUC54-H85-9 | B24: ='Tabla general'!B47 -> Sauvignon Blanc | C24: ='Tabla general'!C47 -> Colchagua | D24: ='Tabla general'!D47 -> UCUQUER | E24: ='Tabla general'!E47 -> 54 | F24: ='Tabla general'!F47 -> 85 | G24: ='Tabla general'!G47 -> 9 | H24: ='Tabla general'!H47 -> 46098 | ... J24: ='Tabla general'!J47 -> 25.5 | K24: ='Tabla general'!K47*0.49 -> 4.5668 | L24: ='Tabla general'!L47*1.53 -> 6.987204 | M24: ='Tabla general'!N47/200 -> 1.981
A25: ='Tabla general'!A48 -> SB26UCUC54-H85-10 | B25: ='Tabla general'!B48 -> Sauvignon Blanc | C25: ='Tabla general'!C48 -> Colchagua | D25: ='Tabla general'!D48 -> UCUQUER | E25: ='Tabla general'!E48 -> 54 | F25: ='Tabla general'!F48 -> 85 | G25: ='Tabla general'!G48 -> 10 | H25: ='Tabla general'!H48 -> - | ... J25: ='Tabla general'!J48 -> 25.7 | K25: ='Tabla general'!K48*0.49 -> 5.0274 | L25: ='Tabla general'!L48*1.53 -> 7.691922 | M25: ='Tabla general'!N48/200 -> 2.012
A26: ='Tabla general'!A49 -> SB26UCUC54-H85-11 | B26: ='Tabla general'!B49 -> Sauvignon Blanc | C26: ='Tabla general'!C49 -> Colchagua | D26: ='Tabla general'!D49 -> UCUQUER | E26: ='Tabla general'!E49 -> 54 | F26: ='Tabla general'!F49 -> 85 | G26: ='Tabla general'!G49 -> 11 | H26: ='Tabla general'!H49 -> 46112 | ... J26: ='Tabla general'!J49 -> 25.8 | K26: ='Tabla general'!K49*0.49 -> 4.3218 | L26: ='Tabla general'!L49*1.53 -> 6.612354 | M26: ='Tabla general'!N49/200 -> 1.9525
A27: ='Tabla general'!A50 -> SB26UCUC54-H85-12 | B27: ='Tabla general'!B50 -> Sauvignon Blanc | C27: ='Tabla general'!C50 -> Colchagua | D27: ='Tabla general'!D50 -> UCUQUER | E27: ='Tabla general'!E50 -> 54 | F27: ='Tabla general'!F50 -> 85 | G27: ='Tabla general'!G50 -> 12 | H27: ='Tabla general'!H50 -> 46119 | ... J27: ='Tabla general'!J50 -> 27.7 | K27: ='Tabla general'!K50*0.49 -> 4.6893 | L27: ='Tabla general'!L50*1.53 -> 7.174629 | M27: ='Tabla general'!N50/200 -> 1.8375
... A29: ='Tabla general'!A52 -> SB26UCUC54-H85-14 | B29: ='Tabla general'!B52 -> Sauvignon Blanc | C29: ='Tabla general'!C52 -> Colchagua | D29: ='Tabla general'!D52 -> UCUQUER | E29: ='Tabla general'!E52 -> 54 | F29: ='Tabla general'!F52 -> 85 | G29: ='Tabla general'!G52 -> 14 | H29: ='Tabla general'!H52 -> 46132 | ... J29: ='Tabla general'!J52 -> 27.8 | K29: ='Tabla general'!K52*0.49 -> 4.4933 | L29: ='Tabla general'!L52*1.53 -> 6.874749 | M29: ='Tabla general'!N52/200 -> 1.94

Sheet SB-Yungay
A2: 2025
A3: Id. original muestra | B3: Variedad | C3: Valles | D3: Fundo | E3: Cuartel | F3: Hilera | G3: N°muestra | H3: Fecha | I3: pH | J3: Brix | K3: Acidez Sulfúrica | L3: Acidez Tartárica | M3: Peso baya
A4: SB25YUNC4-H180-1 | B4: Sauvignon Blanc | C4: Curicó | D4: YUNGAY | E4: 4 | F4: 180 | G4: =_xlfn.TEXTAFTER(A4, "-", 2) -> 1 | H4: 45680 | I4: 2.48 | J4: 8.1 | K4: 25.1468 | L4: 38.4746 | M4: 1.16
A5: SB25YUNC4-H180-2 | B5: Sauvignon Blanc | C5: Curicó | D5: YUNGAY | E5: 4 | F5: 180 | G5: =_xlfn.TEXTAFTER(A5, "-", 2) -> 2 | H5: 45684 | I5: 2.46 | J5: 9.3 | K5: 23.3338 | L5: 35.7007 | M5: 1.23
A6: SB25YUNC4-H180-3 | B6: Sauvignon Blanc | C6: Curicó | D6: YUNGAY | E6: 4 | F6: 180 | G6: =_xlfn.TEXTAFTER(A6, "-", 2) -> 3 | H6: 45691 | I6: 2.69 | J6: 13.7 | K6: 16.9344 | L6: 25.9096 | M6: 1.65
A7: SB25YUNC4-H180-4 | B7: Sauvignon Blanc | C7: Curicó | D7: YUNGAY | E7: 4 | F7: 180 | G7: =_xlfn.TEXTAFTER(A7, "-", 2) -> 4 | H7: 45698 | I7: 2.74 | J7: 16.3 | K7: 12.6322 | L7: 19.3273 | M7: 1.79
A8: SB25YUNC4-H180-5 | B8: Sauvignon Blanc | C8: Curicó | D8: YUNGAY | E8: 4 | F8: 180 | G8: =_xlfn.TEXTAFTER(A8, "-", 2) -> 5 | H8: 45707 | I8: 2.86 | J8: 18.9 | K8: 10.1528 | L8: 15.5338 | M8: 1.86
A9: SB25YUNC4-H180-6 | B9: Sauvignon Blanc | C9: Curicó | D9: YUNGAY | E9: 4 | F9: 180 | G9: =_xlfn.TEXTAFTER(A9, "-", 2) -> 6 | H9: 45714 | I9: 2.87 | J9: 20.4 | K9: 8.8592 | L9: 13.5546 | M9: 1.91
A10: SB25YUNC4-H180-7 | B10: Sauvignon Blanc | C10: Curicó | D10: YUNGAY | E10: 4 | F10: 180 | G10: =_xlfn.TEXTAFTER(A10, "-", 2) -> 7 | H10: 45722 | I10: 3.15 | J10: 21.3 | K10: 7.007 | L10: 10.7207 | M10: 1.97
A11: SB25YUNC4-H180-8 | B11: Sauvignon Blanc | C11: Curicó | D11: YUNGAY | E11: 4 | F11: 180 | G11: =_xlfn.TEXTAFTER(A11, "-", 2) -> 8 | H11: 45728 | I11: 3.22 | J11: 21.9 | K11: 6.517 | L11: 9.971 | M11: 1.97
A12: SB25YUNC4-H180-9 | B12: Sauvignon Blanc | C12: Curicó | D12: YUNGAY | E12: 4 | F12: 180 | G12: =_xlfn.TEXTAFTER(A12, "-", 2) -> 9 | H12: 45734 | I12: 3.25 | J12: 22.6 | K12: 6.1397 | L12: 9.3937 | M12: 2.13
A14: 2026
A15: Id. original muestra | B15: Variedad | C15: Valles | D15: Fundo | E15: Cuartel | F15: Hilera | G15: N°muestra | H15: Fecha | I15: pH | J15: Brix | K15: Acidez Sulfúrica | L15: Acidez Tartárica | M15: Peso baya
A16: ='Tabla general'!A53 -> SB26YUNC4-H180-1 | B16: ='Tabla general'!B53 -> Sauvignon Blanc | C16: ='Tabla general'!C53 -> Curicó | D16: ='Tabla general'!D53 -> YUNGAY | E16: ='Tabla general'!E53 -> 4 | F16: ='Tabla general'!F53 -> 180 | G16: ='Tabla general'!G53 -> 1 | H16: ='Tabla general'!H53 -> 46045 | ... J16: ='Tabla general'!J53 -> 9.1 | K16: ='Tabla general'!K53*0.49 -> 16.6796 | L16: ='Tabla general'!L53*1.53 -> 25.519788 | M16: ='Tabla general'!N53/200 -> 1.2983
A17: ='Tabla general'!A54 -> SB26YUNC4-H180-2 | B17: ='Tabla general'!B54 -> Sauvignon Blanc | C17: ='Tabla general'!C54 -> Curicó | D17: ='Tabla general'!D54 -> YUNGAY | E17: ='Tabla general'!E54 -> 4 | F17: ='Tabla general'!F54 -> 180 | G17: ='Tabla general'!G54 -> 2 | H17: ='Tabla general'!H54 -> 46051 | ... J17: ='Tabla general'!J54 -> 11.2 | K17: ='Tabla general'!K54*0.49 -> 8.3202 | L17: ='Tabla general'!L54*1.53 -> 12.729906 | M17: ='Tabla general'!N54/200 -> 1.4429
A18: ='Tabla general'!A55 -> SB26YUNC4-H180-3 | B18: ='Tabla general'!B55 -> Sauvignon Blanc | C18: ='Tabla general'!C55 -> Curicó | D18: ='Tabla general'!D55 -> YUNGAY | E18: ='Tabla general'!E55 -> 4 | F18: ='Tabla general'!F55 -> 180 | G18: ='Tabla general'!G55 -> 3 | H18: ='Tabla general'!H55 -> 46058 | ... J18: ='Tabla general'!J55 -> 13.5 | K18: ='Tabla general'!K55*0.49 -> 12.25 | L18: ='Tabla general'!L55*1.53 -> 18.7425 | M18: ='Tabla general'!N55/200 -> 1.7635
A19: ='Tabla general'!A56 -> SB26YUNC4-H180-4 | B19: ='Tabla general'!B56 -> Sauvignon Blanc | C19: ='Tabla general'!C56 -> Curicó | D19: ='Tabla general'!D56 -> YUNGAY | E19: ='Tabla general'!E56 -> 4 | F19: ='Tabla general'!F56 -> 180 | G19: ='Tabla general'!G56 -> 4 | H19: ='Tabla general'!H56 -> 46065 | ... J19: ='Tabla general'!J56 -> 15.4 | K19: ='Tabla general'!K56*0.49 -> 9.7314 | L19: ='Tabla general'!L56*1.53 -> 14.889042 | M19: ='Tabla general'!N56/200 -> 1.836
A20: ='Tabla general'!A57 -> SB26YUNC4-H180-5 | B20: ='Tabla general'!B57 -> Sauvignon Blanc | C20: ='Tabla general'!C57 -> Curicó | D20: ='Tabla general'!D57 -> YUNGAY | E20: ='Tabla general'!E57 -> 4 | F20: ='Tabla general'!F57 -> 180 | G20: ='Tabla general'!G57 -> 5 | H20: ='Tabla general'!H57 -> 46072 | ... J20: ='Tabla general'!J57 -> 17.6 | K20: ='Tabla general'!K57*0.49 -> 7.2618 | L20: ='Tabla general'!L57*1.53 -> 11.110554 | M20: ='Tabla general'!N57/200 -> 1.905
A21: ='Tabla general'!A58 -> SB26YUNC4-H180-6 | B21: ='Tabla general'!B58 -> Sauvignon Blanc | C21: ='Tabla general'!C58 -> Curicó | D21: ='Tabla general'!D58 -> YUNGAY | E21: ='Tabla general'!E58 -> 4 | F21: ='Tabla general'!F58 -> 180 | G21: ='Tabla general'!G58 -> 6 | H21: ='Tabla general'!H58 -> 46079 | ... J21: ='Tabla general'!J58 -> 19.1 | K21: ='Tabla general'!K58*0.49 -> 6.419 | L21: ='Tabla general'!L58*1.53 -> 9.82107 | M21: ='Tabla general'!N58/200 -> 1.9745
A22: ='Tabla general'!A59 -> SB26YUNC4-H180-7 | B22: ='Tabla general'!B59 -> Sauvignon Blanc | C22: ='Tabla general'!C59 -> Curicó | D22: ='Tabla general'!D59 -> YUNGAY | E22: ='Tabla general'!E59 -> 4 | F22: ='Tabla general'!F59 -> 180 | G22: ='Tabla general'!G59 -> 7 | H22: ='Tabla general'!H59 -> 46086 | ... J22: ='Tabla general'!J59 -> 19.3 | K22: ='Tabla general'!K59*0.49 -> 6.3847 | L22: ='Tabla general'!L59*1.53 -> 9.768591 | M22: ='Tabla general'!N59/200 -> 2.043
A23: ='Tabla general'!A60 -> SB26YUNC4-H180-8 | B23: ='Tabla general'!B60 -> Sauvignon Blanc | C23: ='Tabla general'!C60 -> Curicó | D23: ='Tabla general'!D60 -> YUNGAY | E23: ='Tabla general'!E60 -> 4 | F23: ='Tabla general'!F60 -> 180 | G23: ='Tabla general'!G60 -> 8 | H23: ='Tabla general'!H60 -> 46094 | ... J23: ='Tabla general'!J60 -> 21.1 | K23: ='Tabla general'!K60*0.49 -> 3.5966 | L23: ='Tabla general'!L60*1.53 -> 5.502798 | M23: ='Tabla general'!N60/200 -> 2.002
A24: ='Tabla general'!A61 -> SB26YUNC4-H180-9 | B24: ='Tabla general'!B61 -> Sauvignon Blanc | C24: ='Tabla general'!C61 -> Curicó | D24: ='Tabla general'!D61 -> YUNGAY | E24: ='Tabla general'!E61 -> 4 | F24: ='Tabla general'!F61 -> 180 | G24: ='Tabla general'!G61 -> 9 | H24: ='Tabla general'!H61 -> 46100 | ... J24: ='Tabla general'!J61 -> 20.8 | K24: ='Tabla general'!K61*0.49 -> 5.2136 | L24: ='Tabla general'!L61*1.53 -> 7.976808 | M24: ='Tabla general'!N61/200 -> 1.95
A25: ='Tabla general'!A62 -> SB26YUNC4-H180-10 | B25: ='Tabla general'!B62 -> Sauvignon Blanc | C25: ='Tabla general'!C62 -> Curicó | D25: ='Tabla general'!D62 -> YUNGAY | E25: ='Tabla general'!E62 -> 4 | F25: ='Tabla general'!F62 -> 180 | G25: ='Tabla general'!G62 -> 10 | H25: ='Tabla general'!H62 -> - | ... J25: ='Tabla general'!J62 -> 18.7 | K25: ='Tabla general'!K62*0.49 -> 5.6056 | L25: ='Tabla general'!L62*1.53 -> 8.576568 | M25: ='Tabla general'!N62/200 -> 1.8545
A26: ='Tabla general'!A63 -> SB26YUNC4-H180-11 | B26: ='Tabla general'!B63 -> Sauvignon Blanc | C26: ='Tabla general'!C63 -> Curicó | D26: ='Tabla general'!D63 -> YUNGAY | E26: ='Tabla general'!E63 -> 4 | F26: ='Tabla general'!F63 -> 180 | G26: ='Tabla general'!G63 -> 11 | H26: ='Tabla general'!H63 -> 46114 | ... J26: ='Tabla general'!J63 -> 21.7 | K26: ='Tabla general'!K63*0.49 -> 5.3998 | L26: ='Tabla general'!L63*1.53 -> 8.261694 | M26: ='Tabla general'!N63/200 -> 1.956
A27: ='Tabla general'!A64 -> SB26YUNC4-H180-12 | B27: ='Tabla general'!B64 -> Sauvignon Blanc | C27: ='Tabla general'!C64 -> Curicó | D27: ='Tabla general'!D64 -> YUNGAY | E27: ='Tabla general'!E64 -> 4 | F27: ='Tabla general'!F64 -> 180 | G27: ='Tabla general'!G64 -> 12 | H27: ='Tabla general'!H64 -> 46121 | ... J27: ='Tabla general'!J64 -> 19.4 | K27: ='Tabla general'!K64*0.49 -> 5.2381 | L27: ='Tabla general'!L64*1.53 -> 8.014293 | M27: ='Tabla general'!N64/200 -> 1.9145
A28: ='Tabla general'!A65 -> SB26YUNC4-H180-13 | B28: ='Tabla general'!B65 -> Sauvignon Blanc | C28: ='Tabla general'!C65 -> Curicó | D28: ='Tabla general'!D65 -> YUNGAY | E28: ='Tabla general'!E65 -> 4 | F28: ='Tabla general'!F65 -> 180 | G28: ='Tabla general'!G65 -> 13 | H28: ='Tabla general'!H65 -> 46127 | ... J28: ='Tabla general'!J65 -> 21.4 | K28: ='Tabla general'!K65*0.49 -> 5.1548 | L28: ='Tabla general'!L65*1.53 -> 7.886844 | M28: ='Tabla general'!N65/200 -> 2.0445

Sheet SB-Rauco
A2: 2025
A3: Id. original muestra | B3: Variedad | C3: Valles | D3: Fundo | E3: Cuartel | F3: Hilera | G3: N°muestra | H3: Fecha | I3: pH | J3: Brix | K3: Acidez Sulfúrica | L3: Acidez Tartárica | M3: Peso baya
A4: SB25RAUC7-H9-1 | B4: Sauvignon Blanc | C4: Curicó | D4: RAUCO | E4: 7 | F4: 9 | G4: =_xlfn.TEXTAFTER(A4, "-", 2) -> 1 | H4: 45680 | I4: 2.53 | J4: 9.4 | K4: 17.8556 | L4: 27.319 | M4: 0.75
A5: SB25RAUC7-H9-2 | B5: Sauvignon Blanc | C5: Curicó | D5: RAUCO | E5: 7 | F5: 9 | G5: =_xlfn.TEXTAFTER(A5, "-", 2) -> 2 | H5: 45684 | I5: 2.57 | J5: 12.1 | K5: 14.7196 | L5: 22.521 | M5: 0.78
A6: SB25RAUC7-H9-3 | B6: Sauvignon Blanc | C6: Curicó | D6: RAUCO | E6: 7 | F6: 9 | G6: =_xlfn.TEXTAFTER(A6, "-", 2) -> 3 | H6: 45691 | I6: 2.74 | J6: 15.4 | K6: 9.2414 | L6: 14.1393 | M6: 0.91
A7: SB25RAUC7-H9-4 | B7: Sauvignon Blanc | C7: Curicó | D7: RAUCO | E7: 7 | F7: 9 | G7: =_xlfn.TEXTAFTER(A7, "-", 2) -> 4 | H7: 45698 | I7: 2.9 | J7: 17.7 | K7: 6.076 | L7: 9.2953 | M7: 1.14
A8: SB25RAUC7-H9-5 | B8: Sauvignon Blanc | C8: Curicó | D8: RAUCO | E8: 7 | F8: 9 | G8: =_xlfn.TEXTAFTER(A8, "-", 2) -> 5 | H8: 45705 | I8: 3.09 | J8: 19.6 | K8: 4.4688 | L8: 6.8373 | M8: 1.23
A9: SB25RAUC7-H9-6 | B9: Sauvignon Blanc | C9: Curicó | D9: RAUCO | E9: 7 | F9: 9 | G9: =_xlfn.TEXTAFTER(A9, "-", 2) -> 6 | H9: 45713 | I9: 3.29 | J9: 22 | K9: 3.9494 | L9: 6.0426 | M9: 1.31
A10: SB25RAUC7-H9-7 | B10: Sauvignon Blanc | C10: Curicó | D10: RAUCO | E10: 7 | F10: 9 | G10: =_xlfn.TEXTAFTER(A10, "-", 2) -> 7 | H10: 45719 | I10: 3.38 | J10: 22.9 | K10: 3.3124 | L10: 5.068 | M10: 1.4
A11: SB25RAUC7-H9-8 | B11: Sauvignon Blanc | C11: Curicó | D11: RAUCO | E11: 7 | F11: 9 | G11: =_xlfn.TEXTAFTER(A11, "-", 2) -> 8 | H11: 45728 | I11: 3.51 | J11: 24.4 | K11: 2.8028 | L11: 4.2883 | M11: 1.58
A12: SB25RAUC7-H9-9 | B12: Sauvignon Blanc | C12: Curicó | D12: RAUCO | E12: 7 | F12: 9 | G12: =_xlfn.TEXTAFTER(A12, "-", 2) -> 9 | H12: 45734 | I12: 3.66 | J12: 25.3 | K12: 2.7489 | L12: 4.2058 | M12: 1.48
A14: 2026
A15: Id. original muestra | B15: Variedad | C15: Valles | D15: Fundo | E15: Cuartel | F15: Hilera | G15: N°muestra | H15: Fecha | I15: pH | J15: Brix | K15: Acidez Sulfúrica | L15: Acidez Tartárica | M15: Peso baya
A16: ='Tabla general'!A66 -> SB26RAUC7-H9-1 | B16: ='Tabla general'!B66 -> Sauvignon Blanc | C16: ='Tabla general'!C66 -> Curicó | D16: ='Tabla general'!D66 -> RAUCO | E16: ='Tabla general'!E66 -> 7 | F16: ='Tabla general'!F66 -> 9 | G16: ='Tabla general'!G66 -> 1 | H16: ='Tabla general'!H66 -> 46044 | ... J16: ='Tabla general'!J66 -> 13.6 | K16: ='Tabla general'!K66*0.49 -> 12.2745 | L16: ='Tabla general'!L66*1.53 -> 18.779985 | M16: ='Tabla general'!N66/200 -> 0.92965
A17: ='Tabla general'!A67 -> SB26RAUC7-H9-2 | B17: ='Tabla general'!B67 -> Sauvignon Blanc | C17: ='Tabla general'!C67 -> Curicó | D17: ='Tabla general'!D67 -> RAUCO | E17: ='Tabla general'!E67 -> 7 | F17: ='Tabla general'!F67 -> 9 | G17: ='Tabla general'!G67 -> 2 | H17: ='Tabla general'!H67 -> 46050 | ... J17: ='Tabla general'!J67 -> 16.3 | K17: ='Tabla general'!K67*0.49 -> 6.076 | L17: ='Tabla general'!L67*1.53 -> 9.29628 | M17: ='Tabla general'!N67/200 -> 1.07795
A18: ='Tabla general'!A68 -> SB26RAUC7-H9-3 | B18: ='Tabla general'!B68 -> Sauvignon Blanc | C18: ='Tabla general'!C68 -> Curicó | D18: ='Tabla general'!D68 -> RAUCO | E18: ='Tabla general'!E68 -> 7 | F18: ='Tabla general'!F68 -> 9 | G18: ='Tabla general'!G68 -> 3 | H18: ='Tabla general'!H68 -> 46057 | ... J18: ='Tabla general'!J68 -> 17.5 | K18: ='Tabla general'!K68*0.49 -> 5.1352 | L18: ='Tabla general'!L68*1.53 -> 7.856856 | M18: ='Tabla general'!N68/200 -> 1.378
A19: ='Tabla general'!A69 -> SB26RAUC7-H9-4 | B19: ='Tabla general'!B69 -> Sauvignon Blanc | C19: ='Tabla general'!C69 -> Curicó | D19: ='Tabla general'!D69 -> RAUCO | E19: ='Tabla general'!E69 -> 7 | F19: ='Tabla general'!F69 -> 9 | G19: ='Tabla general'!G69 -> 4 | H19: ='Tabla general'!H69 -> 46064 | ... J19: ='Tabla general'!J69 -> 19.4 | K19: ='Tabla general'!K69*0.49 -> 4.5276 | L19: ='Tabla general'!L69*1.53 -> 6.927228 | M19: ='Tabla general'!N69/200 -> 1.4265
A20: ='Tabla general'!A70 -> SB26RAUC7-H9-5 | B20: ='Tabla general'!B70 -> Sauvignon Blanc | C20: ='Tabla general'!C70 -> Curicó | D20: ='Tabla general'!D70 -> RAUCO | E20: ='Tabla general'!E70 -> 7 | F20: ='Tabla general'!F70 -> 9 | G20: ='Tabla general'!G70 -> 5 | H20: ='Tabla general'!H70 -> 46071 | ... J20: ='Tabla general'!J70 -> 21.1 | K20: ='Tabla general'!K70*0.49 -> 3.5378 | L20: ='Tabla general'!L70*1.53 -> 5.412834 | M20: ='Tabla general'!N70/200 -> 1.4425
A21: ='Tabla general'!A71 -> SB26RAUC7-H9-6 | B21: ='Tabla general'!B71 -> Sauvignon Blanc | C21: ='Tabla general'!C71 -> Curicó | D21: ='Tabla general'!D71 -> RAUCO | E21: ='Tabla general'!E71 -> 7 | F21: ='Tabla general'!F71 -> 9 | G21: ='Tabla general'!G71 -> 6 | H21: ='Tabla general'!H71 -> 46078 | ... J21: ='Tabla general'!J71 -> 23.4 | K21: ='Tabla general'!K71*0.49 -> 3.087 | L21: ='Tabla general'!L71*1.53 -> 4.72311 | M21: ='Tabla general'!N71/200 -> 1.3055
A22: ='Tabla general'!A72 -> SB26RAUC7-H9-7 | B22: ='Tabla general'!B72 -> Sauvignon Blanc | C22: ='Tabla general'!C72 -> Curicó | D22: ='Tabla general'!D72 -> RAUCO | E22: ='Tabla general'!E72 -> 7 | F22: ='Tabla general'!F72 -> 9 | G22: ='Tabla general'!G72 -> 7 | H22: ='Tabla general'!H72 -> 46085 | ... J22: ='Tabla general'!J72 -> 24.3 | K22: ='Tabla general'!K72*0.49 -> 3.0772 | L22: ='Tabla general'!L72*1.53 -> 4.708116 | M22: ='Tabla general'!N72/200 -> 1.3285
A23: ='Tabla general'!A73 -> SB26RAUC7-H9-8 | B23: ='Tabla general'!B73 -> Sauvignon Blanc | C23: ='Tabla general'!C73 -> Curicó | D23: ='Tabla general'!D73 -> RAUCO | E23: ='Tabla general'!E73 -> 7 | F23: ='Tabla general'!F73 -> 9 | G23: ='Tabla general'!G73 -> 8 | H23: ='Tabla general'!H73 -> 46092 | ... J23: ='Tabla general'!J73 -> 24.9 | K23: ='Tabla general'!K73*0.49 -> 2.9988 | L23: ='Tabla general'!L73*1.53 -> 4.588164 | M23: ='Tabla general'!N73/200 -> 1.2315
A24: ='Tabla general'!A74 -> SB26RAUC7-H9-9 | B24: ='Tabla general'!B74 -> Sauvignon Blanc | C24: ='Tabla general'!C74 -> Curicó | D24: ='Tabla general'!D74 -> RAUCO | E24: ='Tabla general'!E74 -> 7 | F24: ='Tabla general'!F74 -> 9 | G24: ='Tabla general'!G74 -> 9 | H24: ='Tabla general'!H74 -> 46099 | ... J24: ='Tabla general'!J74 -> 25.8 | K24: ='Tabla general'!K74*0.49 -> 2.352 | L24: ='Tabla general'!L74*1.53 -> 3.59856 | M24: ='Tabla general'!N74/200 -> 1.078
A25: ='Tabla general'!A75 -> SB26RAUC7-H9-10 | B25: ='Tabla general'!B75 -> Sauvignon Blanc | C25: ='Tabla general'!C75 -> Curicó | D25: ='Tabla general'!D75 -> RAUCO | E25: ='Tabla general'!E75 -> 7 | F25: ='Tabla general'!F75 -> 9 | G25: ='Tabla general'!G75 -> 10 | H25: ='Tabla general'!H75 -> 46105 | ... J25: ='Tabla general'!J75 -> 25.4 | K25: ='Tabla general'!K75*0.49 -> 2.0874 | L25: ='Tabla general'!L75*1.53 -> 3.193722 | M25: ='Tabla general'!N75/200 -> 1.529
A26: ='Tabla general'!A76 -> SB26RAUC7-H9-11 | B26: ='Tabla general'!B76 -> Sauvignon Blanc | C26: ='Tabla general'!C76 -> Curicó | D26: ='Tabla general'!D76 -> RAUCO | E26: ='Tabla general'!E76 -> 7 | F26: ='Tabla general'!F76 -> 9 | G26: ='Tabla general'!G76 -> 11 | H26: ='Tabla general'!H76 -> 46113 | ... J26: ='Tabla general'!J76 -> 26 | K26: ='Tabla general'!K76*0.49 -> 2.6411 | L26: ='Tabla general'!L76*1.53 -> 4.040883 | M26: ='Tabla general'!N76/200 -> 1.178
A27: ='Tabla general'!A77 -> SB26RAUC7-H9-12 | B27: ='Tabla general'!B77 -> Sauvignon Blanc | C27: ='Tabla general'!C77 -> Curicó | D27: ='Tabla general'!D77 -> RAUCO | E27: ='Tabla general'!E77 -> 7 | F27: ='Tabla general'!F77 -> 9 | G27: ='Tabla general'!G77 -> 12 | H27: ='Tabla general'!H77 -> 46120 | ... J27: ='Tabla general'!J77 -> 25.8 | K27: ='Tabla general'!K77*0.49 -> 2.7734 | L27: ='Tabla general'!L77*1.53 -> 4.243302 | M27: ='Tabla general'!N77/200 -> 1.24

Sheet SB-Santa_Isabel
A2: 2025
A3: Id. original muestra | B3: Variedad | C3: Valles | D3: Fundo | E3: Cuartel | F3: Hilera | G3: N°muestra | H3: Fecha | I3: pH | J3: Brix | K3: Acidez Sulfúrica | L3: Acidez Tartárica | M3: Peso baya
A4: SB25ISAC27-SH-1 | B4: Sauvignon Blanc | C4: Maipo | D4: SANTA ISABEL | E4: 27 | F4: SH | G4: =_xlfn.TEXTAFTER(A4, "-", 2) -> 1 | H4: 45680 | I4: 2.57 | J4: 11.9 | K4: 18.522 | L4: 28.3387 | M4: 1.17
A5: SB25ISAC27-SH-2 | B5: Sauvignon Blanc | C5: Maipo | D5: SANTA ISABEL | E5: 27 | F5: SH | G5: =_xlfn.TEXTAFTER(A5, "-", 2) -> 2 | H5: 45685 | I5: 2.54 | J5: 13.3 | K5: 15.7976 | L5: 24.1703 | M5: 1.26
A6: SB25ISAC27-SH-3 | B6: Sauvignon Blanc | C6: Maipo | D6: SANTA ISABEL | E6: 27 | F6: SH | G6: =_xlfn.TEXTAFTER(A6, "-", 2) -> 3 | H6: 45693 | I6: 2.94 | J6: 17.8 | K6: 9.653 | L6: 14.7691 | M6: 1.45
A7: SB25ISAC27-SH-4 | B7: Sauvignon Blanc | C7: Maipo | D7: SANTA ISABEL | E7: 27 | F7: SH | G7: =_xlfn.TEXTAFTER(A7, "-", 2) -> 4 | H7: 45699 | I7: 2.96 | J7: 19.1 | K7: 9.1238 | L7: 13.9594 | M7: 1.6
A8: SB25ISAC27-SH-5 | B8: Sauvignon Blanc | C8: Maipo | D8: SANTA ISABEL | E8: 27 | F8: SH | G8: =_xlfn.TEXTAFTER(A8, "-", 2) -> 5 | H8: 45707 | I8: 3.02 | J8: 21.7 | K8: 7.3892 | L8: 11.3055 | M8: 1.74
A9: SB25ISAC27-SH-6 | B9: Sauvignon Blanc | C9: Maipo | D9: SANTA ISABEL | E9: 27 | F9: SH | G9: =_xlfn.TEXTAFTER(A9, "-", 2) -> 6 | H9: 45715 | I9: 3.09 | J9: 23.6 | K9: 6.125 | L9: 9.3713 | M9: 1.66
A10: SB25ISAC27-SH-7 | B10: Sauvignon Blanc | C10: Maipo | D10: SANTA ISABEL | E10: 27 | F10: SH | G10: =_xlfn.TEXTAFTER(A10, "-", 2) -> 7 | H10: 05/03/2025 | I10: 3.26 | J10: 24.3 | K10: 5.9584 | L10: 9.1164 | M10: 1.92
A11: SB25ISAC27-SH-8 | B11: Sauvignon Blanc | C11: Maipo | D11: SANTA ISABEL | E11: 27 | F11: SH | G11: =_xlfn.TEXTAFTER(A11, "-", 2) -> 8 | H11: 45726 | I11: 3.35 | J11: 25.3 | K11: 5.5272 | L11: 8.4566 | M11: 1.92
A12: SB25ISAC27-SH-9 | B12: Sauvignon Blanc | C12: Maipo | D12: SANTA ISABEL | E12: 27 | F12: SH | G12: =_xlfn.TEXTAFTER(A12, "-", 2) -> 9 | H12: 45733 | I12: 3.4 | J12: 25.9 | K12: 4.753 | L12: 7.2721 | M12: 1.84
A14: 2026
A15: Id. original muestra | B15: Variedad | C15: Valles | D15: Fundo | E15: Cuartel | F15: Hilera | G15: N°muestra | H15: Fecha | I15: pH | J15: Brix | K15: Acidez Sulfúrica | L15: Acidez Tartárica | M15: Peso baya
A16: ='Tabla general'!A78 -> SB26ISAC27-SH-1 | B16: ='Tabla general'!B78 -> Sauvignon Blanc | C16: ='Tabla general'!C78 -> Maipo | D16: ='Tabla general'!D78 -> SANTA ISABEL | E16: ='Tabla general'!E78 -> 27 | F16: ='Tabla general'!F78 -> SH | G16: ='Tabla general'!G78 -> 1 | H16: ='Tabla general'!H78 -> 46042 | ... J16: ='Tabla general'!J78 -> 12.7 | K16: ='Tabla general'!K78*0.49 -> 17.1304 | L16: ='Tabla general'!L78*1.53 -> 26.209512 | M16: ='Tabla general'!N78/200 -> 1.2672
A17: ='Tabla general'!A79 -> SB26ISAC27-SH-2 | B17: ='Tabla general'!B79 -> Sauvignon Blanc | C17: ='Tabla general'!C79 -> Maipo | D17: ='Tabla general'!D79 -> SANTA ISABEL | E17: ='Tabla general'!E79 -> 27 | F17: ='Tabla general'!F79 -> SH | G17: ='Tabla general'!G79 -> 2 | H17: ='Tabla general'!H79 -> 46048 | ... J17: ='Tabla general'!J79 -> 16.5 | K17: ='Tabla general'!K79*0.49 -> 11.809 | L17: ='Tabla general'!L79*1.53 -> 18.06777 | M17: ='Tabla general'!N79/200 -> 1.50065
A18: ='Tabla general'!A80 -> SB26ISAC27-SH-3 | B18: ='Tabla general'!B80 -> Sauvignon Blanc | C18: ='Tabla general'!C80 -> Maipo | D18: ='Tabla general'!D80 -> SANTA ISABEL | E18: ='Tabla general'!E80 -> 27 | F18: ='Tabla general'!F80 -> SH | G18: ='Tabla general'!G80 -> 3 | H18: ='Tabla general'!H80 -> 46055 | ... J18: ='Tabla general'!J80 -> 18.4 | K18: ='Tabla general'!K80*0.49 -> 9.8686 | L18: ='Tabla general'!L80*1.53 -> 15.098958 | M18: ='Tabla general'!N80/200 -> 1.55105
A19: ='Tabla general'!A81 -> SB26ISAC27-SH-4 | B19: ='Tabla general'!B81 -> Sauvignon Blanc | C19: ='Tabla general'!C81 -> Maipo | D19: ='Tabla general'!D81 -> SANTA ISABEL | E19: ='Tabla general'!E81 -> 27 | F19: ='Tabla general'!F81 -> SH | G19: ='Tabla general'!G81 -> 4 | H19: ='Tabla general'!H81 -> 46062 | ... J19: ='Tabla general'!J81 -> 19.9 | K19: ='Tabla general'!K81*0.49 -> 7.2716 | L19: ='Tabla general'!L81*1.53 -> 11.125548 | M19: ='Tabla general'!N81/200 -> 1.7185
A20: ='Tabla general'!A82 -> SB26ISAC27-SH-5 | B20: ='Tabla general'!B82 -> Sauvignon Blanc | C20: ='Tabla general'!C82 -> Maipo | D20: ='Tabla general'!D82 -> SANTA ISABEL | E20: ='Tabla general'!E82 -> 27 | F20: ='Tabla general'!F82 -> SH | G20: ='Tabla general'!G82 -> 5 | H20: ='Tabla general'!H82 -> 46069 | ... J20: ='Tabla general'!J82 -> 23.7 | K20: ='Tabla general'!K82*0.49 -> 6.125 | L20: ='Tabla general'!L82*1.53 -> 9.37125 | M20: ='Tabla general'!N82/200 -> 1.768
A21: ='Tabla general'!A83 -> SB26ISAC27-SH-6 | B21: ='Tabla general'!B83 -> Sauvignon Blanc | C21: ='Tabla general'!C83 -> Maipo | D21: ='Tabla general'!D83 -> SANTA ISABEL | E21: ='Tabla general'!E83 -> 27 | F21: ='Tabla general'!F83 -> SH | G21: ='Tabla general'!G83 -> 6 | H21: ='Tabla general'!H83 -> 46076 | ... J21: ='Tabla general'!J83 -> 25.1 | K21: ='Tabla general'!K83*0.49 -> 5.2724 | L21: ='Tabla general'!L83*1.53 -> 8.066772 | M21: ='Tabla general'!N83/200 -> 1.7575
A22: ='Tabla general'!A84 -> SB26ISAC27-SH-7 | B22: ='Tabla general'!B84 -> Sauvignon Blanc | C22: ='Tabla general'!C84 -> Maipo | D22: ='Tabla general'!D84 -> SANTA ISABEL | E22: ='Tabla general'!E84 -> 27 | F22: ='Tabla general'!F84 -> SH | G22: ='Tabla general'!G84 -> 7 | H22: ='Tabla general'!H137 -> 46083 | I22: ='Tabla general'!I137 -> 3.23 | J22: ='Tabla general'!J84 -> 26.3 | K22: ='Tabla general'!K84*0.49 -> 4.9637 | L22: ='Tabla general'!L84*1.53 -> 7.594461 | M22: ='Tabla general'!N84/200 -> 1.768
A23: ='Tabla general'!A85 -> SB26ISAC27-SH-8 | B23: ='Tabla general'!B85 -> Sauvignon Blanc | C23: ='Tabla general'!C85 -> Maipo | D23: ='Tabla general'!D85 -> SANTA ISABEL | E23: ='Tabla general'!E85 -> 27 | F23: ='Tabla general'!F85 -> SH | G23: ='Tabla general'!G85 -> 8 | H23: ='Tabla general'!H85 -> 46090 | ... J23: ='Tabla general'!J85 -> 27.9 | K23: ='Tabla general'!K85*0.49 -> 4.8167 | L23: ='Tabla general'!L85*1.53 -> 7.369551 | M23: ='Tabla general'!N85/200 -> 1.657
A24: ='Tabla general'!A86 -> SB26ISAC27-SH-9 | B24: ='Tabla general'!B86 -> Sauvignon Blanc | C24: ='Tabla general'!C86 -> Maipo | D24: ='Tabla general'!D86 -> SANTA ISABEL | E24: ='Tabla general'!E86 -> 27 | F24: ='Tabla general'!F86 -> SH | G24: ='Tabla general'!G86 -> 9 | H24: ='Tabla general'!H86 -> 46097 | ... J24: ='Tabla general'!J86 -> 28.7 | K24: ='Tabla general'!K86*0.49 -> 4.6501 | L24: ='Tabla general'!L86*1.53 -> 7.114653 | M24: ='Tabla general'!N86/200 -> 1.7175
A25: ='Tabla general'!A87 -> SB26ISAC27-SH-10 | B25: ='Tabla general'!B87 -> Sauvignon Blanc | C25: ='Tabla general'!C87 -> Maipo | D25: ='Tabla general'!D87 -> SANTA ISABEL | E25: ='Tabla general'!E87 -> 27 | F25: ='Tabla general'!F87 -> SH | G25: ='Tabla general'!G87 -> 10 | H25: ='Tabla general'!H87 -> 46104 | ... J25: ='Tabla general'!J87 -> 28.7 | K25: ='Tabla general'!K87*0.49 -> 4.4296 | L25: ='Tabla general'!L87*1.53 -> 6.777288 | M25: ='Tabla general'!N87/200 -> 1.6475
A26: ='Tabla general'!A88 -> SB26ISAC27-SH-11 | B26: ='Tabla general'!B88 -> Sauvignon Blanc | C26: ='Tabla general'!C88 -> Maipo | D26: ='Tabla general'!D88 -> SANTA ISABEL | E26: ='Tabla general'!E88 -> 27 | F26: ='Tabla general'!F88 -> SH | G26: ='Tabla general'!G88 -> 11 | H26: ='Tabla general'!H88 -> 46111 | ... J26: ='Tabla general'!J88 -> 29.6 | K26: ='Tabla general'!K88*0.49 -> 3.9494 | L26: ='Tabla general'!L88*1.53 -> 6.042582 | M26: ='Tabla general'!N88/200 -> 1.622
A27: ='Tabla general'!A89 -> SB26ISAC27-SH-12 | B27: ='Tabla general'!B89 -> Sauvignon Blanc | C27: ='Tabla general'!C89 -> Maipo | D27: ='Tabla general'!D89 -> SANTA ISABEL | E27: ='Tabla general'!E89 -> 27 | F27: ='Tabla general'!F89 -> SH | G27: ='Tabla general'!G89 -> 12 | H27: ='Tabla general'!H89 -> 46118 | ... J27: ='Tabla general'!J89 -> 30.5 | K27: ='Tabla general'!K89*0.49 -> 3.7534 | L27: ='Tabla general'!L89*1.53 -> 5.742702 | M27: ='Tabla general'!N89/200 -> 1.5855
A28: ='Tabla general'!A90 -> SB26ISAC27-SH-13 | B28: ='Tabla general'!B90 -> Sauvignon Blanc | C28: ='Tabla general'!C90 -> Maipo | D28: ='Tabla general'!D90 -> SANTA ISABEL | E28: ='Tabla general'!E90 -> 27 | F28: ='Tabla general'!F90 -> SH | G28: ='Tabla general'!G90 -> 13 | H28: ='Tabla general'!H90 -> 46125 | ... J28: ='Tabla general'!J90 -> 31.6 | K28: ='Tabla general'!K90*0.49 -> 3.6015 | L28: ='Tabla general'!L90*1.53 -> 5.510295 | M28: ='Tabla general'!N90/200 -> 1.492

Sheet CH-Lourdes
A2: 2025
A3: Id. original muestra | B3: Variedad | C3: Valles | D3: Fundo | E3: Cuartel | F3: Hilera | G3: N°muestra | H3: Fecha | I3: pH | J3: Brix | K3: Acidez Sulfúrica | L3: Acidez Tartárica | M3: Peso baya
A4: CH25LOUC79-H156-1 | B4: Chardonnay | C4: Maule | D4: LOURDES | E4: 79 | F4: 156 | G4: =_xlfn.TEXTAFTER(A4, "-", 2) -> 1 | H4: 45681 | I4: 2.78 | J4: 11.7 | K4: 14.4844 | L4: 22.1611 | M4: 1.18
A5: CH25LOUC79-H156-2 | B5: Chardonnay | C5: Maule | D5: LOURDES | E5: 79 | F5: 156 | G5: =_xlfn.TEXTAFTER(A5, "-", 2) -> 2 | H5: 45688 | I5: 2.85 | J5: 13.1 | K5: 12.5342 | L5: 19.1773 | M5: 1.08
A6: CH25LOUC79-H156-3 | B6: Chardonnay | C6: Maule | D6: LOURDES | E6: 79 | F6: 156 | G6: =_xlfn.TEXTAFTER(A6, "-", 2) -> 3 | H6: 45692 | I6: 2.9 | J6: 16.1 | K6: 9.4178 | L6: 14.4092 | M6: 1.53
A7: CH25LOUC79-H156-4 | B7: Chardonnay | C7: Maule | D7: LOURDES | E7: 79 | F7: 156 | G7: =_xlfn.TEXTAFTER(A7, "-", 2) -> 4 | H7: 45698 | I7: 2.99 | J7: 17.5 | K7: 7.7714 | L7: 11.8902 | M7: 1.5
A8: CH25LOUC79-H156-5 | B8: Chardonnay | C8: Maule | D8: LOURDES | E8: 79 | F8: 156 | G8: =_xlfn.TEXTAFTER(A8, "-", 2) -> 5 | H8: 45705 | I8: 3.06 | J8: 19.5 | K8: 7.1736 | L8: 10.9756 | M8: 1.76
A9: CH25LOUC79-H156-6 | B9: Chardonnay | C9: Maule | D9: LOURDES | E9: 79 | F9: 156 | G9: =_xlfn.TEXTAFTER(A9, "-", 2) -> 6 | H9: 45712 | I9: 3.15 | J9: 20.8 | K9: 6.664 | L9: 10.1959 | M9: 1.87
A10: CH25LOUC79-H156-7 | B10: Chardonnay | C10: Maule | D10: LOURDES | E10: 79 | F10: 156 | G10: =_xlfn.TEXTAFTER(A10, "-", 2) -> 7 | H10: 45719 | I10: 3.26 | J10: 22.2 | K10: 5.4978 | L10: 8.4116 | M10: 1.85
A11: CH25LOUC79-H156-8 | B11: Chardonnay | C11: Maule | D11: LOURDES | E11: 79 | F11: 156 | G11: =_xlfn.TEXTAFTER(A11, "-", 2) -> 8 | H11: 45726 | I11: 3.33 | J11: 23.8 | K11: 5.3704 | L11: 8.2167 | M11: 2.05
A12: CH25LOUC79-H156-9 | B12: Chardonnay | C12: Maule | D12: LOURDES | E12: 79 | F12: 156 | G12: =_xlfn.TEXTAFTER(A12, "-", 2) -> 9 | H12: 45734 | I12: 3.44 | J12: 24.6 | K12: 5.2479 | L12: 8.0293 | M12: 2.08
A14: 2026
A15: Id. original muestra | B15: Variedad | C15: Valles | D15: Fundo | E15: Cuartel | F15: Hilera | G15: N°muestra | H15: Fecha | I15: pH | J15: Brix | K15: Acidez Sulfúrica | L15: Acidez Tartárica | M15: Peso baya
A16: ='Tabla general'!A92 -> CH26LOUC79-H156-1 | B16: ='Tabla general'!B92 -> Chardonnay | C16: ='Tabla general'!C92 -> Maule | D16: ='Tabla general'!D92 -> LOURDES | E16: ='Tabla general'!E92 -> 79 | F16: ='Tabla general'!F92 -> 156 | G16: ='Tabla general'!G92 -> 1 | H16: ='Tabla general'!H92 -> 46042 | ... J16: ='Tabla general'!J92 -> 12.7 | K16: ='Tabla general'!K92*0.49 -> 14.1512 | L16: ='Tabla general'!L92*1.53 -> 21.651336 | M16: ='Tabla general'!N92/200 -> 0.941
A17: ='Tabla general'!A93 -> CH26LOUC79-H156-2 | B17: ='Tabla general'!B93 -> Chardonnay | C17: ='Tabla general'!C93 -> Maule | D17: ='Tabla general'!D93 -> LOURDES | E17: ='Tabla general'!E93 -> 79 | F17: ='Tabla general'!F93 -> 156 | G17: ='Tabla general'!G93 -> 2 | H17: ='Tabla general'!H93 -> 46049 | ... J17: ='Tabla general'!J93 -> 14.7 | K17: ='Tabla general'!K93*0.49 -> 11.7208 | L17: ='Tabla general'!L93*1.53 -> 17.932824 | M17: ='Tabla general'!N93/200 -> 1.23085
A18: ='Tabla general'!A94 -> CH26LOUC79-H156-3 | B18: ='Tabla general'!B94 -> Chardonnay | C18: ='Tabla general'!C94 -> Maule | D18: ='Tabla general'!D94 -> LOURDES | E18: ='Tabla general'!E94 -> 79 | F18: ='Tabla general'!F94 -> 156 | G18: ='Tabla general'!G94 -> 3 | H18: ='Tabla general'!H94 -> 46056 | ... J18: ='Tabla general'!J94 -> 17.9 | K18: ='Tabla general'!K94*0.49 -> 7.5264 | L18: ='Tabla general'!L94*1.53 -> 11.515392 | M18: ='Tabla general'!N94/200 -> 1.28105
A19: ='Tabla general'!A95 -> CH26LOUC79-H156-4 | B19: ='Tabla general'!B95 -> Chardonnay | C19: ='Tabla general'!C95 -> Maule | D19: ='Tabla general'!D95 -> LOURDES | E19: ='Tabla general'!E95 -> 79 | F19: ='Tabla general'!F95 -> 156 | G19: ='Tabla general'!G95 -> 4 | H19: ='Tabla general'!H95 -> 46062 | ... J19: ='Tabla general'!J95 -> 18.8 | K19: ='Tabla general'!K95*0.49 -> 7.3402 | L19: ='Tabla general'!L95*1.53 -> 11.230506 | M19: ='Tabla general'!N95/200 -> 1.339
A20: ='Tabla general'!A96 -> CH26LOUC79-H156-5 | B20: ='Tabla general'!B96 -> Chardonnay | C20: ='Tabla general'!C96 -> Maule | D20: ='Tabla general'!D96 -> LOURDES | E20: ='Tabla general'!E96 -> 79 | F20: ='Tabla general'!F96 -> 156 | G20: ='Tabla general'!G96 -> 5 | H20: ='Tabla general'!H96 -> 46069 | ... J20: ='Tabla general'!J96 -> 20.4 | K20: ='Tabla general'!K96*0.49 -> 6.6444 | L20: ='Tabla general'!L96*1.53 -> 10.165932 | M20: ='Tabla general'!N96/200 -> 1.4255
A21: ='Tabla general'!A97 -> CH26LOUC79-H156-6 | B21: ='Tabla general'!B97 -> Chardonnay | C21: ='Tabla general'!C97 -> Maule | D21: ='Tabla general'!D97 -> LOURDES | E21: ='Tabla general'!E97 -> 79 | F21: ='Tabla general'!F97 -> 156 | G21: ='Tabla general'!G97 -> 6 | H21: ='Tabla general'!H97 -> 46076 | ... J21: ='Tabla general'!J97 -> 22.2 | K21: ='Tabla general'!K97*0.49 -> 5.145 | L21: ='Tabla general'!L97*1.53 -> 7.87185 | M21: ='Tabla general'!N97/200 -> 1.3465
A22: ='Tabla general'!A98 -> CH26LOUC79-H156-7 | B22: ='Tabla general'!B98 -> Chardonnay | C22: ='Tabla general'!C98 -> Maule | D22: ='Tabla general'!D98 -> LOURDES | E22: ='Tabla general'!E98 -> 79 | F22: ='Tabla general'!F98 -> 156 | G22: ='Tabla general'!G98 -> 7 | H22: ='Tabla general'!H98 -> 46084 | ... J22: ='Tabla general'!J98 -> 22.9 | K22: ='Tabla general'!K98*0.49 -> 5.1205 | L22: ='Tabla general'!L98*1.53 -> 7.834365 | M22: ='Tabla general'!N98/200 -> 1.428
A23: ='Tabla general'!A99 -> CH26LOUC79-H156-8 | B23: ='Tabla general'!B99 -> Chardonnay | C23: ='Tabla general'!C99 -> Maule | D23: ='Tabla general'!D99 -> LOURDES | E23: ='Tabla general'!E99 -> 79 | F23: ='Tabla general'!F99 -> 156 | G23: ='Tabla general'!G99 -> 8 | H23: ='Tabla general'!H99 -> 46090 | ... J23: ='Tabla general'!J99 -> 24.9 | K23: ='Tabla general'!K99*0.49 -> 4.6452 | L23: ='Tabla general'!L99*1.53 -> 7.107156 | M23: ='Tabla general'!N99/200 -> 1.213
A24: ='Tabla general'!A100 -> CH26LOUC79-H156-9 | B24: ='Tabla general'!B100 -> Chardonnay | C24: ='Tabla general'!C100 -> Maule | D24: ='Tabla general'!D100 -> LOURDES | E24: ='Tabla general'!E100 -> 79 | F24: ='Tabla general'!F100 -> 156 | G24: ='Tabla general'!G100 -> 9 | H24: ='Tabla general'!H100 -> 46097 | ... J24: ='Tabla general'!J100 -> 24.7 | K24: ='Tabla general'!K100*0.49 -> 4.5815 | L24: ='Tabla general'!L100*1.53 -> 7.009695 | M24: ='Tabla general'!N100/200 -> 1.1855
A25: ='Tabla general'!A101 -> CH26LOUC79-H156-10 | B25: ='Tabla general'!B101 -> Chardonnay | C25: ='Tabla general'!C101 -> Maule | D25: ='Tabla general'!D101 -> LOURDES | E25: ='Tabla general'!E101 -> 79 | F25: ='Tabla general'!F101 -> 156 | G25: ='Tabla general'!G101 -> 10 | H25: ='Tabla general'!H101 -> 46104 | ... J25: ='Tabla general'!J101 -> 24.3 | K25: ='Tabla general'!K101*0.49 -> 3.9494 | L25: ='Tabla general'!L101*1.53 -> 6.042582 | M25: ='Tabla general'!N101/200 -> 1.148
A26: ='Tabla general'!A102 -> CH26LOUC79-H156-11 | B26: ='Tabla general'!B102 -> Chardonnay | C26: ='Tabla general'!C102 -> Maule | D26: ='Tabla general'!D102 -> LOURDES | E26: ='Tabla general'!E102 -> 79 | F26: ='Tabla general'!F102 -> 156 | G26: ='Tabla general'!G102 -> 11 | H26: ='Tabla general'!H102 -> 46111 | ... J26: ='Tabla general'!J102 -> 24.5 | K26: ='Tabla general'!K102*0.49 -> 4.2238 | L26: ='Tabla general'!L102*1.53 -> 6.462414 | M26: ='Tabla general'!N102/200 -> 1.2855

Sheet SB-Mariposas
A2: 2025
A3: Id. original muestra | B3: Variedad | C3: Valles | D3: Fundo | E3: Cuartel | F3: Hilera | G3: N°muestra | H3: Fecha | I3: pH | J3: Brix | K3: Acidez Sulfúrica | L3: Acidez Tartárica | M3: Peso baya
A4: SB25MARC7-H112-1 | B4: Sauvignon Blanc | C4: Maule | D4: MARIPOSAS | E4: 7 | F4: 112 | G4: =_xlfn.TEXTAFTER(A4, "-", 2) -> 1 | H4: 45679 | I4: 2.61 | J4: 9.6 | K4: 22.0892 | L4: 33.7873 | M4: 1.3
A5: SB25MARC7-H112-2 | B5: Sauvignon Blanc | C5: Maule | D5: MARIPOSAS | E5: 7 | F5: 112 | G5: =_xlfn.TEXTAFTER(A5, "-", 2) -> 2 | H5: 45686 | I5: 2.51 | J5: 10.1 | K5: 19.7078 | L5: 30.1529 | M5: 1.15
A6: SB25MARC7-H112-3 | B6: Sauvignon Blanc | C6: Maule | D6: MARIPOSAS | E6: 7 | F6: 112 | G6: =_xlfn.TEXTAFTER(A6, "-", 2) -> 3 | H6: 45694 | I6: 2.73 | J6: 15.7 | K6: 11.8384 | L6: 18.1128 | M6: 2.01
A7: SB25MARC7-H112-4 | B7: Sauvignon Blanc | C7: Maule | D7: MARIPOSAS | E7: 7 | F7: 112 | G7: =_xlfn.TEXTAFTER(A7, "-", 2) -> 4 | H7: 45700 | I7: 2.83 | J7: 18 | K7: 9.2022 | L7: 14.0794 | M7: 1.88
A8: SB25MARC7-H112-5 | B8: Sauvignon Blanc | C8: Maule | D8: MARIPOSAS | E8: 7 | F8: 112 | G8: =_xlfn.TEXTAFTER(A8, "-", 2) -> 5 | H8: 45707 | I8: 2.9 | J8: 20 | K8: 8.0752 | L8: 12.3551 | M8: 1.86
A9: SB25MARC7-H112-6 | B9: Sauvignon Blanc | C9: Maule | D9: MARIPOSAS | E9: 7 | F9: 112 | G9: =_xlfn.TEXTAFTER(A9, "-", 2) -> 6 | H9: 45714 | I9: 2.92 | J9: 21.2 | K9: 6.7914 | L9: 10.3908 | M9: 2.04
A10: SB25MARC7-H112-7 | B10: Sauvignon Blanc | C10: Maule | D10: MARIPOSAS | E10: 7 | F10: 112 | G10: =_xlfn.TEXTAFTER(A10, "-", 2) -> 7 | H10: 45721 | I10: 3.14 | J10: 22.3 | K10: 5.6644 | L10: 8.6665 | M10: 2.17
A11: SB25MARC7-H112-8 | B11: Sauvignon Blanc | C11: Maule | D11: MARIPOSAS | E11: 7 | F11: 112 | G11: =_xlfn.TEXTAFTER(A11, "-", 2) -> 8 | H11: 45700 | I11: 3.25 | J11: 23 | K11: 5.1744 | L11: 7.9168 | M11: 2.07
A12: SB25MARC7-H112-9 | B12: Sauvignon Blanc | C12: Maule | D12: MARIPOSAS | E12: 7 | F12: 112 | G12: =_xlfn.TEXTAFTER(A12, "-", 2) -> 9 | H12: 45735 | I12: 3.22 | J12: 23.8 | K12: 5.1156 | L12: 7.8269 | M12: 1.95
A14: 2026
A15: Id. original muestra | B15: Variedad | C15: Valles | D15: Fundo | E15: Cuartel | F15: Hilera | G15: N°muestra | H15: Fecha | I15: pH | J15: Brix | K15: Acidez Sulfúrica | L15: Acidez Tartárica | M15: Peso baya
A16: ='Tabla general'!A103 -> SB26MARC7-H112-1 | B16: ='Tabla general'!B103 -> Sauvignon Blanc | C16: ='Tabla general'!C103 -> Maule | D16: ='Tabla general'!D103 -> MARIPOSAS | E16: ='Tabla general'!E103 -> 7 | F16: ='Tabla general'!F103 -> 112 | G16: ='Tabla general'!G103 -> 1 | H16: ='Tabla general'!H103 -> 46037 | ... J16: ='Tabla general'!J103 -> 9.2 | K16: ='Tabla general'!K103*0.49 -> 19.8744 | L16: ='Tabla general'!L103*1.53 -> 30.407832 | M16: ='Tabla general'!N103/'Tabla general'!O103 -> 1.0843005
A17: ='Tabla general'!A104 -> SB26MARC7-H112-2 | B17: ='Tabla general'!B104 -> Sauvignon Blanc | C17: ='Tabla general'!C104 -> Maule | D17: ='Tabla general'!D104 -> MARIPOSAS | E17: ='Tabla general'!E104 -> 7 | F17: ='Tabla general'!F104 -> 112 | G17: ='Tabla general'!G104 -> 2 | H17: ='Tabla general'!H104 -> 46044 | ... J17: ='Tabla general'!J104 -> 12.5 | K17: ='Tabla general'!K104*0.49 -> 14.112 | L17: ='Tabla general'!L104*1.53 -> 21.59136 | M17: ='Tabla general'!N104/'Tabla general'!O104 -> 1.448
A18: ='Tabla general'!A105 -> SB26MARC7-H112-3 | B18: ='Tabla general'!B105 -> Sauvignon Blanc | C18: ='Tabla general'!C105 -> Maule | D18: ='Tabla general'!D105 -> MARIPOSAS | E18: ='Tabla general'!E105 -> 7 | F18: ='Tabla general'!F105 -> 112 | G18: ='Tabla general'!G105 -> 3 | H18: ='Tabla general'!H105 -> 46050 | ... J18: ='Tabla general'!J105 -> 14.4 | K18: ='Tabla general'!K105*0.49 -> 12.7988 | L18: ='Tabla general'!L105*1.53 -> 19.582164 | M18: ='Tabla general'!N105/'Tabla general'!O105 -> 1.66595
A19: ='Tabla general'!A106 -> SB26MARC7-H112-4 | B19: ='Tabla general'!B106 -> Sauvignon Blanc | C19: ='Tabla general'!C106 -> Maule | D19: ='Tabla general'!D106 -> MARIPOSAS | E19: ='Tabla general'!E106 -> 7 | F19: ='Tabla general'!F106 -> 112 | G19: ='Tabla general'!G106 -> 4 | H19: ='Tabla general'!H106 -> 46058 | ... J19: ='Tabla general'!J106 -> 16.3 | K19: ='Tabla general'!K106*0.49 -> 8.9278 | L19: ='Tabla general'!L106*1.53 -> 13.659534 | M19: ='Tabla general'!N106/'Tabla general'!O106 -> 1.844
A20: ='Tabla general'!A107 -> SB26MARC7-H112-5 | B20: ='Tabla general'!B107 -> Sauvignon Blanc | C20: ='Tabla general'!C107 -> Maule | D20: ='Tabla general'!D107 -> MARIPOSAS | E20: ='Tabla general'!E107 -> 7 | F20: ='Tabla general'!F107 -> 112 | G20: ='Tabla general'!G107 -> 5 | H20: ='Tabla general'!H107 -> 46065 | ... J20: ='Tabla general'!J107 -> 19.1 | K20: ='Tabla general'!K107*0.49 -> 7.7616 | L20: ='Tabla general'!L107*1.53 -> 11.875248 | M20: ='Tabla general'!N107/'Tabla general'!O107 -> 1.769
A21: ='Tabla general'!A108 -> SB26MARC7-H112-6 | B21: ='Tabla general'!B108 -> Sauvignon Blanc | C21: ='Tabla general'!C108 -> Maule | D21: ='Tabla general'!D108 -> MARIPOSAS | E21: ='Tabla general'!E108 -> 7 | F21: ='Tabla general'!F108 -> 112 | G21: ='Tabla general'!G108 -> 6 | H21: ='Tabla general'!H108 -> 46071 | ... J21: ='Tabla general'!J108 -> 20.3 | K21: ='Tabla general'!K108*0.49 -> 6.468 | L21: ='Tabla general'!L108*1.53 -> 9.89604 | M21: ='Tabla general'!N108/'Tabla general'!O108 -> 1.8085
A22: ='Tabla general'!A109 -> SB26MARC7-H112-7 | B22: ='Tabla general'!B109 -> Sauvignon Blanc | C22: ='Tabla general'!C109 -> Maule | D22: ='Tabla general'!D109 -> MARIPOSAS | E22: ='Tabla general'!E109 -> 7 | F22: ='Tabla general'!F109 -> 112 | G22: ='Tabla general'!G109 -> 7 | H22: ='Tabla general'!H109 -> 46079 | ... J22: ='Tabla general'!J109 -> 22.6 | K22: ='Tabla general'!K109*0.49 -> 5.6448 | L22: ='Tabla general'!L109*1.53 -> 8.636544 | M22: ='Tabla general'!N109/'Tabla general'!O109 -> 1.96
A23: ='Tabla general'!A110 -> SB26MARC7-H112-8 | B23: ='Tabla general'!B110 -> Sauvignon Blanc | C23: ='Tabla general'!C110 -> Maule | D23: ='Tabla general'!D110 -> MARIPOSAS | E23: ='Tabla general'!E110 -> 7 | F23: ='Tabla general'!F110 -> 112 | G23: ='Tabla general'!G110 -> 8 | H23: ='Tabla general'!H110 -> 46086 | ... J23: ='Tabla general'!J110 -> 23.2 | K23: ='Tabla general'!K110*0.49 -> 5.0225 | L23: ='Tabla general'!L110*1.53 -> 7.684425 | M23: ='Tabla general'!N110/'Tabla general'!O110 -> 2.061
A24: ='Tabla general'!A111 -> SB26MARC7-H112-9 | B24: ='Tabla general'!B111 -> Sauvignon Blanc | C24: ='Tabla general'!C111 -> Maule | D24: ='Tabla general'!D111 -> MARIPOSAS | E24: ='Tabla general'!E111 -> 7 | F24: ='Tabla general'!F111 -> 112 | G24: ='Tabla general'!G111 -> 9 | H24: ='Tabla general'!H111 -> 46093 | ... J24: ='Tabla general'!J111 -> 23.8 | K24: ='Tabla general'!K111*0.49 -> 4.6795 | L24: ='Tabla general'!L111*1.53 -> 7.159635 | M24: ='Tabla general'!N111/'Tabla general'!O111 -> 2.0935
A25: ='Tabla general'!A112 -> SB26MARC7-H112-10 | B25: ='Tabla general'!B112 -> Sauvignon Blanc | C25: ='Tabla general'!C112 -> Maule | D25: ='Tabla general'!D112 -> MARIPOSAS | E25: ='Tabla general'!E112 -> 7 | F25: ='Tabla general'!F112 -> 112 | G25: ='Tabla general'!G112 -> 10 | H25: ='Tabla general'!H112 -> 46108 | ... J25: ='Tabla general'!J112 -> 24.8 | K25: ='Tabla general'!K112*0.49 -> 4.5178 | L25: ='Tabla general'!L112*1.53 -> 6.912234 | M25: ='Tabla general'!N112/'Tabla general'!O112 -> 1.9325
A26: ='Tabla general'!A113 -> SB26MARC7-H112-11 | B26: ='Tabla general'!B113 -> Sauvignon Blanc | C26: ='Tabla general'!C113 -> Maule | D26: ='Tabla general'!D113 -> MARIPOSAS | E26: ='Tabla general'!E113 -> 7 | F26: ='Tabla general'!F113 -> 112 | G26: ='Tabla general'!G113 -> 11 | H26: ='Tabla general'!H113 -> 46114 | ... J26: ='Tabla general'!J113 -> 25.3 | K26: ='Tabla general'!K113*0.49 -> 4.8853 | L26: ='Tabla general'!L113*1.53 -> 7.474509 | M26: ='Tabla general'!N113/'Tabla general'!O113 -> 2.0505
A27: ='Tabla general'!A114 -> SB26MARC7-H112-12 | B27: ='Tabla general'!B114 -> Sauvignon Blanc | C27: ='Tabla general'!C114 -> Maule | D27: ='Tabla general'!D114 -> MARIPOSAS | E27: ='Tabla general'!E114 -> 7 | F27: ='Tabla general'!F114 -> 112 | G27: ='Tabla general'!G114 -> 12 | H27: ='Tabla general'!H114 -> 46121 | ... J27: ='Tabla general'!J114 -> 25.1 | K27: ='Tabla general'!K114*0.49 -> 4.5129 | L27: ='Tabla general'!L114*1.53 -> 6.904737 | M27: ='Tabla general'!N114/'Tabla general'!O114 -> 2.042
A28: ='Tabla general'!A115 -> SB26MARC7-H112-13 | B28: ='Tabla general'!B115 -> Sauvignon Blanc | C28: ='Tabla general'!C115 -> Maule | D28: ='Tabla general'!D115 -> MARIPOSAS | E28: ='Tabla general'!E115 -> 7 | F28: ='Tabla general'!F115 -> 112 | G28: ='Tabla general'!G115 -> 13 | H28: ='Tabla general'!H115 -> 46128 | ... J28: ='Tabla general'!J115 -> 25.3 | K28: ='Tabla general'!K115*0.49 -> 4.1993 | L28: ='Tabla general'!L115*1.53 -> 6.424929 | M28: ='Tabla general'!N115/'Tabla general'!O115 -> 1.922

Sheet CH-Quebrada_Agua
A2: 2025
A3: Id. original muestra | B3: Variedad | C3: Valles | D3: Fundo | E3: Cuartel | F3: Hilera | G3: N°muestra | H3: Fecha | I3: pH | J3: Brix | K3: Acidez Sulfúrica | L3: Acidez Tartárica | M3: Peso baya
A4: CH25QAGC45-H15-1 | B4: Chardonnay | C4: Maule | D4: QUEBRADA DE AGUA | E4: 45 | F4: 15 | G4: =_xlfn.TEXTAFTER(A4, "-", 2) -> 1 | H4: 45686 | I4: 2.61 | J4: 10.7 | K4: 15.1802 | L4: 23.2257 | M4: 1.08
A5: CH25QAGC45-H15-2 | B5: Chardonnay | C5: Maule | D5: QUEBRADA DE AGUA | E5: 45 | F5: 15 | G5: =_xlfn.TEXTAFTER(A5, "-", 2) -> 2 | H5: 45694 | I5: 2.78 | J5: 14.4 | K5: 9.3198 | L5: 14.2593 | M5: 1.21
A6: CH25QAGC45-H15-3 | B6: Chardonnay | C6: Maule | D6: QUEBRADA DE AGUA | E6: 45 | F6: 15 | G6: =_xlfn.TEXTAFTER(A6, "-", 2) -> 3 | H6: 45700 | I6: 2.85 | J6: 17.2 | K6: 7.7616 | L6: 11.8752 | M6: 1.43
A7: CH25QAGC45-H15-4 | B7: Chardonnay | C7: Maule | D7: QUEBRADA DE AGUA | E7: 45 | F7: 15 | G7: =_xlfn.TEXTAFTER(A7, "-", 2) -> 4 | H7: 45707 | I7: 2.92 | J7: 19 | K7: 6.1642 | L7: 9.4312 | M7: 1.55
A8: CH25QAGC45-H15-5 | B8: Chardonnay | C8: Maule | D8: QUEBRADA DE AGUA | E8: 45 | F8: 15 | G8: =_xlfn.TEXTAFTER(A8, "-", 2) -> 5 | H8: 45714 | I8: 2.98 | J8: 21.3 | K8: 5.4292 | L8: 8.3067 | M8: 1.68
A9: CH25QAGC45-H15-6 | B9: Chardonnay | C9: Maule | D9: QUEBRADA DE AGUA | E9: 45 | F9: 15 | G9: =_xlfn.TEXTAFTER(A9, "-", 2) -> 6 | H9: 45721 | I9: 3.13 | J9: 21.7 | K9: 5.4096 | L9: 8.2767 | M9: 1.97
A10: CH25QAGC45-H15-7 | B10: Chardonnay | C10: Maule | D10: QUEBRADA DE AGUA | E10: 45 | F10: 15 | G10: =_xlfn.TEXTAFTER(A10, "-", 2) -> 7 | H10: 45728 | I10: 3.29 | J10: 21.8 | K10: 5.3704 | L10: 8.2167 | M10: 1.76
A11: CH25QAGC45-H15-8 | B11: Chardonnay | C11: Maule | D11: QUEBRADA DE AGUA | E11: 45 | F11: 15 | G11: =_xlfn.TEXTAFTER(A11, "-", 2) -> 8 | H11: 45735 | I11: 3.21 | J11: 22.3 | K11: 5.1009 | L11: 7.8044 | M11: 1.81
A13: 2026
A14: Id. original muestra | B14: Variedad | C14: Valles | D14: Fundo | E14: Cuartel | F14: Hilera | G14: N°muestra | H14: Fecha | I14: pH | J14: Brix | K14: Acidez Sulfúrica | L14: Acidez Tartárica | M14: Peso baya
A15: ='Tabla general'!A117 -> CH26QAGC45-H15-1 | B15: ='Tabla general'!B117 -> Chardonnay | C15: ='Tabla general'!C117 -> Maule | D15: ='Tabla general'!D117 -> QUEBRADA DE AGUA | E15: ='Tabla general'!E117 -> 45 | F15: ='Tabla general'!F117 -> 15 | G15: ='Tabla general'!G117 -> 1 | H15: ='Tabla general'!H117 -> 46037 | ... J15: ='Tabla general'!J117 -> 9.4 | K15: ='Tabla general'!K117*0.49 -> 15.4644 | L15: ='Tabla general'!L117*1.53 -> 23.660532 | M15: ='Tabla general'!N117/'Tabla general'!O117 -> 1.3307407
A16: ='Tabla general'!A118 -> CH26QAGC45-H15-2 | B16: ='Tabla general'!B118 -> Chardonnay | C16: ='Tabla general'!C118 -> Maule | D16: ='Tabla general'!D118 -> QUEBRADA DE AGUA | E16: ='Tabla general'!E118 -> 45 | F16: ='Tabla general'!F118 -> 15 | G16: ='Tabla general'!G118 -> 2 | H16: ='Tabla general'!H118 -> 46044 | ... J16: ='Tabla general'!J118 -> 13.9 | K16: ='Tabla general'!K118*0.49 -> 11.711 | L16: ='Tabla general'!L118*1.53 -> 17.91783 | M16: ='Tabla general'!N118/'Tabla general'!O118 -> 1.2955
A17: ='Tabla general'!A119 -> CH26QAGC45-H15-3 | B17: ='Tabla general'!B119 -> Chardonnay | C17: ='Tabla general'!C119 -> Maule | D17: ='Tabla general'!D119 -> QUEBRADA DE AGUA | E17: ='Tabla general'!E119 -> 45 | F17: ='Tabla general'!F119 -> 15 | G17: ='Tabla general'!G119 -> 3 | H17: ='Tabla general'!H119 -> 46050 | ... J17: ='Tabla general'!J119 -> 15.6 | K17: ='Tabla general'!K119*0.49 -> 8.5064 | L17: ='Tabla general'!L119*1.53 -> 13.014792 | M17: ='Tabla general'!N119/'Tabla general'!O119 -> 1.3215
A18: ='Tabla general'!A120 -> CH26QAGC45-H15-4 | B18: ='Tabla general'!B120 -> Chardonnay | C18: ='Tabla general'!C120 -> Maule | D18: ='Tabla general'!D120 -> QUEBRADA DE AGUA | E18: ='Tabla general'!E120 -> 45 | F18: ='Tabla general'!F120 -> 15 | G18: ='Tabla general'!G120 -> 4 | H18: ='Tabla general'!H120 -> 46058 | ... J18: ='Tabla general'!J120 -> 18.3 | K18: ='Tabla general'!K120*0.49 -> 6.5366 | L18: ='Tabla general'!L120*1.53 -> 10.000998 | M18: ='Tabla general'!N120/'Tabla general'!O120 -> 1.593
A19: ='Tabla general'!A121 -> CH26QAGC45-H15-5 | B19: ='Tabla general'!B121 -> Chardonnay | C19: ='Tabla general'!C121 -> Maule | D19: ='Tabla general'!D121 -> QUEBRADA DE AGUA | E19: ='Tabla general'!E121 -> 45 | F19: ='Tabla general'!F121 -> 15 | G19: ='Tabla general'!G121 -> 5 | H19: ='Tabla general'!H121 -> 46065 | ... J19: ='Tabla general'!J121 -> 19.8 | K19: ='Tabla general'!K121*0.49 -> 5.7722 | L19: ='Tabla general'!L121*1.53 -> 8.831466 | M19: ='Tabla general'!N121/'Tabla general'!O121 -> 1.6
A20: ='Tabla general'!A122 -> CH26QAGC45-H15-6 | B20: ='Tabla general'!B122 -> Chardonnay | C20: ='Tabla general'!C122 -> Maule | D20: ='Tabla general'!D122 -> QUEBRADA DE AGUA | E20: ='Tabla general'!E122 -> 45 | F20: ='Tabla general'!F122 -> 15 | G20: ='Tabla general'!G122 -> 6 | H20: ='Tabla general'!H122 -> 46071 | ... J20: ='Tabla general'!J122 -> 21.2 | K20: ='Tabla general'!K122*0.49 -> 5.047 | L20: ='Tabla general'!L122*1.53 -> 7.72191 | M20: ='Tabla general'!N122/'Tabla general'!O122 -> 1.64
A21: ='Tabla general'!A123 -> CH26QAGC45-H15-7 | B21: ='Tabla general'!B123 -> Chardonnay | C21: ='Tabla general'!C123 -> Maule | D21: ='Tabla general'!D123 -> QUEBRADA DE AGUA | E21: ='Tabla general'!E123 -> 45 | F21: ='Tabla general'!F123 -> 15 | G21: ='Tabla general'!G123 -> 7 | H21: ='Tabla general'!H123 -> 46079 | ... J21: ='Tabla general'!J123 -> 23.8 | K21: ='Tabla general'!K123*0.49 -> 4.6942 | L21: ='Tabla general'!L123*1.53 -> 7.182126 | M21: ='Tabla general'!N123/'Tabla general'!O123 -> 1.6605
A22: ='Tabla general'!A124 -> CH26QAGC45-H15-8 | B22: ='Tabla general'!B124 -> Chardonnay | C22: ='Tabla general'!C124 -> Maule | D22: ='Tabla general'!D124 -> QUEBRADA DE AGUA | E22: ='Tabla general'!E124 -> 45 | F22: ='Tabla general'!F124 -> 15 | G22: ='Tabla general'!G124 -> 8 | H22: ='Tabla general'!H124 -> 46086 | ... J22: ='Tabla general'!J124 -> 23.9 | K22: ='Tabla general'!K124*0.49 -> 4.3806 | L22: ='Tabla general'!L124*1.53 -> 6.702318 | M22: ='Tabla general'!N124/'Tabla general'!O124 -> 1.712
A23: ='Tabla general'!A125 -> CH26QAGC45-H15-9 | B23: ='Tabla general'!B125 -> Chardonnay | C23: ='Tabla general'!C125 -> Maule | D23: ='Tabla general'!D125 -> QUEBRADA DE AGUA | E23: ='Tabla general'!E125 -> 45 | F23: ='Tabla general'!F125 -> 15 | G23: ='Tabla general'!G125 -> 9 | H23: ='Tabla general'!H125 -> 46093 | ... J23: ='Tabla general'!J125 -> 25.4 | K23: ='Tabla general'!K125*0.49 -> 4.2826 | L23: ='Tabla general'!L125*1.53 -> 6.552378 | M23: ='Tabla general'!N125/'Tabla general'!O125 -> 1.676
A24: ='Tabla general'!A126 -> CH26QAGC45-H15-10 | B24: ='Tabla general'!B126 -> Chardonnay | C24: ='Tabla general'!C126 -> Maule | D24: ='Tabla general'!D126 -> QUEBRADA DE AGUA | E24: ='Tabla general'!E126 -> 45 | F24: ='Tabla general'!F126 -> 15 | G24: ='Tabla general'!G126 -> 10 | H24: ='Tabla general'!H126 -> 46108 | ... J24: ='Tabla general'!J126 -> 25.7 | K24: ='Tabla general'!K126*0.49 -> 3.9739 | L24: ='Tabla general'!L126*1.53 -> 6.080067 | M24: ='Tabla general'!N126/'Tabla general'!O126 -> 1.498
A25: ='Tabla general'!A127 -> CH26QAGC45-H15-11 | B25: ='Tabla general'!B127 -> Chardonnay | C25: ='Tabla general'!C127 -> Maule | D25: ='Tabla general'!D127 -> QUEBRADA DE AGUA | E25: ='Tabla general'!E127 -> 45 | F25: ='Tabla general'!F127 -> 15 | G25: ='Tabla general'!G127 -> 11 | H25: ='Tabla general'!H127 -> 46114 | ... J25: ='Tabla general'!J127 -> 25.6 | K25: ='Tabla general'!K127*0.49 -> 4.263 | L25: ='Tabla general'!L127*1.53 -> 6.52239 | M25: ='Tabla general'!N127/'Tabla general'!O127 -> 1.5985
A26: ='Tabla general'!A128 -> CH26QAGC45-H15-12 | B26: ='Tabla general'!B128 -> Chardonnay | C26: ='Tabla general'!C128 -> Maule | D26: ='Tabla general'!D128 -> QUEBRADA DE AGUA | E26: ='Tabla general'!E128 -> 45 | F26: ='Tabla general'!F128 -> 15 | G26: ='Tabla general'!G128 -> 12 | H26: ='Tabla general'!H128 -> 46121 | ... J26: ='Tabla general'!J128 -> 26 | K26: ='Tabla general'!K128*0.49 -> 3.9445 | L26: ='Tabla general'!L128*1.53 -> 6.035085 | M26: ='Tabla general'!N128/'Tabla general'!O128 -> 1.4745
A27: ='Tabla general'!A129 -> CH26QAGC45-H15-13 | B27: ='Tabla general'!B129 -> Chardonnay | C27: ='Tabla general'!C129 -> Maule | D27: ='Tabla general'!D129 -> QUEBRADA DE AGUA | E27: ='Tabla general'!E129 -> 45 | F27: ='Tabla general'!F129 -> 15 | G27: ='Tabla general'!G129 -> 13 | H27: ='Tabla general'!H129 -> 46128 | ... J27: ='Tabla general'!J129 -> 25.9 | K27: ='Tabla general'!K129*0.49 -> 4.0131 | L27: ='Tabla general'!L129*1.53 -> 6.140043 | M27: ='Tabla general'!N129/'Tabla general'!O129 -> 1.6555

Sheet CH-Santa_Isabel
A2: 2025
A3: Id. original muestra | B3: Variedad | C3: Valles | D3: Fundo | E3: Cuartel | F3: Hilera | G3: N°muestra | H3: Fecha | I3: pH | J3: Brix | K3: Acidez Sulfúrica | L3: Acidez Tartárica | M3: Peso baya
A4: CH25ISAC25-H1-1 | B4: Chardonnay | C4: Maipo | D4: SANTA ISABEL | E4: 25 | F4: 1 | G4: =_xlfn.TEXTAFTER(A4, "-", 2) -> 1 | H4: 45685 | I4: 2.89 | J4: 16.1 | K4: 11.4366 | L4: 17.488 | M4: 1.49
A5: CH25ISAC25-H1-2 | B5: Chardonnay | C5: Maipo | D5: SANTA ISABEL | E5: 25 | F5: 1 | G5: =_xlfn.TEXTAFTER(A5, "-", 2) -> 2 | H5: 45693 | I5: 2.78 | J5: 16.4 | K5: 11.1916 | L5: 17.1231 | M5: 1.41
A6: CH25ISAC25-H1-3 | B6: Chardonnay | C6: Maipo | D6: SANTA ISABEL | E6: 25 | F6: 1 | G6: =_xlfn.TEXTAFTER(A6, "-", 2) -> 3 | H6: 45699 | I6: 3.04 | J6: 19.2 | K6: 8.2418 | L6: 12.6099 | M6: 1.56
A7: CH25ISAC25-H1-4 | B7: Chardonnay | C7: Maipo | D7: SANTA ISABEL | E7: 25 | F7: 1 | G7: =_xlfn.TEXTAFTER(A7, "-", 2) -> 4 | H7: 45707 | I7: 3.16 | J7: 21.5 | K7: 6.9972 | L7: 10.7057 | M7: 1.58
A8: CH25ISAC25-H1-5 | B8: Chardonnay | C8: Maipo | D8: SANTA ISABEL | E8: 25 | F8: 1 | G8: =_xlfn.TEXTAFTER(A8, "-", 2) -> 5 | H8: 45715 | I8: 3.17 | J8: 22.7 | K8: 6.2328 | L8: 9.5362 | M8: 1.53
A9: CH25ISAC25-H1-6 | B9: Chardonnay | C9: Maipo | D9: SANTA ISABEL | E9: 25 | F9: 1 | G9: =_xlfn.TEXTAFTER(A9, "-", 2) -> 6 | H9: 05/03/2025 | I9: 3.31 | J9: 23.2 | K9: 5.8212 | L9: 8.9064 | M9: 1.79
A10: CH25ISAC25-H1-7 | B10: Chardonnay | C10: Maipo | D10: SANTA ISABEL | E10: 25 | F10: 1 | G10: =_xlfn.TEXTAFTER(A10, "-", 2) -> 7 | H10: 45726 | I10: 3.33 | J10: 24.2 | K10: 5.3508 | L10: 8.1867 | M10: 1.7
A11: CH25ISAC25-H1-8 | B11: Chardonnay | C11: Maipo | D11: SANTA ISABEL | E11: 25 | F11: 1 | G11: =_xlfn.TEXTAFTER(A11, "-", 2) -> 8 | H11: 45733 | I11: 3.43 | J11: 24.9 | K11: 5.3067 | L11: 8.1193 | M11: 1.66
A13: 2026
A14: Id. original muestra | B14: Variedad | C14: Valles | D14: Fundo | E14: Cuartel | F14: Hilera | G14: N°muestra | H14: Fecha | I14: pH | J14: Brix | K14: Acidez Sulfúrica | L14: Acidez Tartárica | M14: Peso baya
A15: ='Tabla general'!A131 -> CH26ISAC25-H1-1 | B15: ='Tabla general'!B131 -> Chardonnay | C15: ='Tabla general'!C131 -> Maipo | D15: ='Tabla general'!D131 -> SANTA ISABEL | E15: ='Tabla general'!E131 -> 25 | F15: ='Tabla general'!F131 -> 1 | G15: ='Tabla general'!G131 -> 1 | H15: ='Tabla general'!H131 -> 46042 | ... J15: ='Tabla general'!J131 -> 12 | K15: ='Tabla general'!K131*0.49 -> 15.7486 | L15: ='Tabla general'!L131*1.53 -> 24.095358 | M15: ='Tabla general'!N131/'Tabla general'!O131 -> 1.1263
A16: ='Tabla general'!A132 -> CH26ISAC25-H1-2 | B16: ='Tabla general'!B132 -> Chardonnay | C16: ='Tabla general'!C132 -> Maipo | D16: ='Tabla general'!D132 -> SANTA ISABEL | E16: ='Tabla general'!E132 -> 25 | F16: ='Tabla general'!F132 -> 1 | G16: ='Tabla general'!G132 -> 2 | H16: ='Tabla general'!H132 -> 46048 | ... J16: ='Tabla general'!J132 -> 14.3 | K16: ='Tabla general'!K132*0.49 -> 12.0932 | L16: ='Tabla general'!L132*1.53 -> 18.502596 | M16: ='Tabla general'!N132/'Tabla general'!O132 -> 1.3056
A17: ='Tabla general'!A133 -> CH26ISAC25-H1-3 | B17: ='Tabla general'!B133 -> Chardonnay | C17: ='Tabla general'!C133 -> Maipo | D17: ='Tabla general'!D133 -> SANTA ISABEL | E17: ='Tabla general'!E133 -> 25 | F17: ='Tabla general'!F133 -> 1 | G17: ='Tabla general'!G133 -> 3 | H17: ='Tabla general'!H133 -> 46055 | ... J17: ='Tabla general'!J133 -> 16.8 | K17: ='Tabla general'!K133*0.49 -> 9.4276 | L17: ='Tabla general'!L133*1.53 -> 14.424228 | M17: ='Tabla general'!N133/'Tabla general'!O133 -> 1.4241
A18: ='Tabla general'!A134 -> CH26ISAC25-H1-4 | B18: ='Tabla general'!B134 -> Chardonnay | C18: ='Tabla general'!C134 -> Maipo | D18: ='Tabla general'!D134 -> SANTA ISABEL | E18: ='Tabla general'!E134 -> 25 | F18: ='Tabla general'!F134 -> 1 | G18: ='Tabla general'!G134 -> 4 | H18: ='Tabla general'!H134 -> 46062 | ... J18: ='Tabla general'!J134 -> 18.7 | K18: ='Tabla general'!K134*0.49 -> 8.0066 | L18: ='Tabla general'!L134*1.53 -> 12.250098 | M18: ='Tabla general'!N134/'Tabla general'!O134 -> 1.601
A19: ='Tabla general'!A135 -> CH26ISAC25-H1-5 | B19: ='Tabla general'!B135 -> Chardonnay | C19: ='Tabla general'!C135 -> Maipo | D19: ='Tabla general'!D135 -> SANTA ISABEL | E19: ='Tabla general'!E135 -> 25 | F19: ='Tabla general'!F135 -> 1 | G19: ='Tabla general'!G135 -> 5 | H19: ='Tabla general'!H135 -> 46069 | ... J19: ='Tabla general'!J135 -> 19.9 | K19: ='Tabla general'!K135*0.49 -> 6.8992 | L19: ='Tabla general'!L135*1.53 -> 10.555776 | M19: ='Tabla general'!N135/'Tabla general'!O135 -> 1.6335
A20: ='Tabla general'!A136 -> CH26ISAC25-H1-6 | B20: ='Tabla general'!B136 -> Chardonnay | C20: ='Tabla general'!C136 -> Maipo | D20: ='Tabla general'!D136 -> SANTA ISABEL | E20: ='Tabla general'!E136 -> 25 | F20: ='Tabla general'!F136 -> 1 | G20: ='Tabla general'!G136 -> 6 | H20: ='Tabla general'!H136 -> 46076 | ... J20: ='Tabla general'!J136 -> 21.5 | K20: ='Tabla general'!K136*0.49 -> 5.8604 | L20: ='Tabla general'!L136*1.53 -> 8.966412 | M20: ='Tabla general'!N136/'Tabla general'!O136 -> 1.487
A21: ='Tabla general'!A137 -> CH26ISAC25-H1-7 | B21: ='Tabla general'!B137 -> Chardonnay | C21: ='Tabla general'!C137 -> Maipo | D21: ='Tabla general'!D137 -> SANTA ISABEL | E21: ='Tabla general'!E137 -> 25 | F21: ='Tabla general'!F137 -> 1 | G21: ='Tabla general'!G137 -> 7 | H21: ='Tabla general'!H137 -> 46083 | ... J21: ='Tabla general'!J137 -> 23 | K21: ='Tabla general'!K137*0.49 -> 5.733 | L21: ='Tabla general'!L137*1.53 -> 8.77149 | M21: ='Tabla general'!N137/'Tabla general'!O137 -> 1.5655
A22: ='Tabla general'!A138 -> CH26ISAC25-H1-8 | B22: ='Tabla general'!B138 -> Chardonnay | C22: ='Tabla general'!C138 -> Maipo | D22: ='Tabla general'!D138 -> SANTA ISABEL | E22: ='Tabla general'!E138 -> 25 | F22: ='Tabla general'!F138 -> 1 | G22: ='Tabla general'!G138 -> 8 | H22: ='Tabla general'!H138 -> 46090 | ... J22: ='Tabla general'!J138 -> 23.8 | K22: ='Tabla general'!K138*0.49 -> 5.1744 | L22: ='Tabla general'!L138*1.53 -> 7.916832 | M22: ='Tabla general'!N138/'Tabla general'!O138 -> 1.183
A23: ='Tabla general'!A139 -> CH26ISAC25-H1-9 | B23: ='Tabla general'!B139 -> Chardonnay | C23: ='Tabla general'!C139 -> Maipo | D23: ='Tabla general'!D139 -> SANTA ISABEL | E23: ='Tabla general'!E139 -> 25 | F23: ='Tabla general'!F139 -> 1 | G23: ='Tabla general'!G139 -> 9 | H23: ='Tabla general'!H139 -> 46097 | ... J23: ='Tabla general'!J139 -> 24 | K23: ='Tabla general'!K139*0.49 -> 5.0617 | L23: ='Tabla general'!L139*1.53 -> 7.744401 | M23: ='Tabla general'!N139/'Tabla general'!O139 -> 1.464
A24: ='Tabla general'!A140 -> CH26ISAC25-H1-10 | B24: ='Tabla general'!B140 -> Chardonnay | C24: ='Tabla general'!C140 -> Maipo | D24: ='Tabla general'!D140 -> SANTA ISABEL | E24: ='Tabla general'!E140 -> 25 | F24: ='Tabla general'!F140 -> 1 | G24: ='Tabla general'!G140 -> 10 | H24: ='Tabla general'!H140 -> 46104 | ... J24: ='Tabla general'!J140 -> 24.8 | K24: ='Tabla general'!K140*0.49 -> 4.9098 | L24: ='Tabla general'!L140*1.53 -> 7.511994 | M24: ='Tabla general'!N140/'Tabla general'!O140 -> 1.427
A25: ='Tabla general'!A141 -> CH26ISAC25-H1-11 | B25: ='Tabla general'!B141 -> Chardonnay | C25: ='Tabla general'!C141 -> Maipo | D25: ='Tabla general'!D141 -> SANTA ISABEL | E25: ='Tabla general'!E141 -> 25 | F25: ='Tabla general'!F141 -> 1 | G25: ='Tabla general'!G141 -> 11 | H25: ='Tabla general'!H141 -> 46111 | ... J25: ='Tabla general'!J141 -> 25.4 | K25: ='Tabla general'!K141*0.49 -> 4.6109 | L25: ='Tabla general'!L141*1.53 -> 7.054677 | M25: ='Tabla general'!N141/'Tabla general'!O141 -> 1.441
A26: ='Tabla general'!A142 -> CH26ISAC25-H1-12 | B26: ='Tabla general'!B142 -> Chardonnay | C26: ='Tabla general'!C142 -> Maipo | D26: ='Tabla general'!D142 -> SANTA ISABEL | E26: ='Tabla general'!E142 -> 25 | F26: ='Tabla general'!F142 -> 1 | G26: ='Tabla general'!G142 -> 12 | H26: ='Tabla general'!H142 -> 46118 | ... J26: ='Tabla general'!J142 -> 26 | K26: ='Tabla general'!K142*0.49 -> 4.4884 | L26: ='Tabla general'!L142*1.53 -> 6.867252 | M26: ='Tabla general'!N142/'Tabla general'!O142 -> 1.315
A27: ='Tabla general'!A143 -> CH26ISAC25-H1-13 | B27: ='Tabla general'!B143 -> Chardonnay | C27: ='Tabla general'!C143 -> Maipo | D27: ='Tabla general'!D143 -> SANTA ISABEL | E27: ='Tabla general'!E143 -> 25 | F27: ='Tabla general'!F143 -> 1 | G27: ='Tabla general'!G143 -> 13 | H27: ='Tabla general'!H143 -> 46125 | ... J27: ='Tabla general'!J143 -> 26.3 | K27: ='Tabla general'!K143*0.49 -> 4.6403 | L27: ='Tabla general'!L143*1.53 -> 7.099659 | M27: ='Tabla general'!N143/'Tabla general'!O143 -> 1.3245

Sheet CH-San_Ignacio
A2: 2026
A3: Id. original muestra | B3: Variedad | C3: Valles | D3: Fundo | E3: Cuartel | F3: Hilera | G3: N°muestra | H3: Fecha | I3: pH | J3: Brix | K3: Acidez Sulfúrica | L3: Acidez Tartárica | M3: Peso baya
A4: ='Tabla general'!A145 -> CH26SIGC12-H210-1 | B4: ='Tabla general'!B145 -> Chardonnay | C4: ='Tabla general'!C145 -> Curicó | D4: ='Tabla general'!D145 -> SAN IGNACIO | E4: ='Tabla general'!E145 -> 12 | F4: ='Tabla general'!F145 -> 210 | G4: ='Tabla general'!G145 -> 1 | H4: ='Tabla general'!H145 -> 46051 | ... J4: ='Tabla general'!J145 -> 14.8 | K4: ='Tabla general'!K145*0.49 -> 11.7796 | L4: ='Tabla general'!L145*1.53 -> 18.022788 | M4: ='Tabla general'!N145/'Tabla general'!O145 -> 1.3351
A5: ='Tabla general'!A146 -> CH26SIGC12-H210-2 | B5: ='Tabla general'!B146 -> Chardonnay | C5: ='Tabla general'!C146 -> Curicó | D5: ='Tabla general'!D146 -> SAN IGNACIO | E5: ='Tabla general'!E146 -> 12 | F5: ='Tabla general'!F146 -> 210 | G5: ='Tabla general'!G146 -> 2 | H5: ='Tabla general'!H146 -> 46058 | ... J5: ='Tabla general'!J146 -> 17.6 | K5: ='Tabla general'!K146*0.49 -> 9.2512 | L5: ='Tabla general'!L146*1.53 -> 14.154336 | M5: ='Tabla general'!N146/'Tabla general'!O146 -> 1.4685
A6: ='Tabla general'!A147 -> CH26SIGC12-H210-3 | B6: ='Tabla general'!B147 -> Chardonnay | C6: ='Tabla general'!C147 -> Curicó | D6: ='Tabla general'!D147 -> SAN IGNACIO | E6: ='Tabla general'!E147 -> 12 | F6: ='Tabla general'!F147 -> 210 | G6: ='Tabla general'!G147 -> 3 | H6: ='Tabla general'!H147 -> 46065 | ... J6: ='Tabla general'!J147 -> 19.7 | K6: ='Tabla general'!K147*0.49 -> 8.0556 | L6: ='Tabla general'!L147*1.53 -> 12.325068 | M6: ='Tabla general'!N147/'Tabla general'!O147 -> 1.5435
A7: ='Tabla general'!A148 -> CH26SIGC12-H210-4 | B7: ='Tabla general'!B148 -> Chardonnay | C7: ='Tabla general'!C148 -> Curicó | D7: ='Tabla general'!D148 -> SAN IGNACIO | E7: ='Tabla general'!E148 -> 12 | F7: ='Tabla general'!F148 -> 210 | G7: ='Tabla general'!G148 -> 4 | H7: ='Tabla general'!H148 -> 46072 | ... J7: ='Tabla general'!J148 -> 21.5 | K7: ='Tabla general'!K148*0.49 -> 7.8596 | L7: ='Tabla general'!L148*1.53 -> 12.025188 | M7: ='Tabla general'!N148/'Tabla general'!O148 -> 1.514
A8: ='Tabla general'!A149 -> CH26SIGC12-H210-5 | B8: ='Tabla general'!B149 -> Chardonnay | C8: ='Tabla general'!C149 -> Curicó | D8: ='Tabla general'!D149 -> SAN IGNACIO | E8: ='Tabla general'!E149 -> 12 | F8: ='Tabla general'!F149 -> 210 | G8: ='Tabla general'!G149 -> 5 | H8: ='Tabla general'!H149 -> 46079 | ... J8: ='Tabla general'!J149 -> 23.1 | K8: ='Tabla general'!K149*0.49 -> 6.4288 | L8: ='Tabla general'!L149*1.53 -> 9.836064 | M8: ='Tabla general'!N149/'Tabla general'!O149 -> 1.478
A9: ='Tabla general'!A150 -> CH26SIGC12-H210-6 | B9: ='Tabla general'!B150 -> Chardonnay | C9: ='Tabla general'!C150 -> Curicó | D9: ='Tabla general'!D150 -> SAN IGNACIO | E9: ='Tabla general'!E150 -> 12 | F9: ='Tabla general'!F150 -> 210 | G9: ='Tabla general'!G150 -> 6 | H9: ='Tabla general'!H150 -> 46086 | ... J9: ='Tabla general'!J150 -> 23.2 | K9: ='Tabla general'!K150*0.49 -> 5.978 | L9: ='Tabla general'!L150*1.53 -> 9.14634 | M9: ='Tabla general'!N150/'Tabla general'!O150 -> 1.497
A10: ='Tabla general'!A151 -> CH26SIGC12-H210-7 | B10: ='Tabla general'!B151 -> Chardonnay | C10: ='Tabla general'!C151 -> Curicó | D10: ='Tabla general'!D151 -> SAN IGNACIO | E10: ='Tabla general'!E151 -> 12 | F10: ='Tabla general'!F151 -> 210 | G10: ='Tabla general'!G151 -> 7 | H10: ='Tabla general'!H151 -> 46094 | ... J10: ='Tabla general'!J151 -> 24.4 | K10: ='Tabla general'!K151*0.49 -> 3.3516 | L10: ='Tabla general'!L151*1.53 -> 5.127948 | M10: ='Tabla general'!N151/'Tabla general'!O151 -> 1.376
A11: ='Tabla general'!A152 -> CH26SIGC12-H210-8 | B11: ='Tabla general'!B152 -> Chardonnay | C11: ='Tabla general'!C152 -> Curicó | D11: ='Tabla general'!D152 -> SAN IGNACIO | E11: ='Tabla general'!E152 -> 12 | F11: ='Tabla general'!F152 -> 210 | G11: ='Tabla general'!G152 -> 8 | H11: ='Tabla general'!H152 -> 46100 | ... J11: ='Tabla general'!J152 -> 24.6 | K11: ='Tabla general'!K152*0.49 -> 5.8898 | L11: ='Tabla general'!L152*1.53 -> 9.011394 | M11: ='Tabla general'!N152/'Tabla general'!O152 -> 1.4475
A12: ='Tabla general'!A153 -> CH26SIGC12-H210-9 | B12: ='Tabla general'!B153 -> Chardonnay | C12: ='Tabla general'!C153 -> Curicó | D12: ='Tabla general'!D153 -> SAN IGNACIO | E12: ='Tabla general'!E153 -> 12 | F12: ='Tabla general'!F153 -> 210 | G12: ='Tabla general'!G153 -> 9 | H12: ='Tabla general'!H153 -> - | ... J12: ='Tabla general'!J153 -> 24.2 | K12: ='Tabla general'!K153*0.49 -> 5.5027 | L12: ='Tabla general'!L153*1.53 -> 8.419131 | M12: ='Tabla general'!N153/'Tabla general'!O153 -> 1.424
A13: ='Tabla general'!A154 -> CH26SIGC12-H210-10 | B13: ='Tabla general'!B154 -> Chardonnay | C13: ='Tabla general'!C154 -> Curicó | D13: ='Tabla general'!D154 -> SAN IGNACIO | E13: ='Tabla general'!E154 -> 12 | F13: ='Tabla general'!F154 -> 210 | G13: ='Tabla general'!G154 -> 10 | H13: ='Tabla general'!H154 -> 46114 | ... J13: ='Tabla general'!J154 -> 24.1 | K13: ='Tabla general'!K154*0.49 -> 5.3361 | L13: ='Tabla general'!L154*1.53 -> 8.164233 | M13: ='Tabla general'!N154/'Tabla general'!O154 -> 1.583
A14: ='Tabla general'!A155 -> CH26SIGC12-H210-11 | B14: ='Tabla general'!B155 -> Chardonnay | C14: ='Tabla general'!C155 -> Curicó | D14: ='Tabla general'!D155 -> SAN IGNACIO | E14: ='Tabla general'!E155 -> 12 | F14: ='Tabla general'!F155 -> 210 | G14: ='Tabla general'!G155 -> 11 | H14: ='Tabla general'!H155 -> 46121 | ... J14: ='Tabla general'!J155 -> 24.4 | K14: ='Tabla general'!K155*0.49 -> 5.8506 | L14: ='Tabla general'!L155*1.53 -> 8.951418 | M14: ='Tabla general'!N155/'Tabla general'!O155 -> 1.3805
A15: ='Tabla general'!A156 -> CH26SIGC12-H210-12 | B15: ='Tabla general'!B156 -> Chardonnay | C15: ='Tabla general'!C156 -> Curicó | D15: ='Tabla general'!D156 -> SAN IGNACIO | E15: ='Tabla general'!E156 -> 12 | F15: ='Tabla general'!F156 -> 210 | G15: ='Tabla general'!G156 -> 12 | H15: ='Tabla general'!H156 -> 46127 | ... J15: ='Tabla general'!J156 -> 24.3 | K15: ='Tabla general'!K156*0.49 -> 5.2969 | L15: ='Tabla general'!L156*1.53 -> 8.104257 | M15: ='Tabla general'!N156/'Tabla general'!O156 -> 1.613

Sheet OVALLE_datos disponibles
A1: Id. original muestra | B1: Variedad | C1: Valles | D1: Fundo | E1: Cuartel | F1: Hilera | G1: Fecha | H1: pH | I1: Brix | J1: Acidez Sulfúrica | K1: Acidez Tartárica | L1: Peso baya
A2: CH25ACAC71-A-SH-1 | B2: Chardonnay | C2: Límari | D2: LOS ACACIOS | E2: 71-A | F2: SH | G2: 45686 | H2: 2.94 | I2: 16.4
A3: CH25ACAC71-A-SH-2 | B3: Chardonnay | C3: Límari | D3: LOS ACACIOS | E3: 71-A | F3: SH | G3: 45693 | H3: 3.05 | I3: 18.1
A4: CH25ACAC71-A-SH-3 | B4: Chardonnay | C4: Límari | D4: LOS ACACIOS | E4: 71-A | F4: SH | G4: 45700 | H4: 3.22 | I4: 18.4
A5: CH25ACAC71-A-SH-4 | B5: Chardonnay | C5: Límari | D5: LOS ACACIOS | E5: 71-A | F5: SH | G5: 45707 | H5: 3.29 | I5: 21
A6: CH25ACAC71-A-SH-5 | B6: Chardonnay | C6: Límari | D6: LOS ACACIOS | E6: 71-A | F6: SH | G6: 45719 | H6: 3.19 | I6: 22.4
A7: CH25ACAC71-A-SH-6 | B7: Chardonnay | C7: Límari | D7: LOS ACACIOS | E7: 71-A | F7: SH | G7: 45722 | H7: 3.31 | I7: 23
A8: CH25QSEC11-A-SH-1 | B8: Chardonnay | C8: Límari | D8: QUEBRADA SECA | E8: 11-A | F8: SH | G8: 45671 | H8: 2.88 | I8: 16.4
A9: CH25QSEC11-A-SH-2 | B9: Chardonnay | C9: Límari | D9: QUEBRADA SECA | E9: 11-A | F9: SH | G9: 45677 | H9: 2.85 | I9: 18.4
A10: CH25QSEC11-A-SH-3 | B10: Chardonnay | C10: Límari | D10: QUEBRADA SECA | E10: 11-A | F10: SH | G10: 45680 | H10: 2.96 | I10: 18.2
A11: CH25QSEC11-A-SH-4 | B11: Chardonnay | C11: Límari | D11: QUEBRADA SECA | E11: 11-A | F11: SH | G11: 45684 | H11: 2.96 | I11: 17.2
A12: CH25QSEC11-A-SH-5 | B12: Chardonnay | C12: Límari | D12: QUEBRADA SECA | E12: 11-A | F12: SH | G12: 45687 | H12: 3.1 | I12: 20.2
A13: CH25QSEC11-A-SH-6 | B13: Chardonnay | C13: Límari | D13: QUEBRADA SECA | E13: 11-A | F13: SH | G13: 45691 | H13: 3.03 | I13: 19.8
... A16: CH25QSEC11-A-SH-9 | B16: Chardonnay | C16: Límari | D16: QUEBRADA SECA | E16: 11-A | F16: SH | G16: 45701 | H16: 3.23 | I16: 22.2
