Workbook

Sheet Muestras Tintas
A1: Id. original muestra | B1: Variedad | C1: Valles | D1: Fundo | E1: Cuartel | F1: Hilera | G1: N° muestra | H1: Fecha muestreo | I1: pH | J1: Brix | K1: N ° Cosecha | L1: NaOH | M1: Acidez Sulfúrica | N1: Acidez Tartárica | O1: Peso muestra | P1: N° bayas | Q1: Peso Baya | R1: Rendimiento
A2: CS26ADOC9-H56-1 | B2: Cabernet Sauvignon | C2: Maipo | D2: SAN ADOLFO | E2: 9 | F2: 56 | G2: =RIGHT(A2,1) -> 1 | H2: 46042 | I2: 2.81 | J2: 15.9 | L2: 24.84 | M2: =L2*0.49 -> 12.1716 | N2: =M2*1.53 -> 18.622548 | O2: 183.28 | P2: 200 | Q2: =O2/P2 -> 0.9164 | R2: =IF(OR(K2="",VALUE(K2)>5),NA(),CHOOSE(VALUE(K2),17667,14967,15967,16975,14561)) -> #N/A | S2: 17667
A3: CS26ADOC9-H56-2 | B3: Cabernet Sauvignon | C3: Maipo | D3: SAN ADOLFO | E3: 9 | F3: 56 | G3: =RIGHT(A3,1) -> 2 | H3: 46048 | I3: 2.97 | J3: 16.6 | L3: 19.26 | M3: =L3*0.49 -> 9.4374 | N3: =M3*1.53 -> 14.439222 | O3: 192.61 | P3: 200 | Q3: =O3/P3 -> 0.96305 | R3: =IF(OR(K3="",VALUE(K3)>5),NA(),CHOOSE(VALUE(K3),17667,14967,15967,16975,14561)) -> #N/A | S3: 14967 | U3: Cosecha comercial tintos
A4: CS26ADOC9-H56-3 | B4: Cabernet Sauvignon | C4: Maipo | D4: SAN ADOLFO | E4: 9 | F4: 56 | G4: =RIGHT(A4,1) -> 3 | H4: 46055 | I4: 3.12 | J4: 17.5 | L4: 15.56 | M4: =L4*0.49 -> 7.6244 | N4: =M4*1.53 -> 11.665332 | O4: 188.87 | P4: 200 | Q4: =O4/P4 -> 0.94435 | R4: =IF(OR(K4="",VALUE(K4)>5),NA(),CHOOSE(VALUE(K4),17667,14967,15967,16975,14561)) -> #N/A | S4: 15967
A5: CS26ADOC9-H56-4 | B5: Cabernet Sauvignon | C5: Maipo | D5: SAN ADOLFO | E5: 9 | F5: 56 | G5: =RIGHT(A5,1) -> 4 | H5: 46062 | I5: 3.14 | J5: 18.2 | L5: 14.72 | M5: =L5*0.49 -> 7.2128 | N5: =M5*1.53 -> 11.035584 | O5: 197.8 | P5: 200 | Q5: =O5/P5 -> 0.989 | R5: =IF(OR(K5="",VALUE(K5)>5),NA(),CHOOSE(VALUE(K5),17667,14967,15967,16975,14561)) -> #N/A | S5: 16975 | U5: Fundo | V5: Cuartel | W5: Variedad | X5: Fecha cosecha
A6: CS26ADOC9-H56-5 | B6: Cabernet Sauvignon | C6: Maipo | D6: SAN ADOLFO | E6: 9 | F6: 56 | G6: =RIGHT(A6,1) -> 5 | H6: 46069 | I6: 3.2 | J6: 20.1 | L6: 10.72 | M6: =L6*0.49 -> 5.2528 | N6: =M6*1.53 -> 8.036784 | O6: 198.3 | P6: 200 | Q6: =O6/P6 -> 0.9915 | R6: =IF(OR(K6="",VALUE(K6)>5),NA(),CHOOSE(VALUE(K6),17667,14967,15967,16975,14561)) -> #N/A | S6: 14561 | U6: Idahue | V6: 36 | W6: CS | X6: 46090
A7: CS26ADOC9-H56-6 | B7: Cabernet Sauvignon | C7: Maipo | D7: SAN ADOLFO | E7: 9 | F7: 56 | G7: =RIGHT(A7,1) -> 6 | H7: 46076 | I7: 3.37 | J7: 21.8 | L7: 9.1 | M7: =L7*0.49 -> 4.459 | N7: =M7*1.53 -> 6.82227 | O7: 186.4 | P7: 200 | Q7: =O7/P7 -> 0.932 | R7: =IF(OR(K7="",VALUE(K7)>5),NA(),CHOOSE(VALUE(K7),17667,14967,15967,16975,14561)) -> #N/A | S7: 18284 | U7: Nilahue | V7: 2 | W7: CS | X7: 46128
A8: CS26ADOC9-H56-7 | B8: Cabernet Sauvignon | C8: Maipo | D8: SAN ADOLFO | E8: 9 | F8: 56 | G8: =RIGHT(A8,1) -> 7 | H8: 46083 | I8: 3.4 | J8: 23 | L8: 9.17 | M8: =L8*0.49 -> 4.4933 | N8: =M8*1.53 -> 6.874749 | O8: 189.7 | P8: 200 | Q8: =O8/P8 -> 0.9485 | R8: =IF(OR(K8="",VALUE(K8)>5),NA(),CHOOSE(VALUE(K8),17667,14967,15967,16975,14561)) -> #N/A | S8: 16273 | U8: Villa Alegre | V8: 13 | W8: CA | X8: 46125
A9: CS26ADOC9-H56-8 | B9: Cabernet Sauvignon | C9: Maipo | D9: SAN ADOLFO | E9: 9 | F9: 56 | G9: =RIGHT(A9,1) -> 8 | H9: 46090 | I9: 3.48 | J9: 24 | L9: 8.75 | M9: =L9*0.49 -> 4.2875 | N9: =M9*1.53 -> 6.559875 | O9: 191.4 | P9: 200 | Q9: =O9/P9 -> 0.957 | R9: =IF(OR(K9="",VALUE(K9)>5),NA(),CHOOSE(VALUE(K9),17667,14967,15967,16975,14561)) -> #N/A | S9: 15455 | U9: Keule | V9: 3 | W9: CS | X9: 46095
A10: CS26ADOC9-H56-9 | B10: Cabernet Sauvignon | C10: Maipo | D10: SAN ADOLFO | E10: 9 | F10: 56 | G10: =RIGHT(A10,1) -> 9 | H10: 46097 | I10: 3.45 | J10: 24.4 | L10: 7.6 | M10: =L10*0.49 -> 3.724 | N10: =M10*1.53 -> 5.69772 | O10: 191.3 | P10: 200 | Q10: =O10/P10 -> 0.9565 | R10: =IF(OR(K10="",VALUE(K10)>5),NA(),CHOOSE(VALUE(K10),17667,14967,15967,16975,14561)) -> #N/A | S10: 13736 | U10: Lourdes | V10: 207 | W10: CS | X10: 46118
A11: CS26ADOC9-H56-10 | B11: Cabernet Sauvignon | C11: Maipo | D11: SAN ADOLFO | E11: 9 | F11: 56 | G11: =RIGHT(A11,2) -> 10 | H11: 46104 | I11: 3.49 | J11: 24.8 | L11: 7.23 | M11: =L11*0.49 -> 3.5427 | N11: =M11*1.53 -> 5.420331 | O11: 198.3 | P11: 200 | Q11: =O11/P11 -> 0.9915 | R11: =IF(OR(K11="",VALUE(K11)>5),NA(),CHOOSE(VALUE(K11),17667,14967,15967,16975,14561)) -> #N/A | S11: 11842 | U11: Lourdes | V11: 171 | W11: CA | X11: 46119
A12: CS26ADOC9-H56-11 | B12: Cabernet Sauvignon | C12: Maipo | D12: SAN ADOLFO | E12: 9 | F12: 56 | G12: =RIGHT(A12,2) -> 11 | H12: 46111 | I12: 3.49 | J12: 25 | L12: 7.03 | M12: =L12*0.49 -> 3.4447 | N12: =M12*1.53 -> 5.270391 | O12: 182.8 | P12: 200 | Q12: =O12/P12 -> 0.914 | R12: =IF(OR(K12="",VALUE(K12)>5),NA(),CHOOSE(VALUE(K12),17667,14967,15967,16975,14561)) -> #N/A | S12: 11974 | U12: Peumo | V12: 93 | W12: CA | X12: 46140
A13: CS26ADOC9-H56-12 | B13: Cabernet Sauvignon | C13: Maipo | D13: SAN ADOLFO | E13: 9 | F13: 56 | G13: =RIGHT(A13,2) -> 12 | H13: 46118 | I13: 3.56 | J13: 26.5 | L13: 6.5 | M13: =L13*0.49 -> 3.185 | N13: =M13*1.53 -> 4.87305 | O13: 186.2 | P13: 200 | Q13: =O13/P13 -> 0.931 | R13: =IF(OR(K13="",VALUE(K13)>5),NA(),CHOOSE(VALUE(K13),17667,14967,15967,16975,14561)) -> #N/A | S13: 16500 | U13: Qta Maipo | V13: 1 | W13: CA | X13: 46132
A14: CS26ADOC9-H56-13 | B14: Cabernet Sauvignon | C14: Maipo | D14: SAN ADOLFO | E14: 9 | F14: 56 | G14: =RIGHT(A14,2) -> 13 | H14: 46125 | I14: 3.53 | J14: 26.1 | L14: 7.64 | M14: =L14*0.49 -> 3.7436 | N14: =M14*1.53 -> 5.727708 | O14: 192.9 | P14: 200 | Q14: =O14/P14 -> 0.9645 | R14: =IF(OR(K14="",VALUE(K14)>5),NA(),CHOOSE(VALUE(K14),17667,14967,15967,16975,14561)) -> #N/A | S14: 17339 | U14: San Adolfo | V14: 9 | W14: CS
A15: CS26ADOC9-H56-14 | B15: Cabernet Sauvignon | C15: Maipo | D15: SAN ADOLFO | E15: 9 | F15: 56 | G15: 14 | H15: 46133 | I15: 4.06 | J15: 25.6 | L15: 4.37 | M15: =L15*0.49 -> 2.1413 | N15: =M15*1.53 -> 3.276189 | O15: 214 | P15: 200 | Q15: =O15/P15 -> 1.07 | R15: =IF(OR(K15="",VALUE(K15)>5),NA(),CHOOSE(VALUE(K15),17667,14967,15967,16975,14561)) -> #N/A | S15: 15944 | U15: Palo Santo | V15: 42 | W15: CA | X15: 46140
A16: CA26QMAC1-SH-1 | B16: Carmenere | C16: Maipo | D16: QUINTA MAIPO | E16: 1 | F16: SH | G16: =RIGHT(A16,1) -> 1 | H16: 46042 | I16: 2.86 | J16: 14.4 | L16: 23.86 | M16: =L16*0.49 -> 11.6914 | N16: =M16*1.53 -> 17.887842 | O16: 198.13 | P16: 200 | Q16: =O16/P16 -> 0.99065 | R16: =IF(OR(K16="",VALUE(K16)>5),NA(),CHOOSE(VALUE(K16),17667,14967,15967,16975,14561)) -> #N/A | S16: 15278 | U16: Quebrada de agua | V16: 40 | W16: CS
A17: CA26QMAC1-SH-2 | B17: Carmenere | C17: Maipo | D17: QUINTA MAIPO | E17: 1 | F17: SH | G17: =RIGHT(A17,1) -> 2 | H17: 46048 | I17: 3.05 | J17: 15.2 | L17: 17.46 | M17: =L17*0.49 -> 8.5554 | N17: =M17*1.53 -> 13.089762 | O17: 213.59 | P17: 200 | Q17: =O17/P17 -> 1.06795 | R17: =IF(OR(K17="",VALUE(K17)>5),NA(),CHOOSE(VALUE(K17),17667,14967,15967,16975,14561)) -> #N/A | S17: 11822 | U17: Rucahue | V17: 24 | W17: CA
A18: CA26QMAC1-SH-3 | B18: Carmenere | C18: Maipo | D18: QUINTA MAIPO | E18: 1 | F18: SH | G18: =RIGHT(A18,1) -> 3 | H18: 46055 | I18: 3.07 | J18: 16.8 | L18: 13.44 | M18: =L18*0.49 -> 6.5856 | N18: =M18*1.53 -> 10.075968 | O18: 236.44 | P18: 200 | Q18: =O18/P18 -> 1.1822 | R18: =IF(OR(K18="",VALUE(K18)>5),NA(),CHOOSE(VALUE(K18),17667,14967,15967,16975,14561)) -> #N/A | S18: 16889
A19: CA26QMAC1-SH-4 | B19: Carmenere | C19: Maipo | D19: QUINTA MAIPO | E19: 1 | F19: SH | G19: =RIGHT(A19,1) -> 4 | H19: 46062 | I19: 3.27 | J19: 18 | L19: 9.94 | M19: =L19*0.49 -> 4.8706 | N19: =M19*1.53 -> 7.452018 | O19: 243.3 | P19: 200 | Q19: =O19/P19 -> 1.2165 | R19: =IF(OR(K19="",VALUE(K19)>5),NA(),CHOOSE(VALUE(K19),17667,14967,15967,16975,14561)) -> #N/A | S19: 8690
A20: CA26QMAC1-SH-5 | B20: Carmenere | C20: Maipo | D20: QUINTA MAIPO | E20: 1 | F20: SH | G20: =RIGHT(A20,1) -> 5 | H20: 46069 | I20: 3.31 | J20: 20.4 | L20: 8.92 | M20: =L20*0.49 -> 4.3708 | N20: =M20*1.53 -> 6.687324 | O20: 240.6 | P20: 200 | Q20: =O20/P20 -> 1.203 | R20: =IF(OR(K20="",VALUE(K20)>5),NA(),CHOOSE(VALUE(K20),17667,14967,15967,16975,14561)) -> #N/A | S20: 8470 | U20: Cosechas proyecto
A21: CA26QMAC1-SH-6 | B21: Carmenere | C21: Maipo | D21: QUINTA MAIPO | E21: 1 | F21: SH | G21: =RIGHT(A21,1) -> 6 | H21: 46076 | I21: 3.45 | J21: 21.4 | L21: 6.9 | M21: =L21*0.49 -> 3.381 | N21: =M21*1.53 -> 5.17293 | O21: 238.3 | P21: 200 | Q21: =O21/P21 -> 1.1915 | R21: =IF(OR(K21="",VALUE(K21)>5),NA(),CHOOSE(VALUE(K21),17667,14967,15967,16975,14561)) -> #N/A | S21: 10567
A22: CA26QMAC1-SH-7 | B22: Carmenere | C22: Maipo | D22: QUINTA MAIPO | E22: 1 | F22: SH | G22: =RIGHT(A22,1) -> 7 | H22: 46083 | I22: 3.5 | J22: 22.2 | L22: 6.45 | M22: =L22*0.49 -> 3.1605 | N22: =M22*1.53 -> 4.835565 | O22: 225.8 | P22: 200 | Q22: =O22/P22 -> 1.129 | R22: =IF(OR(K22="",VALUE(K22)>5),NA(),CHOOSE(VALUE(K22),17667,14967,15967,16975,14561)) -> #N/A | S22: 11354 | U22: Fundo | V22: Cuartel | W22: Variedad | X22: Fecha cosecha
A23: CA26QMAC1-SH-8 | B23: Carmenere | C23: Maipo | D23: QUINTA MAIPO | E23: 1 | F23: SH | G23: =RIGHT(A23,1) -> 8 | H23: 46090 | I23: 3.56 | J23: 23 | L23: 5.76 | M23: =L23*0.49 -> 2.8224 | N23: =M23*1.53 -> 4.318272 | O23: 259.9 | P23: 200 | Q23: =O23/P23 -> 1.2995 | R23: =IF(OR(K23="",VALUE(K23)>5),NA(),CHOOSE(VALUE(K23),17667,14967,15967,16975,14561)) -> #N/A | S23: 11822 | U23: Idahue | V23: 36 | W23: CS | X23: 46085
A24: CA26QMAC1-SH-9 | B24: Carmenere | C24: Maipo | D24: QUINTA MAIPO | E24: 1 | F24: SH | G24: =RIGHT(A24,1) -> 9 | H24: 46097 | I24: 3.63 | J24: 23.5 | L24: 5.09 | M24: =L24*0.49 -> 2.4941 | N24: =M24*1.53 -> 3.815973 | O24: 273.9 | P24: 200 | Q24: =O24/P24 -> 1.3695 | R24: =IF(OR(K24="",VALUE(K24)>5),NA(),CHOOSE(VALUE(K24),17667,14967,15967,16975,14561)) -> #N/A | S24: 12696 | X24: 46099
A25: CA26QMAC1-SH-10 | B25: Carmenere | C25: Maipo | D25: QUINTA MAIPO | E25: 1 | F25: SH | G25: 10 | H25: 46104 | I25: 3.67 | J25: 23.4 | L25: 5.04 | M25: =L25*0.49 -> 2.4696 | N25: =M25*1.53 -> 3.778488 | O25: 258.7 | P25: 200 | Q25: =O25/P25 -> 1.2935 | R25: =IF(OR(K25="",VALUE(K25)>5),NA(),CHOOSE(VALUE(K25),17667,14967,15967,16975,14561)) -> #N/A | S25: 8614 | X25: 46106
A26: CA26QMAC1-SH-11 | B26: Carmenere | C26: Maipo | D26: QUINTA MAIPO | E26: 1 | F26: SH | G26: 11 | H26: 46111 | I26: 3.75 | J26: 23.4 | L26: 4.6 | M26: =L26*0.49 -> 2.254 | N26: =M26*1.53 -> 3.44862 | O26: 267.7 | P26: 200 | Q26: =O26/P26 -> 1.3385 | R26: =IF(OR(K26="",VALUE(K26)>5),NA(),CHOOSE(VALUE(K26),17667,14967,15967,16975,14561)) -> #N/A | S26: 16583 | X26: 46112
A27: CA26QMAC1-SH-12 | B27: Carmenere | C27: Maipo | D27: QUINTA MAIPO | E27: 1 | F27: SH | G27: 12 | H27: 46118 | I27: 3.8 | J27: 24.8 | L27: 4.51 | M27: =L27*0.49 -> 2.2099 | N27: =M27*1.53 -> 3.381147 | O27: 241.4 | P27: 200 | Q27: =O27/P27 -> 1.207 | R27: =IF(OR(K27="",VALUE(K27)>5),NA(),CHOOSE(VALUE(K27),17667,14967,15967,16975,14561)) -> #N/A | S27: 15409 | X27: 46119
A28: CA26QMAC1-SH-13 | B28: Carmenere | C28: Maipo | D28: QUINTA MAIPO | E28: 1 | F28: SH | G28: 13 | H28: 46125 | I28: 3.66 | J28: 24 | L28: 4.85 | M28: =L28*0.49 -> 2.3765 | N28: =M28*1.53 -> 3.636045 | O28: 232 | P28: 200 | Q28: =O28/P28 -> 1.16 | R28: =IF(OR(K28="",VALUE(K28)>5),NA(),CHOOSE(VALUE(K28),17667,14967,15967,16975,14561)) -> #N/A | S28: 13926 | U28: Peumo | V28: 93 | W28: CA | X28: 46093
A29: CA26QMAC1-SH-14 | B29: Carmenere | C29: Maipo | D29: QUINTA MAIPO | E29: 1 | F29: SH | G29: 14 | H29: 46133 | I29: 4.04 | J29: 24.1 | L29: 3.68 | M29: =L29*0.49 -> 1.8032 | N29: =M29*1.53 -> 2.758896 | O29: 252.9 | P29: 200 | Q29: =O29/P29 -> 1.2645 | R29: =IF(OR(K29="",VALUE(K29)>5),NA(),CHOOSE(VALUE(K29),17667,14967,15967,16975,14561)) -> #N/A | S29: 17738 | X29: 46107
A30: CS26IDAC36-H63/76-1 | B30: Cabernet Sauvignon | C30: Colchagua | D30: IDAHUE | E30: 36 | F30: 63/76 | G30: =RIGHT(A30,1) -> 1 | H30: 46035 | I30: 2.59 | J30: 7.9 | L30: 46.26 | M30: =L30*0.49 -> 22.6674 | N30: =M30*1.53 -> 34.681122 | O30: 164.9 | P30: 200 | Q30: =O30/P30 -> 0.8245 | R30: =IF(OR(K30="",VALUE(K30)>5),NA(),CHOOSE(VALUE(K30),17667,14967,15967,16975,14561)) -> #N/A | S30: 20327 | X30: 46113
A31: CS26IDAC36-H63/76-2 | B31: Cabernet Sauvignon | C31: Colchagua | D31: IDAHUE | E31: 36 | F31: 63/76 | G31: =RIGHT(A31,1) -> 2 | H31: 46044 | I31: 2.9 | J31: 16.3 | L31: 21.4 | M31: =L31*0.49 -> 10.486 | N31: =M31*1.53 -> 16.04358 | O31: 196.55 | P31: 200 | Q31: =O31/P31 -> 0.98275 | R31: =IF(OR(K31="",VALUE(K31)>5),NA(),CHOOSE(VALUE(K31),17667,14967,15967,16975,14561)) -> #N/A | S31: 17297 | X31: 46127
A32: CS26IDAC36-H63/76-3 | B32: Cabernet Sauvignon | C32: Colchagua | D32: IDAHUE | E32: 36 | F32: 63/76 | G32: =RIGHT(A32,1) -> 3 | H32: 46050 | I32: 2.99 | J32: 17.2 | L32: 19.34 | M32: =L32*0.49 -> 9.4766 | N32: =M32*1.53 -> 14.499198 | O32: 199.32 | P32: 200 | Q32: =O32/P32 -> 0.9966 | R32: =IF(OR(K32="",VALUE(K32)>5),NA(),CHOOSE(VALUE(K32),17667,14967,15967,16975,14561)) -> #N/A | S32: 14918 | X32: 46141
A33: CS26IDAC36-H63/76-4 | B33: Cabernet Sauvignon | C33: Colchagua | D33: IDAHUE | E33: 36 | F33: 63/76 | G33: =RIGHT(A33,1) -> 4 | H33: 46057 | I33: 3.03 | J33: 17.8 | L33: 14.24 | M33: =L33*0.49 -> 6.9776 | N33: =M33*1.53 -> 10.675728 | O33: 245.6 | P33: 200 | Q33: =O33/P33 -> 1.228 | R33: =IF(OR(K33="",VALUE(K33)>5),NA(),CHOOSE(VALUE(K33),17667,14967,15967,16975,14561)) -> #N/A | S33: 11933 | U33: Villa Alegre | W33: CA | X33: 46086
A34: CS26IDAC36-H63/76-5 | B34: Cabernet Sauvignon | C34: Colchagua | D34: IDAHUE | E34: 36 | F34: 63/76 | G34: =RIGHT(A34,1) -> 5 | H34: 46064 | I34: 3.15 | J34: 20.1 | L34: 12.46 | M34: =L34*0.49 -> 6.1054 | N34: =M34*1.53 -> 9.341262 | O34: 261.6 | P34: 200 | Q34: =O34/P34 -> 1.308 | R34: =IF(OR(K34="",VALUE(K34)>5),NA(),CHOOSE(VALUE(K34),17667,14967,15967,16975,14561)) -> #N/A | S34: 15813 | X34: 46100
A35: CS26IDAC36-H63/76-6 | B35: Cabernet Sauvignon | C35: Colchagua | D35: IDAHUE | E35: 36 | F35: 63/76 | G35: =RIGHT(A35,1) -> 6 | H35: 46071 | I35: 3.21 | J35: 21.8 | L35: 10.98 | M35: =L35*0.49 -> 5.3802 | N35: =M35*1.53 -> 8.231706 | O35: 240.9 | P35: 200 | Q35: =O35/P35 -> 1.2045 | R35: =IF(OR(K35="",VALUE(K35)>5),NA(),CHOOSE(VALUE(K35),17667,14967,15967,16975,14561)) -> #N/A | S35: 13668 | X35: 46108
A36: CS26IDAC36-H63/76-7 | B36: Cabernet Sauvignon | C36: Colchagua | D36: IDAHUE | E36: 36 | F36: 63/76 | G36: =RIGHT(A36,1) -> 7 | H36: 46078 | I36: 3.23 | J36: 23.7 | L36: 9.66 | M36: =L36*0.49 -> 4.7334 | N36: =M36*1.53 -> 7.242102 | O36: 229.3 | P36: 200 | Q36: =O36/P36 -> 1.1465 | R36: =IF(OR(K36="",VALUE(K36)>5),NA(),CHOOSE(VALUE(K36),17667,14967,15967,16975,14561)) -> #N/A | X36: 46114
A37: CS26IDAC36-H63/76-8 | B37: Cabernet Sauvignon | C37: Colchagua | D37: IDAHUE | E37: 36 | F37: 63/76 | G37: =RIGHT(A37,1) -> 8 | H37: 46085 | I37: 3.31 | J37: 24.7 | K37: 1 | L37: 8.7 | M37: =L37*0.49 -> 4.263 | N37: =M37*1.53 -> 6.52239 | O37: 231.6 | P37: 200 | Q37: =O37/P37 -> 1.158 | R37: =IF(OR(K37="",VALUE(K37)>5),NA(),CHOOSE(VALUE(K37),17667,14967,15967,16975,14561)) -> 17667 | X37: 46121
A38: CS26IDAC36-H63/76-9 | B38: Cabernet Sauvignon | C38: Colchagua | D38: IDAHUE | E38: 36 | F38: 63/76 | G38: =RIGHT(A38,1) -> 9 | H38: 46092 | I38: 3.49 | J38: 25.8 | L38: 8.52 | M38: =L38*0.49 -> 4.1748 | N38: =M38*1.53 -> 6.387444 | O38: 225.8 | P38: 200 | Q38: =O38/P38 -> 1.129 | R38: =IF(OR(K38="",VALUE(K38)>5),NA(),CHOOSE(VALUE(K38),17667,14967,15967,16975,14561)) -> #N/A | U38: Keule | W38: CS | X38: 46087
A39: CS26IDAC36-H63/76-10 | B39: Cabernet Sauvignon | C39: Colchagua | D39: IDAHUE | E39: 36 | F39: 63/76 | G39: 10 | H39: 46099 | I39: 3.4 | J39: 25.7 | K39: 2 | L39: 8.02 | M39: =L39*0.49 -> 3.9298 | N39: =M39*1.53 -> 6.012594 | O39: 224.8 | P39: 200 | Q39: =O39/P39 -> 1.124 | R39: =IF(OR(K39="",VALUE(K39)>5),NA(),CHOOSE(VALUE(K39),17667,14967,15967,16975,14561)) -> 14967 | X39: 46108
A40: CS26IDAC36-H63/76-11 | B40: Cabernet Sauvignon | C40: Colchagua | D40: IDAHUE | E40: 36 | F40: 63/76 | G40: 11 | H40: 46106 | I40: 3.36 | J40: 26.2 | K40: 3 | L40: 8.32 | M40: =L40*0.49 -> 4.0768 | N40: =M40*1.53 -> 6.237504 | O40: 201.2 | P40: 200 | Q40: =O40/P40 -> 1.006 | R40: =IF(OR(K40="",VALUE(K40)>5),NA(),CHOOSE(VALUE(K40),17667,14967,15967,16975,14561)) -> 15967 | X40: 46113
A41: CS26IDAC36-H63/76-12 | B41: Cabernet Sauvignon | C41: Colchagua | D41: IDAHUE | E41: 36 | F41: 63/76 | G41: 12 | H41: 46112 | I41: 3.25 | J41: 25.9 | K41: 4 | L41: 8.38 | M41: =L41*0.49 -> 4.1062 | N41: =M41*1.53 -> 6.282486 | O41: 217.4 | P41: 200 | Q41: =O41/P41 -> 1.087 | R41: =IF(OR(K41="",VALUE(K41)>5),NA(),CHOOSE(VALUE(K41),17667,14967,15967,16975,14561)) -> 16975 | X41: 46120
A42: CS26IDAC36-H63/76-13 | B42: Cabernet Sauvignon | C42: Colchagua | D42: IDAHUE | E42: 36 | F42: 63/76 | G42: 13 | H42: 46119 | I42: 3.55 | J42: 24.5 | K42: 5 | L42: 8.28 | M42: =L42*0.49 -> 4.0572 | N42: =M42*1.53 -> 6.207516 | O42: 257.6 | P42: 200 | Q42: =O42/P42 -> 1.288 | R42: =IF(OR(K42="",VALUE(K42)>5),NA(),CHOOSE(VALUE(K42),17667,14967,15967,16975,14561)) -> 14561 | X42: 46128
A43: CS26NILC2-H61/66-1 | B43: Cabernet Sauvignon | C43: Colchagua | D43: NILAHUE | E43: 2 | F43: 61/66 | G43: =RIGHT(A43,1) -> 1 | H43: 46043 | I43: 2.79 | J43: 13.5 | L43: 25.94 | M43: =L43*0.49 -> 12.7106 | N43: =M43*1.53 -> 19.447218 | O43: 211.05 | P43: 200 | Q43: =O43/P43 -> 1.05525 | R43: =IF(OR(K43="",VALUE(K43)>5),NA(),CHOOSE(VALUE(K43),17667,14967,15967,16975,14561)) -> #N/A | U43: Nilahue | W43: CS | X43: 46092
A44: CS26NILC2-H61/66-2 | B44: Cabernet Sauvignon | C44: Colchagua | D44: NILAHUE | E44: 2 | F44: 61/66 | G44: =RIGHT(A44,1) -> 2 | H44: 46049 | I44: 2.77 | J44: 15 | L44: 31.46 | M44: =L44*0.49 -> 15.4154 | N44: =M44*1.53 -> 23.585562 | O44: 214.79 | P44: 200 | Q44: =O44/P44 -> 1.07395 | R44: =IF(OR(K44="",VALUE(K44)>5),NA(),CHOOSE(VALUE(K44),17667,14967,15967,16975,14561)) -> #N/A | X44: 46105
A45: CS26NILC2-H61/66-3 | B45: Cabernet Sauvignon | C45: Colchagua | D45: NILAHUE | E45: 2 | F45: 61/66 | G45: =RIGHT(A45,1) -> 3 | H45: 46056 | I45: 2.86 | J45: 15.5 | L45: 25.72 | M45: =L45*0.49 -> 12.6028 | N45: =M45*1.53 -> 19.282284 | O45: 236.95 | P45: 200 | Q45: =O45/P45 -> 1.18475 | R45: =IF(OR(K45="",VALUE(K45)>5),NA(),CHOOSE(VALUE(K45),17667,14967,15967,16975,14561)) -> #N/A | X45: 46112
A46: CS26NILC2-H61/66-4 | B46: Cabernet Sauvignon | C46: Colchagua | D46: NILAHUE | E46: 2 | F46: 61/66 | G46: =RIGHT(A46,1) -> 4 | H46: 46063 | I46: 3.11 | J46: 18.2 | L46: 19.12 | M46: =L46*0.49 -> 9.3688 | N46: =M46*1.53 -> 14.334264 | O46: 273.5 | P46: 200 | Q46: =O46/P46 -> 1.3675 | R46: =IF(OR(K46="",VALUE(K46)>5),NA(),CHOOSE(VALUE(K46),17667,14967,15967,16975,14561)) -> #N/A | X46: 46119
A47: CS26NILC2-H61/66-5 | B47: Cabernet Sauvignon | C47: Colchagua | D47: NILAHUE | E47: 2 | F47: 61/66 | G47: =RIGHT(A47,1) -> 5 | H47: 46070 | I47: 3.13 | J47: 20 | L47: 16.5 | M47: =L47*0.49 -> 8.085 | N47: =M47*1.53 -> 12.37005 | O47: 277.9 | P47: 200 | Q47: =O47/P47 -> 1.3895 | R47: =IF(OR(K47="",VALUE(K47)>5),NA(),CHOOSE(VALUE(K47),17667,14967,15967,16975,14561)) -> #N/A | X47: 46126
A48: CS26NILC2-H61/66-6 | B48: Cabernet Sauvignon | C48: Colchagua | D48: NILAHUE | E48: 2 | F48: 61/66 | G48: =RIGHT(A48,1) -> 6 | H48: 46077 | I48: 3.1 | J48: 20.7 | L48: 14.7 | M48: =L48*0.49 -> 7.203 | N48: =M48*1.53 -> 11.02059 | O48: 291.1 | P48: 200 | Q48: =O48/P48 -> 1.4555 | R48: =IF(OR(K48="",VALUE(K48)>5),NA(),CHOOSE(VALUE(K48),17667,14967,15967,16975,14561)) -> #N/A | U48: Peumo | W48: CA | X48: 46093 | Z48: obermuhle
A49: CS26NILC2-H61/66-7 | B49: Cabernet Sauvignon | C49: Colchagua | D49: NILAHUE | E49: 2 | F49: 61/66 | G49: =RIGHT(A49,1) -> 7 | H49: 46084 | I49: 3.14 | J49: 21.8 | L49: 13.68 | M49: =L49*0.49 -> 6.7032 | N49: =M49*1.53 -> 10.255896 | O49: 294.3 | P49: 200 | Q49: =O49/P49 -> 1.4715 | R49: =IF(OR(K49="",VALUE(K49)>5),NA(),CHOOSE(VALUE(K49),17667,14967,15967,16975,14561)) -> #N/A | X49: 46107
A50: CS26NILC2-H61/66-8 | B50: Cabernet Sauvignon | C50: Colchagua | D50: NILAHUE | E50: 2 | F50: 61/66 | G50: =RIGHT(A50,1) -> 8 | H50: 46091 | I50: 3.07 | J50: 22.4 | K50: 1 | L50: 11.34 | M50: =L50*0.49 -> 5.5566 | N50: =M50*1.53 -> 8.501598 | O50: 287.6 | P50: 200 | Q50: =O50/P50 -> 1.438 | R50: =IF(OR(K50="",VALUE(K50)>5),NA(),CHOOSE(VALUE(K50),17667,14967,15967,16975,14561)) -> 17667 | X50: 46113
A51: CS26NILC2-H61/66-9 | B51: Cabernet Sauvignon | C51: Colchagua | D51: NILAHUE | E51: 2 | F51: 61/66 | G51: =RIGHT(A51,1) -> 9 | H51: 46098 | I51: 3.16 | J51: 23.1 | L51: 9.86 | M51: =L51*0.49 -> 4.8314 | N51: =M51*1.53 -> 7.392042 | O51: 276 | P51: 200 | Q51: =O51/P51 -> 1.38 | R51: =IF(OR(K51="",VALUE(K51)>5),NA(),CHOOSE(VALUE(K51),17667,14967,15967,16975,14561)) -> #N/A | X51: 46127
A52: CS26NILC2-H61/66-10 | B52: Cabernet Sauvignon | C52: Colchagua | D52: NILAHUE | E52: 2 | F52: 61/66 | G52: 10 | H52: 46105 | I52: 3.13 | J52: 22.7 | K52: 2 | L52: 9.97 | M52: =L52*0.49 -> 4.8853 | N52: =M52*1.53 -> 7.474509 | O52: 281 | P52: 200 | Q52: =O52/P52 -> 1.405 | R52: =IF(OR(K52="",VALUE(K52)>5),NA(),CHOOSE(VALUE(K52),17667,14967,15967,16975,14561)) -> 14967 | X52: 46141
A53: CS26NILC2-H61/66-11 | B53: Cabernet Sauvignon | C53: Colchagua | D53: NILAHUE | E53: 2 | F53: 61/66 | G53: 11 | H53: 46112 | I53: 3.21 | J53: 25.7 | K53: 3 | L53: 10.36 | M53: =L53*0.49 -> 5.0764 | N53: =M53*1.53 -> 7.766892 | O53: 263 | P53: 200 | Q53: =O53/P53 -> 1.315 | R53: =IF(OR(K53="",VALUE(K53)>5),NA(),CHOOSE(VALUE(K53),17667,14967,15967,16975,14561)) -> 15967 | U53: Lourdes | W53: CS | X53: 46078
A54: CS26NILC2-H61/66-12 | B54: Cabernet Sauvignon | C54: Colchagua | D54: NILAHUE | E54: 2 | F54: 61/66 | G54: 12 | H54: 46119 | I54: 3.26 | J54: 25.2 | K54: 4 | L54: 8.73 | M54: =L54*0.49 -> 4.2777 | N54: =M54*1.53 -> 6.544881 | O54: 250 | P54: 200 | Q54: =O54/P54 -> 1.25 | R54: =IF(OR(K54="",VALUE(K54)>5),NA(),CHOOSE(VALUE(K54),17667,14967,15967,16975,14561)) -> 16975 | X54: 46093
A55: CS26NILC2-H61/66-13 | B55: Cabernet Sauvignon | C55: Colchagua | D55: NILAHUE | E55: 2 | F55: 61/66 | G55: 13 | H55: 46126 | I55: 3.22 | J55: 25 | K55: 5 | L55: 10.27 | M55: =L55*0.49 -> 5.0323 | N55: =M55*1.53 -> 7.699419 | O55: 260.2 | P55: 200 | Q55: =O55/P55 -> 1.301 | R55: =IF(OR(K55="",VALUE(K55)>5),NA(),CHOOSE(VALUE(K55),17667,14967,15967,16975,14561)) -> 14561 | X55: 46107
A56: CA26PEUC93-H267/271-1 | B56: Carmenere | C56: Cachapoal | D56: PEUMO | E56: 93 | F56: 267/271 | G56: =RIGHT(A56,1) -> 1 | H56: 46044 | I56: 2.98 | J56: 15.1 | L56: 17.3 | M56: =L56*0.49 -> 8.477 | N56: =M56*1.53 -> 12.96981 | O56: 300.75 | P56: 200 | Q56: =O56/P56 -> 1.50375 | R56: =IF(OR(K56="",VALUE(K56)>5),NA(),CHOOSE(VALUE(K56),17667,14967,15967,16975,14561)) -> #N/A | X56: 46129
A57: CA26PEUC93-H267/271-2 | B57: Carmenere | C57: Cachapoal | D57: PEUMO | E57: 93 | F57: 267/271 | G57: =RIGHT(A57,1) -> 2 | H57: 46050 | I57: 3.07 | J57: 16.2 | L57: 15.36 | M57: =L57*0.49 -> 7.5264 | N57: =M57*1.53 -> 11.515392 | O57: 312.6 | P57: 200 | Q57: =O57/P57 -> 1.563 | R57: =IF(OR(K57="",VALUE(K57)>5),NA(),CHOOSE(VALUE(K57),17667,14967,15967,16975,14561)) -> #N/A | X57: 46135
A58: CA26PEUC93-H267/271-3 | B58: Carmenere | C58: Cachapoal | D58: PEUMO | E58: 93 | F58: 267/271 | G58: =RIGHT(A58,1) -> 3 | H58: 46057 | I58: 3.18 | J58: 18.4 | L58: 10.8 | M58: =L58*0.49 -> 5.292 | N58: =M58*1.53 -> 8.09676 | O58: 342.7 | P58: 200 | Q58: =O58/P58 -> 1.7135 | R58: =IF(OR(K58="",VALUE(K58)>5),NA(),CHOOSE(VALUE(K58),17667,14967,15967,16975,14561)) -> #N/A | U58: Lourdes | W58: CA
A59: CA26PEUC93-H267/271-4 | B59: Carmenere | C59: Cachapoal | D59: PEUMO | E59: 93 | F59: 267/271 | G59: =RIGHT(A59,1) -> 4 | H59: 46064 | I59: 3.33 | J59: 19.3 | L59: 9.38 | M59: =L59*0.49 -> 4.5962 | N59: =M59*1.53 -> 7.032186 | O59: 403.3 | P59: 200 | Q59: =O59/P59 -> 2.0165 | R59: =IF(OR(K59="",VALUE(K59)>5),NA(),CHOOSE(VALUE(K59),17667,14967,15967,16975,14561)) -> #N/A | X59: 46098
A60: CA26PEUC93-H267/271-5 | B60: Carmenere | C60: Cachapoal | D60: PEUMO | E60: 93 | F60: 267/271 | G60: =RIGHT(A60,1) -> 5 | H60: 46071 | I60: 3.45 | J60: 20.6 | L60: 7.56 | M60: =L60*0.49 -> 3.7044 | N60: =M60*1.53 -> 5.667732 | O60: 386.8 | P60: 200 | Q60: =O60/P60 -> 1.934 | R60: =IF(OR(K60="",VALUE(K60)>5),NA(),CHOOSE(VALUE(K60),17667,14967,15967,16975,14561)) -> #N/A | X60: 46108
A61: CA26PEUC93-H267/271-6 | B61: Carmenere | C61: Cachapoal | D61: PEUMO | E61: 93 | F61: 267/271 | G61: =RIGHT(A61,1) -> 6 | H61: 46078 | I61: 3.47 | J61: 21.2 | L61: 6.84 | M61: =L61*0.49 -> 3.3516 | N61: =M61*1.53 -> 5.127948 | O61: 358.7 | P61: 200 | Q61: =O61/P61 -> 1.7935 | R61: =IF(OR(K61="",VALUE(K61)>5),NA(),CHOOSE(VALUE(K61),17667,14967,15967,16975,14561)) -> #N/A | X61: 46111
A62: CA26PEUC93-H267/271-7 | B62: Carmenere | C62: Cachapoal | D62: PEUMO | E62: 93 | F62: 267/271 | G62: =RIGHT(A62,1) -> 7 | H62: 46085 | I62: 3.59 | J62: 22.1 | L62: 5.69 | M62: =L62*0.49 -> 2.7881 | N62: =M62*1.53 -> 4.265793 | O62: 397.2 | P62: 200 | Q62: =O62/P62 -> 1.986 | R62: =IF(OR(K62="",VALUE(K62)>5),NA(),CHOOSE(VALUE(K62),17667,14967,15967,16975,14561)) -> #N/A
A63: CA26PEUC93-H267/271-8 | B63: Carmenere | C63: Cachapoal | D63: PEUMO | E63: 93 | F63: 267/271 | G63: =RIGHT(A63,1) -> 8 | H63: 46092 | I63: 3.63 | J63: 22.2 | K63: 1 | L63: 5.51 | M63: =L63*0.49 -> 2.6999 | N63: =M63*1.53 -> 4.130847 | O63: 365.4 | P63: 200 | Q63: =O63/P63 -> 1.827 | R63: =IF(OR(K63="",VALUE(K63)>5),NA(),CHOOSE(VALUE(K63),17667,14967,15967,16975,14561)) -> 17667
A64: CA26PEUC93-H267/271-9 | B64: Carmenere | C64: Cachapoal | D64: PEUMO | E64: 93 | F64: 267/271 | G64: =RIGHT(A64,1) -> 9 | H64: 46099 | I64: 3.61 | J64: 22.5 | L64: 5.41 | M64: =L64*0.49 -> 2.6509 | N64: =M64*1.53 -> 4.055877 | O64: 343.6 | P64: 200 | Q64: =O64/P64 -> 1.718 | R64: =IF(OR(K64="",VALUE(K64)>5),NA(),CHOOSE(VALUE(K64),17667,14967,15967,16975,14561)) -> #N/A
A65: CA26PEUC93-H267/271-10 | B65: Carmenere | C65: Cachapoal | D65: PEUMO | E65: 93 | F65: 267/271 | G65: 10 | H65: 46107 | I65: 3.6 | J65: 23.8 | K65: 2 | L65: 4.6 | M65: =L65*0.49 -> 2.254 | N65: =M65*1.53 -> 3.44862 | O65: 368.6 | P65: 200 | Q65: =O65/P65 -> 1.843 | R65: =IF(OR(K65="",VALUE(K65)>5),NA(),CHOOSE(VALUE(K65),17667,14967,15967,16975,14561)) -> 14967
A66: CA26PEUC93-H267/271-11 | B66: Carmenere | C66: Cachapoal | D66: PEUMO | E66: 93 | F66: 267/271 | G66: 11 | H66: 46113 | I66: 3.75 | J66: 23.8 | K66: 3 | L66: 4.31 | M66: =L66*0.49 -> 2.1119 | N66: =M66*1.53 -> 3.231207 | O66: 414.2 | P66: 200 | Q66: =O66/P66 -> 2.071 | R66: =IF(OR(K66="",VALUE(K66)>5),NA(),CHOOSE(VALUE(K66),17667,14967,15967,16975,14561)) -> 15967
A67: CA26PEUC93-H267/271-12 | B67: Carmenere | C67: Cachapoal | D67: PEUMO | E67: 93 | F67: 267/271 | G67: 12 | H67: 46120 | I67: 3.64 | J67: 23.8 | L67: 5.74 | M67: =L67*0.49 -> 2.8126 | N67: =M67*1.53 -> 4.303278 | O67: 337.3 | P67: 200 | Q67: =O67/P67 -> 1.6865 | R67: =IF(OR(K67="",VALUE(K67)>5),NA(),CHOOSE(VALUE(K67),17667,14967,15967,16975,14561)) -> #N/A
A68: CA26PEUC93-H267/271-13 | B68: Carmenere | C68: Cachapoal | D68: PEUMO | E68: 93 | F68: 267/271 | G68: 13 | H68: 46127 | I68: 3.34 | J68: 22.8 | K68: 4 | L68: 8.18 | M68: =L68*0.49 -> 4.0082 | N68: =M68*1.53 -> 6.132546 | O68: 262.2 | P68: 200 | Q68: =O68/P68 -> 1.311 | R68: =IF(OR(K68="",VALUE(K68)>5),NA(),CHOOSE(VALUE(K68),17667,14967,15967,16975,14561)) -> 16975
A69: CA26PEUC93-H267/271-14 | B69: Carmenere | C69: Cachapoal | D69: PEUMO | E69: 93 | F69: 267/271 | G69: 14 | H69: 46134 | I69: 3.83 | J69: 25.7 | L69: 4.24 | M69: =L69*0.49 -> 2.0776 | N69: =M69*1.53 -> 3.178728 | O69: 354.1 | P69: 200 | Q69: =O69/P69 -> 1.7705 | R69: =IF(OR(K69="",VALUE(K69)>5),NA(),CHOOSE(VALUE(K69),17667,14967,15967,16975,14561)) -> #N/A
A70: CA26PEUC93-H267/271-15 | B70: Carmenere | C70: Cachapoal | D70: PEUMO | E70: 93 | F70: 267/271 | G70: 15 | H70: 46141 | I70: 3.32 | J70: 23.3 | K70: 5 | L70: 8.17 | M70: =L70*0.49 -> 4.0033 | N70: =M70*1.53 -> 6.125049 | O70: 270.1 | P70: 200 | Q70: =O70/P70 -> 1.3505 | R70: =IF(OR(K70="",VALUE(K70)>5),NA(),CHOOSE(VALUE(K70),17667,14967,15967,16975,14561)) -> 14561
A71: CA26PSAC42-H30-1 | B71: Carmenere | C71: Colchagua | D71: PALO SANTO | E71: 42 | F71: 30 | G71: =RIGHT(A71,1) -> 1 | H71: 46043 | I71: 3.33 | J71: 15.2 | L71: 12.56 | M71: =L71*0.49 -> 6.1544 | N71: =M71*1.53 -> 9.416232 | O71: 229.65 | P71: 200 | Q71: =O71/P71 -> 1.14825 | R71: =IF(OR(K71="",VALUE(K71)>5),NA(),CHOOSE(VALUE(K71),17667,14967,15967,16975,14561)) -> #N/A
A72: CA26PSAC42-H30-2 | B72: Carmenere | C72: Colchagua | D72: PALO SANTO | E72: 42 | F72: 30 | G72: =RIGHT(A72,1) -> 2 | H72: 46049 | I72: 3.18 | J72: 15 | L72: 17.04 | M72: =L72*0.49 -> 8.3496 | N72: =M72*1.53 -> 12.774888 | O72: 275.39 | P72: 200 | Q72: =O72/P72 -> 1.37695 | R72: =IF(OR(K72="",VALUE(K72)>5),NA(),CHOOSE(VALUE(K72),17667,14967,15967,16975,14561)) -> #N/A
A73: CA26PSAC42-H30-3 | B73: Carmenere | C73: Colchagua | D73: PALO SANTO | E73: 42 | F73: 30 | G73: =RIGHT(A73,1) -> 3 | H73: 46056 | I73: 3.28 | J73: 16.3 | L73: 11.66 | M73: =L73*0.49 -> 5.7134 | N73: =M73*1.53 -> 8.741502 | O73: 327.59 | P73: 200 | Q73: =O73/P73 -> 1.63795 | R73: =IF(OR(K73="",VALUE(K73)>5),NA(),CHOOSE(VALUE(K73),17667,14967,15967,16975,14561)) -> #N/A
A74: CA26PSAC42-H30-4 | B74: Carmenere | C74: Colchagua | D74: PALO SANTO | E74: 42 | F74: 30 | G74: =RIGHT(A74,1) -> 4 | H74: 46063 | I74: 3.53 | J74: 18 | L74: 8.76 | M74: =L74*0.49 -> 4.2924 | N74: =M74*1.53 -> 6.567372 | O74: 344.6 | P74: 200 | Q74: =O74/P74 -> 1.723 | R74: =IF(OR(K74="",VALUE(K74)>5),NA(),CHOOSE(VALUE(K74),17667,14967,15967,16975,14561)) -> #N/A
A75: CA26PSAC42-H30-5 | B75: Carmenere | C75: Colchagua | D75: PALO SANTO | E75: 42 | F75: 30 | G75: =RIGHT(A75,1) -> 5 | H75: 46070 | I75: 3.57 | J75: 19.6 | L75: 7.12 | M75: =L75*0.49 -> 3.4888 | N75: =M75*1.53 -> 5.337864 | O75: 354.8 | P75: 200 | Q75: =O75/P75 -> 1.774 | R75: =IF(OR(K75="",VALUE(K75)>5),NA(),CHOOSE(VALUE(K75),17667,14967,15967,16975,14561)) -> #N/A
A76: CA26PSAC42-H30-6 | B76: Carmenere | C76: Colchagua | D76: PALO SANTO | E76: 42 | F76: 30 | G76: =RIGHT(A76,1) -> 6 | H76: 46077 | I76: 3.6 | J76: 21 | L76: 6.6 | M76: =L76*0.49 -> 3.234 | N76: =M76*1.53 -> 4.94802 | O76: 348.4 | P76: 200 | Q76: =O76/P76 -> 1.742 | R76: =IF(OR(K76="",VALUE(K76)>5),NA(),CHOOSE(VALUE(K76),17667,14967,15967,16975,14561)) -> #N/A
A77: CA26PSAC42-H30-7 | B77: Carmenere | C77: Colchagua | D77: PALO SANTO | E77: 42 | F77: 30 | G77: =RIGHT(A77,1) -> 7 | H77: 46084 | I77: 3.69 | J77: 22 | L77: 5.85 | M77: =L77*0.49 -> 2.8665 | N77: =M77*1.53 -> 4.385745 | O77: 362.8 | P77: 200 | Q77: =O77/P77 -> 1.814 | R77: =IF(OR(K77="",VALUE(K77)>5),NA(),CHOOSE(VALUE(K77),17667,14967,15967,16975,14561)) -> #N/A
A78: CA26PSAC42-H30-8 | B78: Carmenere | C78: Colchagua | D78: PALO SANTO | E78: 42 | F78: 30 | G78: =RIGHT(A78,1) -> 8 | H78: 46091 | I78: 3.7 | J78: 23.1 | L78: 5.02 | M78: =L78*0.49 -> 2.4598 | N78: =M78*1.53 -> 3.763494 | O78: 335.2 | P78: 200 | Q78: =O78/P78 -> 1.676 | R78: =IF(OR(K78="",VALUE(K78)>5),NA(),CHOOSE(VALUE(K78),17667,14967,15967,16975,14561)) -> #N/A
A79: CA26PSAC42-H30-9 | B79: Carmenere | C79: Colchagua | D79: PALO SANTO | E79: 42 | F79: 30 | G79: =RIGHT(A79,1) -> 9 | H79: 46098 | I79: 3.78 | J79: 22.8 | L79: 4.46 | M79: =L79*0.49 -> 2.1854 | N79: =M79*1.53 -> 3.343662 | O79: 366 | P79: 200 | Q79: =O79/P79 -> 1.83 | R79: =IF(OR(K79="",VALUE(K79)>5),NA(),CHOOSE(VALUE(K79),17667,14967,15967,16975,14561)) -> #N/A
A80: CA26PSAC42-H30-10 | B80: Carmenere | C80: Colchagua | D80: PALO SANTO | E80: 42 | F80: 30 | G80: 10 | H80: - | I80: 3.78 | J80: 23.2 | L80: 4.41 | M80: =L80*0.49 -> 2.1609 | N80: =M80*1.53 -> 3.306177 | O80: 363 | P80: 200 | Q80: =O80/P80 -> 1.815 | R80: =IF(OR(K80="",VALUE(K80)>5),NA(),CHOOSE(VALUE(K80),17667,14967,15967,16975,14561)) -> #N/A
A81: CA26PSAC42-H30-11 | B81: Carmenere | C81: Colchagua | D81: PALO SANTO | E81: 42 | F81: 30 | G81: 11 | H81: 46112 | I81: 3.9 | J81: 24.3 | L81: 3.95 | M81: =L81*0.49 -> 1.9355 | N81: =M81*1.53 -> 2.961315 | O81: 327.6 | P81: 200 | Q81: =O81/P81 -> 1.638 | R81: =IF(OR(K81="",VALUE(K81)>5),NA(),CHOOSE(VALUE(K81),17667,14967,15967,16975,14561)) -> #N/A
A82: CA26PSAC42-H30-12 | B82: Carmenere | C82: Colchagua | D82: PALO SANTO | E82: 42 | F82: 30 | G82: 12 | H82: 46119 | I82: 3.92 | J82: 24.7 | L82: 3.88 | M82: =L82*0.49 -> 1.9012 | N82: =M82*1.53 -> 2.908836 | O82: 303 | P82: 200 | Q82: =O82/P82 -> 1.515 | R82: =IF(OR(K82="",VALUE(K82)>5),NA(),CHOOSE(VALUE(K82),17667,14967,15967,16975,14561)) -> #N/A
A83: CA26PSAC42-H30-13 | B83: Carmenere | C83: Colchagua | D83: PALO SANTO | E83: 42 | F83: 30 | G83: 13 | H83: 46126 | I83: 4.18 | J83: 25.8 | L83: 3.86 | M83: =L83*0.49 -> 1.8914 | N83: =M83*1.53 -> 2.893842 | O83: 307.7 | P83: 200 | Q83: =O83/P83 -> 1.5385 | R83: =IF(OR(K83="",VALUE(K83)>5),NA(),CHOOSE(VALUE(K83),17667,14967,15967,16975,14561)) -> #N/A
A84: CA26PSAC42-H30-14 | B84: Carmenere | C84: Colchagua | D84: PALO SANTO | E84: 42 | F84: 30 | G84: 14 | H84: 46132 | I84: 3.98 | J84: 26.3 | L84: 4.1 | M84: =L84*0.49 -> 2.009 | N84: =M84*1.53 -> 3.07377 | O84: 310.4 | P84: 200 | Q84: =O84/P84 -> 1.552 | R84: =IF(OR(K84="",VALUE(K84)>5),NA(),CHOOSE(VALUE(K84),17667,14967,15967,16975,14561)) -> #N/A
A85: CA26PSAC42-H30-15 | B85: Carmenere | C85: Colchagua | D85: PALO SANTO | E85: 42 | F85: 30 | G85: 15 | H85: 46139 | I85: 4.14 | J85: 27.2 | L85: 3.96 | M85: =L85*0.49 -> 1.9404 | N85: =M85*1.53 -> 2.968812 | O85: 317 | P85: 200 | Q85: =O85/P85 -> 1.585 | R85: =IF(OR(K85="",VALUE(K85)>5),NA(),CHOOSE(VALUE(K85),17667,14967,15967,16975,14561)) -> #N/A
A86: CS26QAGC40-H152-1 | B86: Cabernet Sauvignon | C86: Maule | D86: QUEBRADA DE AGUA | E86: 40 | F86: 152 | G86: =RIGHT(A86,1) -> 1 | H86: 46044 | I86: 2.79 | J86: 14.1 | L86: 28.1 | M86: =L86*0.49 -> 13.769 | N86: =M86*1.53 -> 21.06657 | O86: 207.67 | P86: 200 | Q86: =O86/P86 -> 1.03835 | R86: =IF(OR(K86="",VALUE(K86)>5),NA(),CHOOSE(VALUE(K86),17667,14967,15967,16975,14561)) -> #N/A
A87: CS26QAGC40-H152-2 | B87: Cabernet Sauvignon | C87: Maule | D87: QUEBRADA DE AGUA | E87: 40 | F87: 152 | G87: =RIGHT(A87,1) -> 2 | H87: 46050 | I87: 2.85 | J87: 15.7 | L87: 26.82 | M87: =L87*0.49 -> 13.1418 | N87: =M87*1.53 -> 20.106954 | O87: 235.12 | P87: 200 | Q87: =O87/P87 -> 1.1756 | R87: =IF(OR(K87="",VALUE(K87)>5),NA(),CHOOSE(VALUE(K87),17667,14967,15967,16975,14561)) -> #N/A
A88: CS26QAGC40-H152-3 | B88: Cabernet Sauvignon | C88: Maule | D88: QUEBRADA DE AGUA | E88: 40 | F88: 152 | G88: =RIGHT(A88,1) -> 3 | H88: 46058 | I88: 2.95 | J88: 17.5 | L88: 20.52 | M88: =L88*0.49 -> 10.0548 | N88: =M88*1.53 -> 15.383844 | O88: 258.1 | P88: 200 | Q88: =O88/P88 -> 1.2905 | R88: =IF(OR(K88="",VALUE(K88)>5),NA(),CHOOSE(VALUE(K88),17667,14967,15967,16975,14561)) -> #N/A
A89: CS26QAGC40-H152-4 | B89: Cabernet Sauvignon | C89: Maule | D89: QUEBRADA DE AGUA | E89: 40 | F89: 152 | G89: =RIGHT(A89,1) -> 4 | H89: 46065 | I89: 3.04 | J89: 19 | L89: 18.42 | M89: =L89*0.49 -> 9.0258 | N89: =M89*1.53 -> 13.809474 | O89: 267.3 | P89: 200 | Q89: =O89/P89 -> 1.3365 | R89: =IF(OR(K89="",VALUE(K89)>5),NA(),CHOOSE(VALUE(K89),17667,14967,15967,16975,14561)) -> #N/A
A90: CS26QAGC40-H152-5 | B90: Cabernet Sauvignon | C90: Maule | D90: QUEBRADA DE AGUA | E90: 40 | F90: 152 | G90: =RIGHT(A90,1) -> 5 | H90: 46071 | I90: 3.12 | J90: 19.8 | L90: 16.62 | M90: =L90*0.49 -> 8.1438 | N90: =M90*1.53 -> 12.460014 | O90: 291.2 | P90: 200 | Q90: =O90/P90 -> 1.456 | R90: =IF(OR(K90="",VALUE(K90)>5),NA(),CHOOSE(VALUE(K90),17667,14967,15967,16975,14561)) -> #N/A
A91: CS26QAGC40-H152-6 | B91: Cabernet Sauvignon | C91: Maule | D91: QUEBRADA DE AGUA | E91: 40 | F91: 152 | G91: =RIGHT(A91,1) -> 6 | H91: 46079 | I91: 3.11 | J91: 22.3 | L91: 13.8 | M91: =L91*0.49 -> 6.762 | N91: =M91*1.53 -> 10.34586 | O91: 290.2 | P91: 200 | Q91: =O91/P91 -> 1.451 | R91: =IF(OR(K91="",VALUE(K91)>5),NA(),CHOOSE(VALUE(K91),17667,14967,15967,16975,14561)) -> #N/A
A92: CS26QAGC40-H152-7 | B92: Cabernet Sauvignon | C92: Maule | D92: QUEBRADA DE AGUA | E92: 40 | F92: 152 | G92: =RIGHT(A92,1) -> 7 | H92: 46086 | I92: 3.14 | J92: 23.1 | L92: 11.44 | M92: =L92*0.49 -> 5.6056 | N92: =M92*1.53 -> 8.576568 | O92: 296.6 | P92: 200 | Q92: =O92/P92 -> 1.483 | R92: =IF(OR(K92="",VALUE(K92)>5),NA(),CHOOSE(VALUE(K92),17667,14967,15967,16975,14561)) -> #N/A
A93: CS26QAGC40-H152-8 | B93: Cabernet Sauvignon | C93: Maule | D93: QUEBRADA DE AGUA | E93: 40 | F93: 152 | G93: =RIGHT(A93,1) -> 8 | H93: 46094 | I93: 3.13 | J93: 23.7 | L93: 11.07 | M93: =L93*0.49 -> 5.4243 | N93: =M93*1.53 -> 8.299179 | O93: 309.7 | P93: 200 | Q93: =O93/P93 -> 1.5485 | R93: =IF(OR(K93="",VALUE(K93)>5),NA(),CHOOSE(VALUE(K93),17667,14967,15967,16975,14561)) -> #N/A
A94: CS26QAGC40-H152-9 | B94: Cabernet Sauvignon | C94: Maule | D94: QUEBRADA DE AGUA | E94: 40 | F94: 152 | G94: =RIGHT(A94,1) -> 9 | H94: 46108 | I94: 3.05 | J94: 23.8 | L94: 10.59 | M94: =L94*0.49 -> 5.1891 | N94: =M94*1.53 -> 7.939323 | O94: 301.8 | P94: 200 | Q94: =O94/P94 -> 1.509 | R94: =IF(OR(K94="",VALUE(K94)>5),NA(),CHOOSE(VALUE(K94),17667,14967,15967,16975,14561)) -> #N/A
A95: CS26QAGC40-H152-10 | B95: Cabernet Sauvignon | C95: Maule | D95: QUEBRADA DE AGUA | E95: 40 | F95: 152 | G95: 10 | H95: 46114 | I95: 3.07 | J95: 25 | L95: 11.37 | M95: =L95*0.49 -> 5.5713 | N95: =M95*1.53 -> 8.524089 | O95: 295.8 | P95: 200 | Q95: =O95/P95 -> 1.479 | R95: =IF(OR(K95="",VALUE(K95)>5),NA(),CHOOSE(VALUE(K95),17667,14967,15967,16975,14561)) -> #N/A
A96: CS26KEUC3-H1/6-1 | B96: Cabernet Sauvignon | C96: Maule | D96: KEULE | E96: 3 | F96: 1/6 | G96: =RIGHT(A96,1) -> 1 | H96: 46044 | I96: 2.84 | J96: 15.2 | L96: 29.46 | M96: =L96*0.49 -> 14.4354 | N96: =M96*1.53 -> 22.086162 | O96: 214.98 | P96: 200 | Q96: =O96/P96 -> 1.0749 | R96: =IF(OR(K96="",VALUE(K96)>5),NA(),CHOOSE(VALUE(K96),17667,14967,15967,16975,14561)) -> #N/A
A97: CS26KEUC3-H1/6-2 | B97: Cabernet Sauvignon | C97: Maule | D97: KEULE | E97: 3 | F97: 1/6 | G97: =RIGHT(A97,1) -> 2 | H97: 46051 | I97: 2.87 | J97: 16 | L97: 24.2 | M97: =L97*0.49 -> 11.858 | N97: =M97*1.53 -> 18.14274 | O97: 233.77 | P97: 200 | Q97: =O97/P97 -> 1.16885 | R97: =IF(OR(K97="",VALUE(K97)>5),NA(),CHOOSE(VALUE(K97),17667,14967,15967,16975,14561)) -> #N/A
A98: CS26KEUC3-H1/6-3 | B98: Cabernet Sauvignon | C98: Maule | D98: KEULE | E98: 3 | F98: 1/6 | G98: =RIGHT(A98,1) -> 3 | H98: 46057 | I98: 2.97 | J98: 17.2 | L98: 20.1 | M98: =L98*0.49 -> 9.849 | N98: =M98*1.53 -> 15.06897 | O98: 253.7 | P98: 200 | Q98: =O98/P98 -> 1.2685 | R98: =IF(OR(K98="",VALUE(K98)>5),NA(),CHOOSE(VALUE(K98),17667,14967,15967,16975,14561)) -> #N/A
A99: CS26KEUC3-H1/6-4 | B99: Cabernet Sauvignon | C99: Maule | D99: KEULE | E99: 3 | F99: 1/6 | G99: =RIGHT(A99,1) -> 4 | H99: 46064 | I99: 3.03 | J99: 18.7 | L99: 17.54 | M99: =L99*0.49 -> 8.5946 | N99: =M99*1.53 -> 13.149738 | O99: 248.3 | P99: 200 | Q99: =O99/P99 -> 1.2415 | R99: =IF(OR(K99="",VALUE(K99)>5),NA(),CHOOSE(VALUE(K99),17667,14967,15967,16975,14561)) -> #N/A
A100: CS26KEUC3-H1/6-5 | B100: Cabernet Sauvignon | C100: Maule | D100: KEULE | E100: 3 | F100: 1/6 | G100: =RIGHT(A100,1) -> 5 | H100: 46072 | I100: 3.11 | J100: 21.1 | L100: 13.56 | M100: =L100*0.49 -> 6.6444 | N100: =M100*1.53 -> 10.165932 | O100: 309.6 | P100: 200 | Q100: =O100/P100 -> 1.548 | R100: =IF(OR(K100="",VALUE(K100)>5),NA(),CHOOSE(VALUE(K100),17667,14967,15967,16975,14561)) -> #N/A
...

Sheet CS-Idahue
A2: 2025
A3: Id. original muestra | B3: Variedad | C3: Valle | D3: Fundo | E3: Cuartel | F3: Hilera | G3: Muestreo Fenoles | H3: Muestreo | I3: Fecha | J3: pH | K3: Brix | L3: Acidez Sulfúrica | M3: Acidez Tartárica | N3: Peso Baya
A4: CS25IDAC36-H62/76-1 | B4: Cabernet Sauvignon | C4: Colchagua | D4: IDAHUE | E4: 36 | F4: 62/76 | H4: 1 | I4: 45691 | J4: 2.75 | K4: 16.2 | L4: 11.2014 | M4: 17.1381 | N4: 1.1
A5: CS25IDAC36-H62/76-2 | B5: Cabernet Sauvignon | C5: Colchagua | D5: IDAHUE | E5: 36 | F5: 62/76 | H5: 2 | I5: 45698 | J5: 2.87 | K5: 17.8 | L5: 8.6436 | M5: 13.2247 | N5: 1.18
A6: CS25IDAC36-H62/76-3 | B6: Cabernet Sauvignon | C6: Colchagua | D6: IDAHUE | E6: 36 | F6: 62/76 | H6: 3 | I6: 45705 | J6: 2.98 | K6: 19 | L6: 7.0364 | M6: 10.7657 | N6: 1.25
A7: CS25IDAC36-H62/76-4 | B7: Cabernet Sauvignon | C7: Colchagua | D7: IDAHUE | E7: 36 | F7: 62/76 | G7: 45712 | H7: 4 | I7: 45712 | J7: 3.08 | K7: 20 | L7: 6.5856 | M7: 10.076 | N7: 1.48
A8: CS25IDAC36-H62/76-5 | B8: Cabernet Sauvignon | C8: Colchagua | D8: IDAHUE | E8: 36 | F8: 62/76 | H8: 5 | I8: 45719 | J8: 3.19 | K8: 21.3 | L8: 5.4488 | M8: 8.3367 | N8: 1.43
A9: CS25IDAC36-H62/76-6 | B9: Cabernet Sauvignon | C9: Colchagua | D9: IDAHUE | E9: 36 | F9: 62/76 | H9: 6 | I9: 45726 | J9: 3.29 | K9: 22.2 | L9: 4.8412 | M9: 7.407 | N9: 1.52
A10: CS25IDAC36-H62/76-7 | B10: Cabernet Sauvignon | C10: Colchagua | D10: IDAHUE | E10: 36 | F10: 62/76 | G10: 45733 | H10: 7 | I10: 45733 | J10: 3.4 | K10: 23.2 | L10: 4.1944 | M10: 6.4174 | N10: 1.52
A11: CS25IDAC36-H62/76-8 | B11: Cabernet Sauvignon | C11: Colchagua | D11: IDAHUE | E11: 36 | F11: 62/76 | G11: 45737 | H11: 8 | I11: 45737 | J11: 3.83 | K11: 23.6 | L11: 3.087 | M11: 4.7231 | N11: 1.65
A12: CS25IDAC36-H62/76-9 | B12: Cabernet Sauvignon | C12: Colchagua | D12: IDAHUE | E12: 36 | F12: 62/76 | G12: 45744 | H12: 9 | I12: 45744 | J12: 3.7 | K12: 24.2 | L12: 3.0233 | M12: 4.6256 | N12: 1.35
A13: CS25IDAC36-H62/76-10 | B13: Cabernet Sauvignon | C13: Colchagua | D13: IDAHUE | E13: 36 | F13: 62/76 | G13: 45751 | H13: 10 | I13: 45751 | J13: 3.81 | K13: 24.8 | L13: 2.7244 | M13: 4.1683 | N13: 1.46
A14: CS25IDAC36-H62/76-11 | B14: Cabernet Sauvignon | C14: Colchagua | D14: IDAHUE | E14: 36 | F14: 62/76 | G14: 45758 | H14: 11 | I14: 45758 | J14: 3.85 | K14: 25.3 | L14: 2.6754 | M14: 4.0934 | N14: 1.53
A16: 2026
A17: Id. original muestra | B17: Variedad | C17: Valle | D17: Fundo | E17: Cuartel | F17: Hilera | G17: Muestreo Fenoles | H17: Muestreo | I17: Fecha | J17: pH | K17: Brix | L17: Acidez Sulfúrica | M17: Acidez Tartárica | N17: Peso Baya | O17: COSECHA
A18: ='Muestras Tintas'!A30 -> CS26IDAC36-H63/76-1 | B18: ='Muestras Tintas'!B30 -> Cabernet Sauvignon | C18: ='Muestras Tintas'!C30 -> Colchagua | D18: ='Muestras Tintas'!D30 -> IDAHUE | E18: ='Muestras Tintas'!E30 -> 36 | F18: ='Muestras Tintas'!F30 -> 63/76 | H18: ='Muestras Tintas'!G30 -> 1 | I18: ='Muestras Tintas'!H30 -> 46035 | J18: ='Muestras Tintas'!I30 -> 2.59 | K18: ='Muestras Tintas'!J30 -> 7.9 | L18: ='Muestras Tintas'!L30*0.49 -> 22.6674 | M18: ='Muestras Tintas'!M30*1.53 -> 34.681122 | N18: ='Muestras Tintas'!O30/200 -> 0.8245
A19: ='Muestras Tintas'!A31 -> CS26IDAC36-H63/76-2 | B19: ='Muestras Tintas'!B31 -> Cabernet Sauvignon | C19: ='Muestras Tintas'!C31 -> Colchagua | D19: ='Muestras Tintas'!D31 -> IDAHUE | E19: ='Muestras Tintas'!E31 -> 36 | F19: ='Muestras Tintas'!F31 -> 63/76 | H19: ='Muestras Tintas'!G31 -> 2 | I19: ='Muestras Tintas'!H31 -> 46044 | J19: ='Muestras Tintas'!I31 -> 2.9 | K19: ='Muestras Tintas'!J31 -> 16.3 | L19: ='Muestras Tintas'!L31*0.49 -> 10.486 | M19: ='Muestras Tintas'!M31*1.53 -> 16.04358 | N19: ='Muestras Tintas'!O31/200 -> 0.98275
A20: ='Muestras Tintas'!A32 -> CS26IDAC36-H63/76-3 | B20: ='Muestras Tintas'!B32 -> Cabernet Sauvignon | C20: ='Muestras Tintas'!C32 -> Colchagua | D20: ='Muestras Tintas'!D32 -> IDAHUE | E20: ='Muestras Tintas'!E32 -> 36 | F20: ='Muestras Tintas'!F32 -> 63/76 | H20: ='Muestras Tintas'!G32 -> 3 | I20: ='Muestras Tintas'!H32 -> 46050 | J20: ='Muestras Tintas'!I32 -> 2.99 | K20: ='Muestras Tintas'!J32 -> 17.2 | L20: ='Muestras Tintas'!L32*0.49 -> 9.4766 | M20: ='Muestras Tintas'!M32*1.53 -> 14.499198 | N20: ='Muestras Tintas'!O32/200 -> 0.9966
A21: ='Muestras Tintas'!A33 -> CS26IDAC36-H63/76-4 | B21: ='Muestras Tintas'!B33 -> Cabernet Sauvignon | C21: ='Muestras Tintas'!C33 -> Colchagua | D21: ='Muestras Tintas'!D33 -> IDAHUE | E21: ='Muestras Tintas'!E33 -> 36 | F21: ='Muestras Tintas'!F33 -> 63/76 | H21: ='Muestras Tintas'!G33 -> 4 | I21: ='Muestras Tintas'!H33 -> 46057 | J21: ='Muestras Tintas'!I33 -> 3.03 | K21: ='Muestras Tintas'!J33 -> 17.8 | L21: ='Muestras Tintas'!L33*0.49 -> 6.9776 | M21: ='Muestras Tintas'!M33*1.53 -> 10.675728 | N21: ='Muestras Tintas'!O33/200 -> 1.228
A22: ='Muestras Tintas'!A34 -> CS26IDAC36-H63/76-5 | B22: ='Muestras Tintas'!B34 -> Cabernet Sauvignon | C22: ='Muestras Tintas'!C34 -> Colchagua | D22: ='Muestras Tintas'!D34 -> IDAHUE | E22: ='Muestras Tintas'!E34 -> 36 | F22: ='Muestras Tintas'!F34 -> 63/76 | H22: ='Muestras Tintas'!G34 -> 5 | I22: ='Muestras Tintas'!H34 -> 46064 | J22: ='Muestras Tintas'!I34 -> 3.15 | K22: ='Muestras Tintas'!J34 -> 20.1 | L22: ='Muestras Tintas'!L34*0.49 -> 6.1054 | M22: ='Muestras Tintas'!M34*1.53 -> 9.341262 | N22: ='Muestras Tintas'!O34/200 -> 1.308
A23: ='Muestras Tintas'!A35 -> CS26IDAC36-H63/76-6 | B23: ='Muestras Tintas'!B35 -> Cabernet Sauvignon | C23: ='Muestras Tintas'!C35 -> Colchagua | D23: ='Muestras Tintas'!D35 -> IDAHUE | E23: ='Muestras Tintas'!E35 -> 36 | F23: ='Muestras Tintas'!F35 -> 63/76 | H23: ='Muestras Tintas'!G35 -> 6 | I23: ='Muestras Tintas'!H35 -> 46071 | J23: ='Muestras Tintas'!I35 -> 3.21 | K23: ='Muestras Tintas'!J35 -> 21.8 | L23: ='Muestras Tintas'!L35*0.49 -> 5.3802 | M23: ='Muestras Tintas'!M35*1.53 -> 8.231706 | N23: ='Muestras Tintas'!O35/200 -> 1.2045
A24: ='Muestras Tintas'!A36 -> CS26IDAC36-H63/76-7 | B24: ='Muestras Tintas'!B36 -> Cabernet Sauvignon | C24: ='Muestras Tintas'!C36 -> Colchagua | D24: ='Muestras Tintas'!D36 -> IDAHUE | E24: ='Muestras Tintas'!E36 -> 36 | F24: ='Muestras Tintas'!F36 -> 63/76 | H24: ='Muestras Tintas'!G36 -> 7 | I24: ='Muestras Tintas'!H36 -> 46078 | J24: ='Muestras Tintas'!I36 -> 3.23 | K24: ='Muestras Tintas'!J36 -> 23.7 | L24: ='Muestras Tintas'!L36*0.49 -> 4.7334 | M24: ='Muestras Tintas'!M36*1.53 -> 7.242102 | N24: ='Muestras Tintas'!O36/200 -> 1.1465
A25: ='Muestras Tintas'!A37 -> CS26IDAC36-H63/76-8 | B25: ='Muestras Tintas'!B37 -> Cabernet Sauvignon | C25: ='Muestras Tintas'!C37 -> Colchagua | D25: ='Muestras Tintas'!D37 -> IDAHUE | E25: ='Muestras Tintas'!E37 -> 36 | F25: ='Muestras Tintas'!F37 -> 63/76 | H25: ='Muestras Tintas'!G37 -> 8 | I25: ='Muestras Tintas'!H37 -> 46085 | J25: ='Muestras Tintas'!I37 -> 3.31 | K25: ='Muestras Tintas'!J37 -> 24.7 | L25: ='Muestras Tintas'!L37*0.49 -> 4.263 | M25: ='Muestras Tintas'!M37*1.53 -> 6.52239 | N25: ='Muestras Tintas'!O37/200 -> 1.158 | O25: 1
A26: ='Muestras Tintas'!A38 -> CS26IDAC36-H63/76-9 | B26: ='Muestras Tintas'!B38 -> Cabernet Sauvignon | C26: ='Muestras Tintas'!C38 -> Colchagua | D26: ='Muestras Tintas'!D38 -> IDAHUE | E26: ='Muestras Tintas'!E38 -> 36 | F26: ='Muestras Tintas'!F38 -> 63/76 | H26: ='Muestras Tintas'!G38 -> 9 | I26: ='Muestras Tintas'!H38 -> 46092 | J26: ='Muestras Tintas'!I38 -> 3.49 | K26: ='Muestras Tintas'!J38 -> 25.8 | L26: ='Muestras Tintas'!L38*0.49 -> 4.1748 | M26: ='Muestras Tintas'!M38*1.53 -> 6.387444 | N26: ='Muestras Tintas'!O38/200 -> 1.129
A27: ='Muestras Tintas'!A39 -> CS26IDAC36-H63/76-10 | B27: ='Muestras Tintas'!B39 -> Cabernet Sauvignon | C27: ='Muestras Tintas'!C39 -> Colchagua | D27: ='Muestras Tintas'!D39 -> IDAHUE | E27: ='Muestras Tintas'!E39 -> 36 | F27: ='Muestras Tintas'!F39 -> 63/76 | H27: ='Muestras Tintas'!G39 -> 10 | I27: ='Muestras Tintas'!H39 -> 46099 | J27: ='Muestras Tintas'!I39 -> 3.4 | K27: ='Muestras Tintas'!J39 -> 25.7 | L27: ='Muestras Tintas'!L39*0.49 -> 3.9298 | M27: ='Muestras Tintas'!M39*1.53 -> 6.012594 | N27: ='Muestras Tintas'!O39/200 -> 1.124 | O27: 2
A28: ='Muestras Tintas'!A40 -> CS26IDAC36-H63/76-11 | B28: ='Muestras Tintas'!B40 -> Cabernet Sauvignon | C28: ='Muestras Tintas'!C40 -> Colchagua | D28: ='Muestras Tintas'!D40 -> IDAHUE | E28: ='Muestras Tintas'!E40 -> 36 | F28: ='Muestras Tintas'!F40 -> 63/76 | H28: ='Muestras Tintas'!G40 -> 11 | I28: ='Muestras Tintas'!H40 -> 46106 | J28: ='Muestras Tintas'!I40 -> 3.36 | K28: ='Muestras Tintas'!J40 -> 26.2 | L28: ='Muestras Tintas'!L40*0.49 -> 4.0768 | M28: ='Muestras Tintas'!M40*1.53 -> 6.237504 | N28: ='Muestras Tintas'!O40/200 -> 1.006
A29: ='Muestras Tintas'!A41 -> CS26IDAC36-H63/76-12 | B29: ='Muestras Tintas'!B41 -> Cabernet Sauvignon | C29: ='Muestras Tintas'!C41 -> Colchagua | D29: ='Muestras Tintas'!D41 -> IDAHUE | E29: ='Muestras Tintas'!E41 -> 36 | F29: ='Muestras Tintas'!F41 -> 63/76 | H29: ='Muestras Tintas'!G41 -> 12 | I29: ='Muestras Tintas'!H41 -> 46112 | J29: ='Muestras Tintas'!I41 -> 3.25 | K29: ='Muestras Tintas'!J41 -> 25.9 | L29: ='Muestras Tintas'!L41*0.49 -> 4.1062 | M29: ='Muestras Tintas'!M41*1.53 -> 6.282486 | N29: ='Muestras Tintas'!O41/200 -> 1.087
A30: ='Muestras Tintas'!A42 -> CS26IDAC36-H63/76-13 | B30: ='Muestras Tintas'!B42 -> Cabernet Sauvignon | C30: ='Muestras Tintas'!C42 -> Colchagua | D30: ='Muestras Tintas'!D42 -> IDAHUE | E30: ='Muestras Tintas'!E42 -> 36 | F30: ='Muestras Tintas'!F42 -> 63/76 | H30: ='Muestras Tintas'!G42 -> 13 | I30: ='Muestras Tintas'!H42 -> 46119 | J30: ='Muestras Tintas'!I42 -> 3.55 | K30: ='Muestras Tintas'!J42 -> 24.5 | L30: ='Muestras Tintas'!L42*0.49 -> 4.0572 | M30: ='Muestras Tintas'!M42*1.53 -> 6.207516 | N30: ='Muestras Tintas'!O42/200 -> 1.288

Sheet CS-Nilahue
A2: 2025
A3: Id. original muestra | B3: Variedad | C3: Valle | D3: Fundo | E3: Cuartel | F3: Hilera | G3: Muestreo Fenoles | H3: Muestreo | I3: Fecha | J3: pH | K3: Brix | L3: Acidez Sulfúrica | M3: Acidez Tartárica | N3: Peso Baya
A4: CS25NILC2-H61/64-1 | B4: Cabernet Sauvignon | C4: Colchagua | D4: NILAHUE | E4: 2 | F4: 61/64 | H4: 1 | I4: 45692 | J4: 2.64 | K4: 16.3 | L4: 12.2402 | M4: 18.7275 | N4: 1.06
A5: CS25NILC2-H61/64-2 | B5: Cabernet Sauvignon | C5: Colchagua | D5: NILAHUE | E5: 2 | F5: 61/64 | H5: 2 | I5: 45699 | J5: 2.77 | K5: 17.2 | L5: 9.2904 | M5: 14.2143 | N5: 1.28
A6: CS25NILC2-H61/64-3 | B6: Cabernet Sauvignon | C6: Colchagua | D6: NILAHUE | E6: 2 | F6: 61/64 | H6: 3 | I6: 45706 | J6: 2.92 | K6: 18.6 | L6: 7.9184 | M6: 12.1152 | N6: 1.29
A7: CS25NILC2-H61/64-4 | B7: Cabernet Sauvignon | C7: Colchagua | D7: NILAHUE | E7: 2 | F7: 61/64 | H7: 4 | I7: 45713 | J7: 3.05 | K7: 19.3 | L7: 6.9188 | M7: 10.5858 | N7: 1.55
A8: CS25NILC2-H61/64-5 | B8: Cabernet Sauvignon | C8: Colchagua | D8: NILAHUE | E8: 2 | F8: 61/64 | H8: 5 | I8: 45720 | J8: 3.19 | K8: 21.8 | L8: 5.3704 | M8: 8.2167 | N8: 1.56
A9: CS25NILC2-H61/64-6 | B9: Cabernet Sauvignon | C9: Colchagua | D9: NILAHUE | E9: 2 | F9: 61/64 | G9: 45727 | H9: 6 | I9: 45727 | J9: 3.28 | K9: 21.9 | L9: 5.3606 | M9: 8.2017 | N9: 1.67
A10: CS25NILC2-H61/64-7 | B10: Cabernet Sauvignon | C10: Colchagua | D10: NILAHUE | E10: 2 | F10: 61/64 | G10: 45734 | H10: 7 | I10: 45734 | J10: 3.4 | K10: 22.4 | L10: 4.7553 | M10: 7.2721 | N10: 1.68
A11: CS25NILC2-H61/64-8 | B11: Cabernet Sauvignon | C11: Colchagua | D11: NILAHUE | E11: 2 | F11: 61/64 | G11: 45742 | H11: 8 | I11: 45742 | J11: 3.41 | K11: 23 | L11: 4.6403 | M11: 7.0997 | N11: 1.74
A12: CS25NILC2-H61/64-9 | B12: Cabernet Sauvignon | C12: Colchagua | D12: NILAHUE | E12: 2 | F12: 61/64 | G12: 45748 | H12: 9 | I12: 45748 | J12: 3.58 | K12: 23.9 | L12: 3.4398 | M12: 5.2629 | N12: 2.11
A13: CS25NILC2-H61/64-10 | B13: Cabernet Sauvignon | C13: Colchagua | D13: NILAHUE | E13: 2 | F13: 61/64 | G13: 45755 | H13: 10 | I13: 45755 | J13: 3.46 | K13: 23.9 | L13: 3.4153 | M13: 5.2254 | N13: 1.7
A14: CS25NILC2-H61/64-11 | B14: Cabernet Sauvignon | C14: Colchagua | D14: NILAHUE | E14: 2 | F14: 61/64 | G14: 45762 | H14: 11 | I14: 45762 | J14: 3.47 | K14: 24.4 | L14: 3.3418 | M14: 5.113 | N14: 1.62
A15: CS25NILC2-H61/64-12 | B15: Cabernet Sauvignon | C15: Colchagua | D15: NILAHUE | E15: 2 | F15: 61/64 | G15: 45777 | H15: 12 | I15: 45777 | J15: 3.64 | K15: 24.6 | L15: 3.3124 | M15: 5.068 | N15: 1.71
A17: 2026
A18: Id. original muestra | B18: Variedad | C18: Valle | D18: Fundo | E18: Cuartel | F18: Hilera | G18: Muestreo Fenoles | H18: Muestreo | I18: Fecha | J18: pH | K18: Brix | L18: Acidez Sulfúrica | M18: Acidez Tartárica | N18: Peso Baya | O18: COSECHA
A19: ='Muestras Tintas'!A43 -> CS26NILC2-H61/66-1 | B19: ='Muestras Tintas'!B43 -> Cabernet Sauvignon | C19: ='Muestras Tintas'!C43 -> Colchagua | D19: ='Muestras Tintas'!D43 -> NILAHUE | E19: ='Muestras Tintas'!E43 -> 2 | F19: ='Muestras Tintas'!F43 -> 61/66 | H19: ='Muestras Tintas'!G43 -> 1 | I19: ='Muestras Tintas'!H43 -> 46043 | J19: ='Muestras Tintas'!I43 -> 2.79 | K19: ='Muestras Tintas'!J43 -> 13.5 | L19: ='Muestras Tintas'!L43*0.49 -> 12.7106 | M19: ='Muestras Tintas'!M43*1.53 -> 19.447218 | N19: ='Muestras Tintas'!O43/200 -> 1.05525
A20: ='Muestras Tintas'!A44 -> CS26NILC2-H61/66-2 | B20: ='Muestras Tintas'!B44 -> Cabernet Sauvignon | C20: ='Muestras Tintas'!C44 -> Colchagua | D20: ='Muestras Tintas'!D44 -> NILAHUE | E20: ='Muestras Tintas'!E44 -> 2 | F20: ='Muestras Tintas'!F44 -> 61/66 | H20: ='Muestras Tintas'!G44 -> 2 | I20: ='Muestras Tintas'!H44 -> 46049 | J20: ='Muestras Tintas'!I44 -> 2.77 | K20: ='Muestras Tintas'!J44 -> 15 | L20: ='Muestras Tintas'!L44*0.49 -> 15.4154 | M20: ='Muestras Tintas'!M44*1.53 -> 23.585562 | N20: ='Muestras Tintas'!O44/200 -> 1.07395
A21: ='Muestras Tintas'!A45 -> CS26NILC2-H61/66-3 | B21: ='Muestras Tintas'!B45 -> Cabernet Sauvignon | C21: ='Muestras Tintas'!C45 -> Colchagua | D21: ='Muestras Tintas'!D45 -> NILAHUE | E21: ='Muestras Tintas'!E45 -> 2 | F21: ='Muestras Tintas'!F45 -> 61/66 | H21: ='Muestras Tintas'!G45 -> 3 | I21: ='Muestras Tintas'!H45 -> 46056 | J21: ='Muestras Tintas'!I45 -> 2.86 | K21: ='Muestras Tintas'!J45 -> 15.5 | L21: ='Muestras Tintas'!L45*0.49 -> 12.6028 | M21: ='Muestras Tintas'!M45*1.53 -> 19.282284 | N21: ='Muestras Tintas'!O45/200 -> 1.18475
A22: ='Muestras Tintas'!A46 -> CS26NILC2-H61/66-4 | B22: ='Muestras Tintas'!B46 -> Cabernet Sauvignon | C22: ='Muestras Tintas'!C46 -> Colchagua | D22: ='Muestras Tintas'!D46 -> NILAHUE | E22: ='Muestras Tintas'!E46 -> 2 | F22: ='Muestras Tintas'!F46 -> 61/66 | H22: ='Muestras Tintas'!G46 -> 4 | I22: ='Muestras Tintas'!H46 -> 46063 | J22: ='Muestras Tintas'!I46 -> 3.11 | K22: ='Muestras Tintas'!J46 -> 18.2 | L22: ='Muestras Tintas'!L46*0.49 -> 9.3688 | M22: ='Muestras Tintas'!M46*1.53 -> 14.334264 | N22: ='Muestras Tintas'!O46/200 -> 1.3675
A23: ='Muestras Tintas'!A47 -> CS26NILC2-H61/66-5 | B23: ='Muestras Tintas'!B47 -> Cabernet Sauvignon | C23: ='Muestras Tintas'!C47 -> Colchagua | D23: ='Muestras Tintas'!D47 -> NILAHUE | E23: ='Muestras Tintas'!E47 -> 2 | F23: ='Muestras Tintas'!F47 -> 61/66 | H23: ='Muestras Tintas'!G47 -> 5 | I23: ='Muestras Tintas'!H47 -> 46070 | J23: ='Muestras Tintas'!I47 -> 3.13 | K23: ='Muestras Tintas'!J47 -> 20 | L23: ='Muestras Tintas'!L47*0.49 -> 8.085 | M23: ='Muestras Tintas'!M47*1.53 -> 12.37005 | N23: ='Muestras Tintas'!O47/200 -> 1.3895
A24: ='Muestras Tintas'!A48 -> CS26NILC2-H61/66-6 | B24: ='Muestras Tintas'!B48 -> Cabernet Sauvignon | C24: ='Muestras Tintas'!C48 -> Colchagua | D24: ='Muestras Tintas'!D48 -> NILAHUE | E24: ='Muestras Tintas'!E48 -> 2 | F24: ='Muestras Tintas'!F48 -> 61/66 | H24: ='Muestras Tintas'!G48 -> 6 | I24: ='Muestras Tintas'!H48 -> 46077 | J24: ='Muestras Tintas'!I48 -> 3.1 | K24: ='Muestras Tintas'!J48 -> 20.7 | L24: ='Muestras Tintas'!L48*0.49 -> 7.203 | M24: ='Muestras Tintas'!M48*1.53 -> 11.02059 | N24: ='Muestras Tintas'!O48/200 -> 1.4555
A25: ='Muestras Tintas'!A49 -> CS26NILC2-H61/66-7 | B25: ='Muestras Tintas'!B49 -> Cabernet Sauvignon | C25: ='Muestras Tintas'!C49 -> Colchagua | D25: ='Muestras Tintas'!D49 -> NILAHUE | E25: ='Muestras Tintas'!E49 -> 2 | F25: ='Muestras Tintas'!F49 -> 61/66 | H25: ='Muestras Tintas'!G49 -> 7 | I25: ='Muestras Tintas'!H49 -> 46084 | J25: ='Muestras Tintas'!I49 -> 3.14 | K25: ='Muestras Tintas'!J49 -> 21.8 | L25: ='Muestras Tintas'!L49*0.49 -> 6.7032 | M25: ='Muestras Tintas'!M49*1.53 -> 10.255896 | N25: ='Muestras Tintas'!O49/200 -> 1.4715
A26: ='Muestras Tintas'!A50 -> CS26NILC2-H61/66-8 | B26: ='Muestras Tintas'!B50 -> Cabernet Sauvignon | C26: ='Muestras Tintas'!C50 -> Colchagua | D26: ='Muestras Tintas'!D50 -> NILAHUE | E26: ='Muestras Tintas'!E50 -> 2 | F26: ='Muestras Tintas'!F50 -> 61/66 | H26: ='Muestras Tintas'!G50 -> 8 | I26: ='Muestras Tintas'!H50 -> 46091 | J26: ='Muestras Tintas'!I50 -> 3.07 | K26: ='Muestras Tintas'!J50 -> 22.4 | L26: ='Muestras Tintas'!L50*0.49 -> 5.5566 | M26: ='Muestras Tintas'!M50*1.53 -> 8.501598 | N26: ='Muestras Tintas'!O50/200 -> 1.438
A27: ='Muestras Tintas'!A51 -> CS26NILC2-H61/66-9 | B27: ='Muestras Tintas'!B51 -> Cabernet Sauvignon | C27: ='Muestras Tintas'!C51 -> Colchagua | D27: ='Muestras Tintas'!D51 -> NILAHUE | E27: ='Muestras Tintas'!E51 -> 2 | F27: ='Muestras Tintas'!F51 -> 61/66 | H27: ='Muestras Tintas'!G51 -> 9 | I27: ='Muestras Tintas'!H51 -> 46098 | J27: ='Muestras Tintas'!I51 -> 3.16 | K27: ='Muestras Tintas'!J51 -> 23.1 | L27: ='Muestras Tintas'!L51*0.49 -> 4.8314 | M27: ='Muestras Tintas'!M51*1.53 -> 7.392042 | N27: ='Muestras Tintas'!O51/200 -> 1.38
A28: ='Muestras Tintas'!A52 -> CS26NILC2-H61/66-10 | B28: ='Muestras Tintas'!B52 -> Cabernet Sauvignon | C28: ='Muestras Tintas'!C52 -> Colchagua | D28: ='Muestras Tintas'!D52 -> NILAHUE | E28: ='Muestras Tintas'!E52 -> 2 | F28: ='Muestras Tintas'!F52 -> 61/66 | H28: ='Muestras Tintas'!G52 -> 10 | I28: ='Muestras Tintas'!H52 -> 46105 | J28: ='Muestras Tintas'!I52 -> 3.13 | K28: ='Muestras Tintas'!J52 -> 22.7 | L28: ='Muestras Tintas'!L52*0.49 -> 4.8853 | M28: ='Muestras Tintas'!M52*1.53 -> 7.474509 | N28: ='Muestras Tintas'!O52/200 -> 1.405
A29: ='Muestras Tintas'!A53 -> CS26NILC2-H61/66-11 | B29: ='Muestras Tintas'!B53 -> Cabernet Sauvignon | C29: ='Muestras Tintas'!C53 -> Colchagua | D29: ='Muestras Tintas'!D53 -> NILAHUE | E29: ='Muestras Tintas'!E53 -> 2 | F29: ='Muestras Tintas'!F53 -> 61/66 | H29: ='Muestras Tintas'!G53 -> 11 | I29: ='Muestras Tintas'!H53 -> 46112 | J29: ='Muestras Tintas'!I53 -> 3.21 | K29: ='Muestras Tintas'!J53 -> 25.7 | L29: ='Muestras Tintas'!L53*0.49 -> 5.0764 | M29: ='Muestras Tintas'!M53*1.53 -> 7.766892 | N29: ='Muestras Tintas'!O53/200 -> 1.315
A30: ='Muestras Tintas'!A54 -> CS26NILC2-H61/66-12 | B30: ='Muestras Tintas'!B54 -> Cabernet Sauvignon | C30: ='Muestras Tintas'!C54 -> Colchagua | D30: ='Muestras Tintas'!D54 -> NILAHUE | E30: ='Muestras Tintas'!E54 -> 2 | F30: ='Muestras Tintas'!F54 -> 61/66 | H30: ='Muestras Tintas'!G54 -> 12 | I30: ='Muestras Tintas'!H54 -> 46119 | J30: ='Muestras Tintas'!I54 -> 3.26 | K30: ='Muestras Tintas'!J54 -> 25.2 | L30: ='Muestras Tintas'!L54*0.49 -> 4.2777 | M30: ='Muestras Tintas'!M54*1.53 -> 6.544881 | N30: ='Muestras Tintas'!O54/200 -> 1.25
A31: ='Muestras Tintas'!A55 -> CS26NILC2-H61/66-13 | B31: ='Muestras Tintas'!B55 -> Cabernet Sauvignon | C31: ='Muestras Tintas'!C55 -> Colchagua | D31: ='Muestras Tintas'!D55 -> NILAHUE | E31: ='Muestras Tintas'!E55 -> 2 | F31: ='Muestras Tintas'!F55 -> 61/66 | H31: ='Muestras Tintas'!G55 -> 13 | I31: ='Muestras Tintas'!H55 -> 46126 | J31: ='Muestras Tintas'!I55 -> 3.22 | K31: ='Muestras Tintas'!J55 -> 25 | L31: ='Muestras Tintas'!L55*0.49 -> 5.0323 | M31: ='Muestras Tintas'!M55*1.53 -> 7.699419 | N31: ='Muestras Tintas'!O55/200 -> 1.301

Sheet CA-Peumo
A2: 2025
A3: Id. original muestra | B3: Variedad | C3: Valle | D3: Fundo | E3: Cuartel | F3: Hilera | G3: Muestreo Fenoles | H3: Muestreo | I3: Fecha | J3: pH | K3: Brix | L3: Acidez Sulfúrica | M3: Acidez Tartárica | N3: Peso Baya
A4: CA25PEUC93-H269/271-1 | B4: Carmenere | C4: ='Muestras Tintas'!C39 -> Colchagua | D4: PEUMO | E4: 93 | F4: 269/271 | H4: 1 | I4: 45698 | J4: 3.14 | K4: 19.4 | L4: 5.0862 | M4: 7.7819 | N4: 1.88
A5: CA25PEUC93-H269/271-2 | B5: Carmenere | C5: ='Muestras Tintas'!C40 -> Colchagua | D5: PEUMO | E5: 93 | F5: 269/271 | H5: 2 | I5: 45705 | J5: 3.22 | K5: 20.2 | L5: 4.9098 | M5: 7.512 | N5: 1.86
A6: CA25PEUC93-H269/271-3 | B6: Carmenere | C6: ='Muestras Tintas'!C43 -> Colchagua | D6: PEUMO | E6: 93 | F6: 269/271 | H6: 3 | I6: 45712 | J6: 3.29 | K6: 21.5 | L6: 4.2924 | M6: 6.5674 | N6: 1.9
A7: CA25PEUC93-H269/271-4 | B7: Carmenere | C7: ='Muestras Tintas'!C44 -> Colchagua | D7: PEUMO | E7: 93 | F7: 269/271 | H7: 4 | I7: 45719 | J7: 3.41 | K7: 22 | L7: 3.8808 | M7: 5.9376 | N7: 2.1
A8: CA25PEUC93-H269/271-5 | B8: Carmenere | C8: ='Muestras Tintas'!C45 -> Colchagua | D8: PEUMO | E8: 93 | F8: 269/271 | H8: 5 | I8: 45726 | J8: 3.54 | K8: 22.2 | L8: 3.4692 | M8: 5.3079 | N8: 2.32
A9: CA25PEUC93-H269/271-6 | B9: Carmenere | C9: ='Muestras Tintas'!C46 -> Colchagua | D9: PEUMO | E9: 93 | F9: 269/271 | G9: 45733 | H9: 6 | I9: 45733 | J9: 3.55 | K9: 22.4 | L9: 3.4447 | M9: 5.2704 | N9: 1.98
A10: CA25PEUC93-H269/271-7 | B10: Carmenere | C10: ='Muestras Tintas'!C47 -> Colchagua | D10: PEUMO | E10: 93 | F10: 269/271 | G10: 45740 | H10: 7 | I10: 45740 | J10: 3.66 | K10: 23.2 | L10: 3.2095 | M10: 4.9105 | N10: 2.09
A11: CA25PEUC93-H269/271-8 | B11: Carmenere | C11: ='Muestras Tintas'!C48 -> Colchagua | D11: PEUMO | E11: 93 | F11: 269/271 | G11: 45750 | H11: 8 | I11: 45750 | J11: 3.75 | K11: 23.8 | L11: 2.7391 | M11: 4.1908 | N11: 2.45
A12: CA25PEUC93-H269/271-9 | B12: Carmenere | C12: ='Muestras Tintas'!C49 -> Colchagua | D12: PEUMO | E12: 93 | F12: 269/271 | G12: 45764 | H12: 9 | I12: 45764 | J12: 3.92 | K12: 23.9 | L12: 2.499 | M12: 3.8235 | N12: 1.87
A13: CA25PEUC93-H269/271-10 | B13: Carmenere | C13: ='Muestras Tintas'!C50 -> Colchagua | D13: PEUMO | E13: 93 | F13: 269/271 | G13: 45777 | H13: 10 | I13: 45777 | J13: 4.12 | K13: 25.3 | L13: 2.1952 | M13: 3.3587 | N13: 2.05
A14: CA25PEUC93-H269/271-11 | B14: Carmenere | C14: ='Muestras Tintas'!C51 -> Colchagua | D14: PEUMO | E14: 93 | F14: 269/271 | G14: 45783 | H14: 11 | I14: 45783 | J14: 3.74 | K14: 24.5 | L14: 2.3716 | M14: 3.6285 | N14: 2.49
A16: 2026
A17: Id. original muestra | B17: Variedad | C17: Valle | D17: Fundo | E17: Cuartel | F17: Hilera | G17: Muestreo Fenoles | H17: Muestreo | I17: Fecha | J17: pH | K17: Brix | L17: Acidez Sulfúrica | M17: Acidez Tartárica | N17: Peso Baya | O17: COSECHA
A18: ='Muestras Tintas'!A56 -> CA26PEUC93-H267/271-1 | B18: ='Muestras Tintas'!B56 -> Carmenere | C18: ='Muestras Tintas'!C56 -> Cachapoal | D18: ='Muestras Tintas'!D56 -> PEUMO | E18: ='Muestras Tintas'!E56 -> 93 | F18: ='Muestras Tintas'!F56 -> 267/271 | H18: ='Muestras Tintas'!G56 -> 1 | I18: ='Muestras Tintas'!H56 -> 46044 | J18: ='Muestras Tintas'!I56 -> 2.98 | K18: ='Muestras Tintas'!J56 -> 15.1 | L18: ='Muestras Tintas'!L56*0.49 -> 8.477 | M18: ='Muestras Tintas'!M56*1.53 -> 12.96981 | N18: ='Muestras Tintas'!O56/200 -> 1.50375
A19: ='Muestras Tintas'!A57 -> CA26PEUC93-H267/271-2 | B19: ='Muestras Tintas'!B57 -> Carmenere | C19: ='Muestras Tintas'!C57 -> Cachapoal | D19: ='Muestras Tintas'!D57 -> PEUMO | E19: ='Muestras Tintas'!E57 -> 93 | F19: ='Muestras Tintas'!F57 -> 267/271 | H19: ='Muestras Tintas'!G57 -> 2 | I19: ='Muestras Tintas'!H57 -> 46050 | J19: ='Muestras Tintas'!I57 -> 3.07 | K19: ='Muestras Tintas'!J57 -> 16.2 | L19: ='Muestras Tintas'!L57*0.49 -> 7.5264 | M19: ='Muestras Tintas'!M57*1.53 -> 11.515392 | N19: ='Muestras Tintas'!O57/200 -> 1.563
A20: ='Muestras Tintas'!A58 -> CA26PEUC93-H267/271-3 | B20: ='Muestras Tintas'!B58 -> Carmenere | C20: ='Muestras Tintas'!C58 -> Cachapoal | D20: ='Muestras Tintas'!D58 -> PEUMO | E20: ='Muestras Tintas'!E58 -> 93 | F20: ='Muestras Tintas'!F58 -> 267/271 | H20: ='Muestras Tintas'!G58 -> 3 | I20: ='Muestras Tintas'!H58 -> 46057 | J20: ='Muestras Tintas'!I58 -> 3.18 | K20: ='Muestras Tintas'!J58 -> 18.4 | L20: ='Muestras Tintas'!L58*0.49 -> 5.292 | M20: ='Muestras Tintas'!M58*1.53 -> 8.09676 | N20: ='Muestras Tintas'!O58/200 -> 1.7135
A21: ='Muestras Tintas'!A59 -> CA26PEUC93-H267/271-4 | B21: ='Muestras Tintas'!B59 -> Carmenere | C21: ='Muestras Tintas'!C59 -> Cachapoal | D21: ='Muestras Tintas'!D59 -> PEUMO | E21: ='Muestras Tintas'!E59 -> 93 | F21: ='Muestras Tintas'!F59 -> 267/271 | H21: ='Muestras Tintas'!G59 -> 4 | I21: ='Muestras Tintas'!H59 -> 46064 | J21: ='Muestras Tintas'!I59 -> 3.33 | K21: ='Muestras Tintas'!J59 -> 19.3 | L21: ='Muestras Tintas'!L59*0.49 -> 4.5962 | M21: ='Muestras Tintas'!M59*1.53 -> 7.032186 | N21: ='Muestras Tintas'!O59/200 -> 2.0165
A22: ='Muestras Tintas'!A60 -> CA26PEUC93-H267/271-5 | B22: ='Muestras Tintas'!B60 -> Carmenere | C22: ='Muestras Tintas'!C60 -> Cachapoal | D22: ='Muestras Tintas'!D60 -> PEUMO | E22: ='Muestras Tintas'!E60 -> 93 | F22: ='Muestras Tintas'!F60 -> 267/271 | H22: ='Muestras Tintas'!G60 -> 5 | I22: ='Muestras Tintas'!H60 -> 46071 | J22: ='Muestras Tintas'!I60 -> 3.45 | K22: ='Muestras Tintas'!J60 -> 20.6 | L22: ='Muestras Tintas'!L60*0.49 -> 3.7044 | M22: ='Muestras Tintas'!M60*1.53 -> 5.667732 | N22: ='Muestras Tintas'!O60/200 -> 1.934
A23: ='Muestras Tintas'!A61 -> CA26PEUC93-H267/271-6 | B23: ='Muestras Tintas'!B61 -> Carmenere | C23: ='Muestras Tintas'!C61 -> Cachapoal | D23: ='Muestras Tintas'!D61 -> PEUMO | E23: ='Muestras Tintas'!E61 -> 93 | F23: ='Muestras Tintas'!F61 -> 267/271 | H23: ='Muestras Tintas'!G61 -> 6 | I23: ='Muestras Tintas'!H61 -> 46078 | J23: ='Muestras Tintas'!I61 -> 3.47 | K23: ='Muestras Tintas'!J61 -> 21.2 | L23: ='Muestras Tintas'!L61*0.49 -> 3.3516 | M23: ='Muestras Tintas'!M61*1.53 -> 5.127948 | N23: ='Muestras Tintas'!O61/200 -> 1.7935
A24: ='Muestras Tintas'!A62 -> CA26PEUC93-H267/271-7 | B24: ='Muestras Tintas'!B62 -> Carmenere | C24: ='Muestras Tintas'!C62 -> Cachapoal | D24: ='Muestras Tintas'!D62 -> PEUMO | E24: ='Muestras Tintas'!E62 -> 93 | F24: ='Muestras Tintas'!F62 -> 267/271 | H24: ='Muestras Tintas'!G62 -> 7 | I24: ='Muestras Tintas'!H62 -> 46085 | J24: ='Muestras Tintas'!I62 -> 3.59 | K24: ='Muestras Tintas'!J62 -> 22.1 | L24: ='Muestras Tintas'!L62*0.49 -> 2.7881 | M24: ='Muestras Tintas'!M62*1.53 -> 4.265793 | N24: ='Muestras Tintas'!O62/200 -> 1.986
A25: ='Muestras Tintas'!A63 -> CA26PEUC93-H267/271-8 | B25: ='Muestras Tintas'!B63 -> Carmenere | C25: ='Muestras Tintas'!C63 -> Cachapoal | D25: ='Muestras Tintas'!D63 -> PEUMO | E25: ='Muestras Tintas'!E63 -> 93 | F25: ='Muestras Tintas'!F63 -> 267/271 | H25: ='Muestras Tintas'!G63 -> 8 | I25: ='Muestras Tintas'!H63 -> 46092 | J25: ='Muestras Tintas'!I63 -> 3.63 | K25: ='Muestras Tintas'!J63 -> 22.2 | L25: ='Muestras Tintas'!L63*0.49 -> 2.6999 | M25: ='Muestras Tintas'!M63*1.53 -> 4.130847 | N25: ='Muestras Tintas'!O63/200 -> 1.827
A26: ='Muestras Tintas'!A64 -> CA26PEUC93-H267/271-9 | B26: ='Muestras Tintas'!B64 -> Carmenere | C26: ='Muestras Tintas'!C64 -> Cachapoal | D26: ='Muestras Tintas'!D64 -> PEUMO | E26: ='Muestras Tintas'!E64 -> 93 | F26: ='Muestras Tintas'!F64 -> 267/271 | H26: ='Muestras Tintas'!G64 -> 9 | I26: ='Muestras Tintas'!H64 -> 46099 | J26: ='Muestras Tintas'!I64 -> 3.61 | K26: ='Muestras Tintas'!J64 -> 22.5 | L26: ='Muestras Tintas'!L64*0.49 -> 2.6509 | M26: ='Muestras Tintas'!M64*1.53 -> 4.055877 | N26: ='Muestras Tintas'!O64/200 -> 1.718
A27: ='Muestras Tintas'!A65 -> CA26PEUC93-H267/271-10 | B27: ='Muestras Tintas'!B65 -> Carmenere | C27: ='Muestras Tintas'!C65 -> Cachapoal | D27: ='Muestras Tintas'!D65 -> PEUMO | E27: ='Muestras Tintas'!E65 -> 93 | F27: ='Muestras Tintas'!F65 -> 267/271 | H27: ='Muestras Tintas'!G65 -> 10 | I27: ='Muestras Tintas'!H65 -> 46107 | J27: ='Muestras Tintas'!I65 -> 3.6 | K27: ='Muestras Tintas'!J65 -> 23.8 | L27: ='Muestras Tintas'!L65*0.49 -> 2.254 | M27: ='Muestras Tintas'!M65*1.53 -> 3.44862 | N27: ='Muestras Tintas'!O65/200 -> 1.843
A28: ='Muestras Tintas'!A66 -> CA26PEUC93-H267/271-11 | B28: ='Muestras Tintas'!B66 -> Carmenere | C28: ='Muestras Tintas'!C66 -> Cachapoal | D28: ='Muestras Tintas'!D66 -> PEUMO | E28: ='Muestras Tintas'!E66 -> 93 | F28: ='Muestras Tintas'!F66 -> 267/271 | H28: ='Muestras Tintas'!G66 -> 11 | I28: ='Muestras Tintas'!H66 -> 46113 | J28: ='Muestras Tintas'!I66 -> 3.75 | K28: ='Muestras Tintas'!J66 -> 23.8 | L28: ='Muestras Tintas'!L66*0.49 -> 2.1119 | M28: ='Muestras Tintas'!M66*1.53 -> 3.231207 | N28: ='Muestras Tintas'!O66/200 -> 2.071
A29: ='Muestras Tintas'!A67 -> CA26PEUC93-H267/271-12 | B29: ='Muestras Tintas'!B67 -> Carmenere | C29: ='Muestras Tintas'!C67 -> Cachapoal | D29: ='Muestras Tintas'!D67 -> PEUMO | E29: ='Muestras Tintas'!E67 -> 93 | F29: ='Muestras Tintas'!F67 -> 267/271 | H29: ='Muestras Tintas'!G67 -> 12 | I29: ='Muestras Tintas'!H67 -> 46120 | J29: ='Muestras Tintas'!I67 -> 3.64 | K29: ='Muestras Tintas'!J67 -> 23.8 | L29: ='Muestras Tintas'!L67*0.49 -> 2.8126 | M29: ='Muestras Tintas'!M67*1.53 -> 4.303278 | N29: ='Muestras Tintas'!O67/200 -> 1.6865
A30: ='Muestras Tintas'!A68 -> CA26PEUC93-H267/271-13 | B30: ='Muestras Tintas'!B68 -> Carmenere | C30: ='Muestras Tintas'!C68 -> Cachapoal | D30: ='Muestras Tintas'!D68 -> PEUMO | E30: ='Muestras Tintas'!E68 -> 93 | F30: ='Muestras Tintas'!F68 -> 267/271 | H30: ='Muestras Tintas'!G68 -> 13 | I30: ='Muestras Tintas'!H68 -> 46127 | J30: ='Muestras Tintas'!I68 -> 3.34 | K30: ='Muestras Tintas'!J68 -> 22.8 | L30: ='Muestras Tintas'!L68*0.49 -> 4.0082 | M30: ='Muestras Tintas'!M68*1.53 -> 6.132546 | O30: 4
A31: ='Muestras Tintas'!A69 -> CA26PEUC93-H267/271-14 | B31: ='Muestras Tintas'!B69 -> Carmenere | C31: ='Muestras Tintas'!C69 -> Cachapoal | D31: ='Muestras Tintas'!D69 -> PEUMO | E31: ='Muestras Tintas'!E69 -> 93 | F31: ='Muestras Tintas'!F69 -> 267/271 | H31: ='Muestras Tintas'!G69 -> 14 | I31: ='Muestras Tintas'!H69 -> 46134 | J31: ='Muestras Tintas'!I69 -> 3.83 | K31: ='Muestras Tintas'!J69 -> 25.7 | L31: ='Muestras Tintas'!L69*0.49 -> 2.0776 | M31: ='Muestras Tintas'!M69*1.53 -> 3.178728 | N31: ='Muestras Tintas'!O69/200 -> 1.7705
A32: ='Muestras Tintas'!A70 -> CA26PEUC93-H267/271-15 | B32: ='Muestras Tintas'!B70 -> Carmenere | C32: ='Muestras Tintas'!C70 -> Cachapoal | D32: ='Muestras Tintas'!D70 -> PEUMO | E32: ='Muestras Tintas'!E70 -> 93 | F32: ='Muestras Tintas'!F70 -> 267/271 | H32: ='Muestras Tintas'!G70 -> 15 | I32: ='Muestras Tintas'!H70 -> 46141 | J32: ='Muestras Tintas'!I70 -> 3.32 | K32: ='Muestras Tintas'!J70 -> 23.3 | L32: ='Muestras Tintas'!L70*0.49 -> 4.0033 | M32: ='Muestras Tintas'!M70*1.53 -> 6.125049 | N32: ='Muestras Tintas'!O70/200 -> 1.3505 | O32: 5

Sheet CS-Keule
A2: 2025
A3: Id. original muestra | B3: Variedad | C3: Valle | D3: Fundo | E3: Cuartel | F3: Hilera | G3: Muestreo Fenoles | H3: Muestreo | I3: Fecha | J3: pH | K3: Brix | L3: Acidez Sulfúrica | M3: Acidez Tartárica | N3: Peso Baya
A4: CS25KEUC3-H1/7-1 | B4: Cabernet Sauvignon | C4: Maule | D4: KEULE | E4: 3 | F4: 1/7 | H4: 1 | I4: 45694 | J4: 2.73 | K4: 17.8 | L4: 11.1132 | M4: 17.0032 | N4: 1.1
A5: CS25KEUC3-H1/7-2 | B5: Cabernet Sauvignon | C5: Maule | D5: KEULE | E5: 3 | F5: 1/7 | H5: 2 | I5: 45701 | J5: 2.77 | K5: 17.8 | L5: 9.9274 | M5: 15.1889 | N5: 1.04
A6: CS25KEUC3-H1/7-3 | B6: Cabernet Sauvignon | C6: Maule | D6: KEULE | E6: 3 | F6: 1/7 | H6: 3 | I6: 45708 | J6: 2.88 | K6: 19.5 | L6: 7.693 | M6: 11.7703 | N6: 1.22
A7: CS25KEUC3-H1/7-4 | B7: Cabernet Sauvignon | C7: Maule | D7: KEULE | E7: 3 | F7: 1/7 | G7: 45715 | H7: 4 | I7: 45715 | J7: 2.94 | K7: 20.9 | L7: 6.9874 | M7: 10.6907 | N7: 1.46
A8: CS25KEUC3-H1/7-5 | B8: Cabernet Sauvignon | C8: Maule | D8: KEULE | E8: 3 | F8: 1/7 | G8: 45726 | H8: 5 | I8: 45722 | J8: 3.17 | K8: 21.7 | L8: 6.0662 | M8: 9.2813 | N8: 1.53
A9: CS25KEUC3-H1/7-6 | B9: Cabernet Sauvignon | C9: Maule | D9: KEULE | E9: 3 | F9: 1/7 | G9: 45729 | H9: 6 | I9: 45729 | J9: 3.23 | K9: 23.1 | L9: 5.6399 | M9: 8.629 | N9: 1.65
A10: CS25KEUC3-H1/7-7 | B10: Cabernet Sauvignon | C10: Maule | D10: KEULE | E10: 3 | F10: 1/7 | G10: 45735 | H10: 7 | I10: 45735 | J10: 3.31 | K10: 23.4 | L10: 5.1548 | M10: 7.8868 | N10: 1.62
A11: CS25KEUC3-H1/7-8 | B11: Cabernet Sauvignon | C11: Maule | D11: KEULE | E11: 3 | F11: 1/7 | G11: 45742 | H11: 8 | I11: 45742 | J11: 3.33 | K11: 24 | L11: 4.7285 | M11: 7.2346 | N11: 1.58
A12: CS25KEUC3-H1/7-9 | B12: Cabernet Sauvignon | C12: Maule | D12: KEULE | E12: 3 | F12: 1/7 | G12: 45749 | H12: 9 | I12: 45749 | J12: 3.35 | K12: 24.9 | L12: 4.6991 | M12: 7.1896 | N12: 1.55
A13: CS25KEUC3-H1/7-10 | B13: Cabernet Sauvignon | C13: Maule | D13: KEULE | E13: 3 | F13: 1/7 | G13: 45757 | H13: 10 | I13: 45757 | J13: 3.29 | K13: 24.9 | L13: 4.6403 | M13: 7.0997 | N13: 1.59
A15: 2026
A16: Id. original muestra | B16: Variedad | C16: Valle | D16: Fundo | E16: Cuartel | F16: Hilera | G16: Muestreo Fenoles | H16: Muestreo | I16: Fecha | J16: pH | K16: Brix | L16: Acidez Sulfúrica | M16: Acidez Tartárica | N16: Peso Baya | O16: COSECHA
A17: ='Muestras Tintas'!A96 -> CS26KEUC3-H1/6-1 | B17: ='Muestras Tintas'!B96 -> Cabernet Sauvignon | C17: ='Muestras Tintas'!C96 -> Maule | D17: ='Muestras Tintas'!D96 -> KEULE | E17: ='Muestras Tintas'!E96 -> 3 | F17: ='Muestras Tintas'!F96 -> 1/6 | H17: ='Muestras Tintas'!G96 -> 1 | I17: ='Muestras Tintas'!H96 -> 46044 | J17: ='Muestras Tintas'!I96 -> 2.84 | K17: ='Muestras Tintas'!J96 -> 15.2 | L17: ='Muestras Tintas'!L96*0.49 -> 14.4354 | M17: ='Muestras Tintas'!M96*1.53 -> 22.086162 | N17: ='Muestras Tintas'!O96/200 -> 1.0749
A18: ='Muestras Tintas'!A97 -> CS26KEUC3-H1/6-2 | B18: ='Muestras Tintas'!B97 -> Cabernet Sauvignon | C18: ='Muestras Tintas'!C97 -> Maule | D18: ='Muestras Tintas'!D97 -> KEULE | E18: ='Muestras Tintas'!E97 -> 3 | F18: ='Muestras Tintas'!F97 -> 1/6 | H18: ='Muestras Tintas'!G97 -> 2 | I18: ='Muestras Tintas'!H97 -> 46051 | J18: ='Muestras Tintas'!I97 -> 2.87 | K18: ='Muestras Tintas'!J97 -> 16 | L18: ='Muestras Tintas'!L97*0.49 -> 11.858 | M18: ='Muestras Tintas'!M97*1.53 -> 18.14274 | N18: ='Muestras Tintas'!O97/200 -> 1.16885
A19: ='Muestras Tintas'!A98 -> CS26KEUC3-H1/6-3 | B19: ='Muestras Tintas'!B98 -> Cabernet Sauvignon | C19: ='Muestras Tintas'!C98 -> Maule | D19: ='Muestras Tintas'!D98 -> KEULE | E19: ='Muestras Tintas'!E98 -> 3 | F19: ='Muestras Tintas'!F98 -> 1/6 | H19: ='Muestras Tintas'!G98 -> 3 | I19: ='Muestras Tintas'!H98 -> 46057 | J19: ='Muestras Tintas'!I98 -> 2.97 | K19: ='Muestras Tintas'!J98 -> 17.2 | L19: ='Muestras Tintas'!L98*0.49 -> 9.849 | M19: ='Muestras Tintas'!M98*1.53 -> 15.06897 | N19: ='Muestras Tintas'!O98/200 -> 1.2685
A20: ='Muestras Tintas'!A99 -> CS26KEUC3-H1/6-4 | B20: ='Muestras Tintas'!B99 -> Cabernet Sauvignon | C20: ='Muestras Tintas'!C99 -> Maule | D20: ='Muestras Tintas'!D99 -> KEULE | E20: ='Muestras Tintas'!E99 -> 3 | F20: ='Muestras Tintas'!F99 -> 1/6 | H20: ='Muestras Tintas'!G99 -> 4 | I20: ='Muestras Tintas'!H99 -> 46064 | J20: ='Muestras Tintas'!I99 -> 3.03 | K20: ='Muestras Tintas'!J99 -> 18.7 | L20: ='Muestras Tintas'!L99*0.49 -> 8.5946 | M20: ='Muestras Tintas'!M99*1.53 -> 13.149738 | N20: ='Muestras Tintas'!O99/200 -> 1.2415
A21: ='Muestras Tintas'!A100 -> CS26KEUC3-H1/6-5 | B21: ='Muestras Tintas'!B100 -> Cabernet Sauvignon | C21: ='Muestras Tintas'!C100 -> Maule | D21: ='Muestras Tintas'!D100 -> KEULE | E21: ='Muestras Tintas'!E100 -> 3 | F21: ='Muestras Tintas'!F100 -> 1/6 | H21: ='Muestras Tintas'!G100 -> 5 | I21: ='Muestras Tintas'!H100 -> 46072 | J21: ='Muestras Tintas'!I100 -> 3.11 | K21: ='Muestras Tintas'!J100 -> 21.1 | L21: ='Muestras Tintas'!L100*0.49 -> 6.6444 | M21: ='Muestras Tintas'!M100*1.53 -> 10.165932 | N21: ='Muestras Tintas'!O100/200 -> 1.548
A22: ='Muestras Tintas'!A101 -> CS26KEUC3-H1/6-6 | B22: ='Muestras Tintas'!B101 -> Cabernet Sauvignon | C22: ='Muestras Tintas'!C101 -> Maule | D22: ='Muestras Tintas'!D101 -> KEULE | E22: ='Muestras Tintas'!E101 -> 3 | F22: ='Muestras Tintas'!F101 -> 1/6 | H22: ='Muestras Tintas'!G101 -> 6 | I22: ='Muestras Tintas'!H101 -> 46078 | J22: ='Muestras Tintas'!I101 -> 3.09 | K22: ='Muestras Tintas'!J101 -> 22.5 | L22: ='Muestras Tintas'!L101*0.49 -> 6.0858 | M22: ='Muestras Tintas'!M101*1.53 -> 9.311274 | N22: ='Muestras Tintas'!O101/200 -> 1.292
A23: ='Muestras Tintas'!A102 -> CS26KEUC3-H1/6-7 | B23: ='Muestras Tintas'!B102 -> Cabernet Sauvignon | C23: ='Muestras Tintas'!C102 -> Maule | D23: ='Muestras Tintas'!D102 -> KEULE | E23: ='Muestras Tintas'!E102 -> 3 | F23: ='Muestras Tintas'!F102 -> 1/6 | H23: ='Muestras Tintas'!G102 -> 7 | I23: ='Muestras Tintas'!H102 -> 46087 | J23: ='Muestras Tintas'!I102 -> 3.15 | K23: ='Muestras Tintas'!J102 -> 22.8 | L23: ='Muestras Tintas'!L102*0.49 -> 6.0564 | M23: ='Muestras Tintas'!M102*1.53 -> 9.266292 | N23: ='Muestras Tintas'!O102/200 -> 1.5155 | O23: 1
A24: ='Muestras Tintas'!A103 -> CS26KEUC3-H1/6-8 | B24: ='Muestras Tintas'!B103 -> Cabernet Sauvignon | C24: ='Muestras Tintas'!C103 -> Maule | D24: ='Muestras Tintas'!D103 -> KEULE | E24: ='Muestras Tintas'!E103 -> 3 | F24: ='Muestras Tintas'!F103 -> 1/6 | H24: ='Muestras Tintas'!G103 -> 8 | I24: ='Muestras Tintas'!H103 -> 46092 | J24: ='Muestras Tintas'!I103 -> 3.21 | K24: ='Muestras Tintas'!J103 -> 23.5 | L24: ='Muestras Tintas'!L103*0.49 -> 6.0025 | M24: ='Muestras Tintas'!M103*1.53 -> 9.183825 | N24: ='Muestras Tintas'!O103/200 -> 1.307
A25: ='Muestras Tintas'!A104 -> CS26KEUC3-H1/6-9 | B25: ='Muestras Tintas'!B104 -> Cabernet Sauvignon | C25: ='Muestras Tintas'!C104 -> Maule | D25: ='Muestras Tintas'!D104 -> KEULE | E25: ='Muestras Tintas'!E104 -> 3 | F25: ='Muestras Tintas'!F104 -> 1/6 | H25: ='Muestras Tintas'!G104 -> 9 | I25: ='Muestras Tintas'!H104 -> 46100 | J25: ='Muestras Tintas'!I104 -> 3.21 | K25: ='Muestras Tintas'!J104 -> 24.4 | L25: ='Muestras Tintas'!L104*0.49 -> 4.7775 | M25: ='Muestras Tintas'!M104*1.53 -> 7.309575 | N25: ='Muestras Tintas'!O104/200 -> 1.3455 | O25: 2
A26: ='Muestras Tintas'!A105 -> CS26KEUC3-H1/6-10 | B26: ='Muestras Tintas'!B105 -> Cabernet Sauvignon | C26: ='Muestras Tintas'!C105 -> Maule | D26: ='Muestras Tintas'!D105 -> KEULE | E26: ='Muestras Tintas'!E105 -> 3 | F26: ='Muestras Tintas'!F105 -> 1/6 | H26: ='Muestras Tintas'!G105 -> 10 | I26: ='Muestras Tintas'!H105 -> 46108 | J26: ='Muestras Tintas'!I105 -> 3.64 | K26: ='Muestras Tintas'!J105 -> 25.4 | L26: ='Muestras Tintas'!L105*0.49 -> 2.5431 | M26: ='Muestras Tintas'!M105*1.53 -> 3.890943 | N26: ='Muestras Tintas'!O105/200 -> 1.6365
A27: ='Muestras Tintas'!A106 -> CS26KEUC3-H1/6-11 | B27: ='Muestras Tintas'!B106 -> Cabernet Sauvignon | C27: ='Muestras Tintas'!C106 -> Maule | D27: ='Muestras Tintas'!D106 -> KEULE | E27: ='Muestras Tintas'!E106 -> 3 | F27: ='Muestras Tintas'!F106 -> 1/6 | H27: ='Muestras Tintas'!G106 -> 11 | I27: ='Muestras Tintas'!H106 -> 46113 | J27: ='Muestras Tintas'!I106 -> 3.16 | K27: ='Muestras Tintas'!J106 -> 24.8 | L27: ='Muestras Tintas'!L106*0.49 -> 4.2532 | M27: ='Muestras Tintas'!M106*1.53 -> 6.507396 | N27: ='Muestras Tintas'!O106/200 -> 1.267
A28: ='Muestras Tintas'!A107 -> CS26KEUC3-H1/6-12 | B28: ='Muestras Tintas'!B107 -> Cabernet Sauvignon | C28: ='Muestras Tintas'!C107 -> Maule | D28: ='Muestras Tintas'!D107 -> KEULE | E28: ='Muestras Tintas'!E107 -> 3 | F28: ='Muestras Tintas'!F107 -> 1/6 | H28: ='Muestras Tintas'!G107 -> 12 | I28: ='Muestras Tintas'!H107 -> 46120 | J28: ='Muestras Tintas'!I107 -> 3.26 | K28: ='Muestras Tintas'!J107 -> 25.6 | L28: ='Muestras Tintas'!L107*0.49 -> 4.1699 | M28: ='Muestras Tintas'!M107*1.53 -> 6.379947 | N28: ='Muestras Tintas'!O107/200 -> 1.499
A29: ='Muestras Tintas'!A108 -> CS26KEUC3-H1/6-13 | B29: ='Muestras Tintas'!B108 -> Cabernet Sauvignon | C29: ='Muestras Tintas'!C108 -> Maule | D29: ='Muestras Tintas'!D108 -> KEULE | E29: ='Muestras Tintas'!E108 -> 3 | F29: ='Muestras Tintas'!F108 -> 1/6 | H29: ='Muestras Tintas'!G108 -> 13 | I29: ='Muestras Tintas'!H108 -> 46128 | J29: ='Muestras Tintas'!I108 -> 3.34 | K29: ='Muestras Tintas'!J108 -> 26.6 | L29: ='Muestras Tintas'!L108*0.49 -> 4.116 | M29: ='Muestras Tintas'!M108*1.53 -> 6.29748 | N29: ='Muestras Tintas'!O108/200 -> 1.39

Sheet CA-Villa_Alegre
A2: 2025
A3: Id. original muestra | B3: Variedad | C3: Valle | D3: Fundo | E3: Cuartel | F3: Hilera | G3: Muestreo Fenoles | H3: Muestreo | I3: Fecha | J3: pH | K3: Brix | L3: Acidez Sulfúrica | M3: Acidez Tartárica | N3: Peso Baya
A4: CA25VALC13-H1/15-1 | B4: Carmenere | C4: ='Muestras Tintas'!C96 -> Maule | D4: VILLA ALEGRE | E4: 13 | F4: 1/15 | H4: 1 | I4: 45708 | J4: 3.19 | K4: 21.7 | L4: 3.3908 | M4: 5.1879 | N4: 1.81
A5: CA25VALC13-H1/15-2 | B5: Carmenere | C5: ='Muestras Tintas'!C97 -> Maule | D5: VILLA ALEGRE | E5: 13 | F5: 1/15 | G5: 45715 | H5: 2 | I5: 45715 | J5: 3.2 | K5: 23 | L5: 3.5084 | M5: 5.3679 | N5: 1.88
A6: CA25VALC13-H1/15-3 | B6: Carmenere | C6: ='Muestras Tintas'!C98 -> Maule | D6: VILLA ALEGRE | E6: 13 | F6: 1/15 | G6: 45726 | H6: 3 | I6: 45722 | J6: 3.43 | K6: 23.9 | L6: 2.793 | M6: 4.2733 | N6: 2.23
A7: CA25VALC13-H1/15-4 | B7: Carmenere | C7: ='Muestras Tintas'!C99 -> Maule | D7: VILLA ALEGRE | E7: 13 | F7: 1/15 | G7: 45729 | H7: 4 | I7: 45729 | J7: 3.5 | K7: 25.1 | L7: 2.7146 | M7: 4.1533 | N7: 2.26
A8: CA25VALC13-H1/15-5 | B8: Carmenere | C8: ='Muestras Tintas'!C100 -> Maule | D8: VILLA ALEGRE | E8: 13 | F8: 1/15 | G8: 45736 | H8: 5 | I8: 45736 | J8: 3.62 | K8: 25.6 | L8: 2.6705 | M8: 4.0859 | N8: 2.23
A9: CA25VALC13-H1/15-6 | B9: Carmenere | C9: ='Muestras Tintas'!C101 -> Maule | D9: VILLA ALEGRE | E9: 13 | F9: 1/15 | G9: 45743 | H9: 6 | I9: 45743 | J9: 3.63 | K9: 26.2 | L9: 2.3912 | M9: 3.6585 | N9: 2.31
A10: CA25VALC13-H1/15-7 | B10: Carmenere | C10: ='Muestras Tintas'!C102 -> Maule | D10: VILLA ALEGRE | E10: 13 | F10: 1/15 | G10: 45750 | H10: 7 | I10: 45750 | J10: 3.83 | K10: 24.4 | L10: 1.9404 | M10: 2.9688 | N10: 2.08
A12: 2026
A13: Id. original muestra | B13: Variedad | C13: Valle | D13: Fundo | E13: Cuartel | F13: Hilera | G13: Muestreo Fenoles | H13: Muestreo | I13: Fecha | J13: pH | K13: Brix | L13: Acidez Sulfúrica | M13: Acidez Tartárica | N13: Peso Baya | O13: COSECHA
A14: ='Muestras Tintas'!A109 -> CA26VALC13-H1/13-1 | B14: ='Muestras Tintas'!B109 -> Carmenere | C14: ='Muestras Tintas'!C109 -> Maule | D14: ='Muestras Tintas'!D109 -> VILLA ALEGRE | E14: ='Muestras Tintas'!E109 -> 13 | F14: ='Muestras Tintas'!F109 -> 1/13 | H14: ='Muestras Tintas'!G109 -> 1 | I14: ='Muestras Tintas'!H109 -> 46045 | J14: ='Muestras Tintas'!I109 -> 3.04 | K14: ='Muestras Tintas'!J109 -> 15.1 | L14: ='Muestras Tintas'!L109*0.49 -> 6.5758 | M14: ='Muestras Tintas'!M109*1.53 -> 10.060974 | N14: ='Muestras Tintas'!O109/200 -> 1.47255
A15: ='Muestras Tintas'!A110 -> CA26VALC13-H1/13-2 | B15: ='Muestras Tintas'!B110 -> Carmenere | C15: ='Muestras Tintas'!C110 -> Maule | D15: ='Muestras Tintas'!D110 -> VILLA ALEGRE | E15: ='Muestras Tintas'!E110 -> 13 | F15: ='Muestras Tintas'!F110 -> 1/13 | H15: ='Muestras Tintas'!G110 -> 2 | I15: ='Muestras Tintas'!H110 -> 46051 | J15: ='Muestras Tintas'!I110 -> 3.08 | K15: ='Muestras Tintas'!J110 -> 16.9 | L15: ='Muestras Tintas'!L110*0.49 -> 5.1842 | M15: ='Muestras Tintas'!M110*1.53 -> 7.931826 | N15: ='Muestras Tintas'!O110/200 -> 1.5821
A16: ='Muestras Tintas'!A111 -> CA26VALC13-H1/13-3 | B16: ='Muestras Tintas'!B111 -> Carmenere | C16: ='Muestras Tintas'!C111 -> Maule | D16: ='Muestras Tintas'!D111 -> VILLA ALEGRE | E16: ='Muestras Tintas'!E111 -> 13 | F16: ='Muestras Tintas'!F111 -> 1/13 | H16: ='Muestras Tintas'!G111 -> 3 | I16: ='Muestras Tintas'!H111 -> 46058 | J16: ='Muestras Tintas'!I111 -> 3.2 | K16: ='Muestras Tintas'!J111 -> 18.2 | L16: ='Muestras Tintas'!L111*0.49 -> 3.9053 | M16: ='Muestras Tintas'!M111*1.53 -> 5.975109 | N16: ='Muestras Tintas'!O111/200 -> 1.793
A17: ='Muestras Tintas'!A112 -> CA26VALC13-H1/13-4 | B17: ='Muestras Tintas'!B112 -> Carmenere | C17: ='Muestras Tintas'!C112 -> Maule | D17: ='Muestras Tintas'!D112 -> VILLA ALEGRE | E17: ='Muestras Tintas'!E112 -> 13 | F17: ='Muestras Tintas'!F112 -> 1/13 | H17: ='Muestras Tintas'!G112 -> 4 | I17: ='Muestras Tintas'!H112 -> 46065 | J17: ='Muestras Tintas'!I112 -> 3.29 | K17: ='Muestras Tintas'!J112 -> 20 | L17: ='Muestras Tintas'!L112*0.49 -> 3.3516 | M17: ='Muestras Tintas'!M112*1.53 -> 5.127948 | N17: ='Muestras Tintas'!O112/200 -> 1.8385
A18: ='Muestras Tintas'!A113 -> CA26VALC13-H1/13-5 | B18: ='Muestras Tintas'!B113 -> Carmenere | C18: ='Muestras Tintas'!C113 -> Maule | D18: ='Muestras Tintas'!D113 -> VILLA ALEGRE | E18: ='Muestras Tintas'!E113 -> 13 | F18: ='Muestras Tintas'!F113 -> 1/13 | H18: ='Muestras Tintas'!G113 -> 5 | I18: ='Muestras Tintas'!H113 -> 46072 | J18: ='Muestras Tintas'!I113 -> 3.31 | K18: ='Muestras Tintas'!J113 -> 21.2 | L18: ='Muestras Tintas'!L113*0.49 -> 3.0282 | M18: ='Muestras Tintas'!M113*1.53 -> 4.633146 | N18: ='Muestras Tintas'!O113/200 -> 1.939
A19: ='Muestras Tintas'!A114 -> CA26VALC13-H1/13-6 | B19: ='Muestras Tintas'!B114 -> Carmenere | C19: ='Muestras Tintas'!C114 -> Maule | D19: ='Muestras Tintas'!D114 -> VILLA ALEGRE | E19: ='Muestras Tintas'!E114 -> 13 | F19: ='Muestras Tintas'!F114 -> 1/13 | H19: ='Muestras Tintas'!G114 -> 6 | I19: ='Muestras Tintas'!H114 -> 46079 | J19: ='Muestras Tintas'!I114 -> 3.4 | K19: ='Muestras Tintas'!J114 -> 23.4 | L19: ='Muestras Tintas'!L114*0.49 -> 2.7244 | M19: ='Muestras Tintas'!M114*1.53 -> 4.168332 | N19: ='Muestras Tintas'!O114/200 -> 1.7475
A20: ='Muestras Tintas'!A115 -> CA26VALC13-H1/13-7 | B20: ='Muestras Tintas'!B115 -> Carmenere | C20: ='Muestras Tintas'!C115 -> Maule | D20: ='Muestras Tintas'!D115 -> VILLA ALEGRE | E20: ='Muestras Tintas'!E115 -> 13 | F20: ='Muestras Tintas'!F115 -> 1/13 | H20: ='Muestras Tintas'!G115 -> 7 | I20: ='Muestras Tintas'!H115 -> 46086 | J20: ='Muestras Tintas'!I115 -> 3.46 | K20: ='Muestras Tintas'!J115 -> 23.9 | L20: ='Muestras Tintas'!L115*0.49 -> 2.5137 | M20: ='Muestras Tintas'!M115*1.53 -> 3.845961 | N20: ='Muestras Tintas'!O115/200 -> 1.9245 | O20: 1
A21: ='Muestras Tintas'!A116 -> CA26VALC13-H1/13-8 | B21: ='Muestras Tintas'!B116 -> Carmenere | C21: ='Muestras Tintas'!C116 -> Maule | D21: ='Muestras Tintas'!D116 -> VILLA ALEGRE | E21: ='Muestras Tintas'!E116 -> 13 | F21: ='Muestras Tintas'!F116 -> 1/13 | H21: ='Muestras Tintas'!G116 -> 8 | I21: ='Muestras Tintas'!H116 -> 46094 | J21: ='Muestras Tintas'!I116 -> 3.77 | K21: ='Muestras Tintas'!J116 -> 25.4 | L21: ='Muestras Tintas'!L116*0.49 -> 1.3573 | M21: ='Muestras Tintas'!M116*1.53 -> 2.076669 | N21: ='Muestras Tintas'!O116/200 -> 1.838
A22: ='Muestras Tintas'!A117 -> CA26VALC13-H1/13-9 | B22: ='Muestras Tintas'!B117 -> Carmenere | C22: ='Muestras Tintas'!C117 -> Maule | D22: ='Muestras Tintas'!D117 -> VILLA ALEGRE | E22: ='Muestras Tintas'!E117 -> 13 | F22: ='Muestras Tintas'!F117 -> 1/13 | H22: ='Muestras Tintas'!G117 -> 8 | I22: ='Muestras Tintas'!H117 -> 46100 | J22: ='Muestras Tintas'!I117 -> 3.51 | K22: ='Muestras Tintas'!J117 -> 24.8 | L22: ='Muestras Tintas'!L117*0.49 -> 2.2883 | M22: ='Muestras Tintas'!M117*1.53 -> 3.501099 | N22: ='Muestras Tintas'!O117/200 -> 1.8925 | O22: 2
A23: ='Muestras Tintas'!A118 -> CA26VALC13-H1/13-9 | B23: ='Muestras Tintas'!B118 -> Carmenere | C23: ='Muestras Tintas'!C118 -> Maule | D23: ='Muestras Tintas'!D118 -> VILLA ALEGRE | E23: ='Muestras Tintas'!E118 -> 13 | F23: ='Muestras Tintas'!F118 -> 1/13 | H23: ='Muestras Tintas'!G118 -> 9 | I23: ='Muestras Tintas'!H118 -> 46108 | J23: ='Muestras Tintas'!I118 -> 3.95 | K23: ='Muestras Tintas'!J118 -> 26.6 | L23: ='Muestras Tintas'!L118*0.49 -> 1.8865 | M23: ='Muestras Tintas'!M118*1.53 -> 2.886345 | N23: ='Muestras Tintas'!O118/200 -> 2.1385
A24: ='Muestras Tintas'!A119 -> CA26VALC13-H1/13-10 | B24: ='Muestras Tintas'!B119 -> Carmenere | C24: ='Muestras Tintas'!C119 -> Maule | D24: ='Muestras Tintas'!D119 -> VILLA ALEGRE | E24: ='Muestras Tintas'!E119 -> 13 | F24: ='Muestras Tintas'!F119 -> 1/13 | H24: ='Muestras Tintas'!G119 -> 10 | I24: ='Muestras Tintas'!H119 -> 46114 | J24: ='Muestras Tintas'!I119 -> 3.5 | K24: ='Muestras Tintas'!J119 -> 25.1 | L24: ='Muestras Tintas'!L119*0.49 -> 2.0972 | M24: ='Muestras Tintas'!M119*1.53 -> 3.208716 | N24: ='Muestras Tintas'!O119/200 -> 2.159
A25: ='Muestras Tintas'!A120 -> CA26VALC13-H1/13-11 | B25: ='Muestras Tintas'!B120 -> Carmenere | C25: ='Muestras Tintas'!C120 -> Maule | D25: ='Muestras Tintas'!D120 -> VILLA ALEGRE | E25: ='Muestras Tintas'!E120 -> 13 | F25: ='Muestras Tintas'!F120 -> 1/13 | H25: ='Muestras Tintas'!G120 -> 11 | I25: ='Muestras Tintas'!H120 -> 46121 | J25: ='Muestras Tintas'!I120 -> 3.56 | K25: ='Muestras Tintas'!J120 -> 25.6 | L25: ='Muestras Tintas'!L120*0.49 -> 2.0531 | M25: ='Muestras Tintas'!M120*1.53 -> 3.141243 | N25: ='Muestras Tintas'!O120/200 -> 2.073

Sheet CS-Lourdes
A2: 2025
A3: Id. original muestra | B3: Variedad | C3: Valle | D3: Fundo | E3: Cuartel | F3: Hilera | G3: Muestreo Fenoles | H3: Muestreo | I3: Fecha | J3: pH | K3: Brix | L3: Acidez Sulfúrica | M3: Acidez Tartárica | N3: Peso Baya
A4: CS25LOUC207-H58/61-1 | B4: Cabernet Sauvignon | C4: Maule | D4: LOURDES | E4: 207 | F4: 58/61 | H4: 1 | I4: 45693 | J4: 2.88 | K4: 18.5 | L4: 8.9964 | M4: 13.7645 | N4: 1.45
A5: CS25LOUC207-H58/61-2 | B5: Cabernet Sauvignon | C5: Maule | D5: LOURDES | E5: 207 | F5: 58/61 | H5: 2 | I5: 45698 | J5: 2.95 | K5: 19.7 | L5: 7.4872 | M5: 11.4554 | N5: 1.54
A6: CS25LOUC207-H58/61-3 | B6: Cabernet Sauvignon | C6: Maule | D6: LOURDES | E6: 207 | F6: 58/61 | H6: 3 | I6: 45705 | J6: 3.08 | K6: 20.6 | L6: 6.5366 | M6: 10.001 | N6: 1.65
A7: CS25LOUC207-H58/61-4 | B7: Cabernet Sauvignon | C7: Maule | D7: LOURDES | E7: 207 | F7: 58/61 | G7: 45712 | H7: 4 | I7: 45712 | J7: 3.17 | K7: 21.4 | L7: 5.4978 | M7: 8.4116 | N7: 1.99
A8: CS25LOUC207-H58/61-5 | B8: Cabernet Sauvignon | C8: Maule | D8: LOURDES | E8: 207 | F8: 58/61 | G8: 45719 | H8: 5 | I8: 45719 | J8: 3.26 | K8: 22 | L8: 5.2136 | M8: 7.9768 | N8: 2.02
A9: CS25LOUC207-H58/61-6 | B9: Cabernet Sauvignon | C9: Maule | D9: LOURDES | E9: 207 | F9: 58/61 | G9: 45727 | H9: 6 | I9: 45727 | J9: 3.38 | K9: 22.7 | L9: 5.0568 | M9: 7.7369 | N9: 2.02
A10: CS25LOUC207-H58/61-7 | B10: Cabernet Sauvignon | C10: Maule | D10: LOURDES | E10: 207 | F10: 58/61 | G10: 45733 | H10: 7 | I10: 45733 | J10: 3.39 | K10: 23.2 | L10: 4.7922 | M10: 7.3321 | N10: 1.79
A11: CS25LOUC207-H58/61-8 | B11: Cabernet Sauvignon | C11: Maule | D11: LOURDES | E11: 207 | F11: 58/61 | G11: 45740 | H11: 8 | I11: 45740 | J11: 3.47 | K11: 23.5 | L11: 4.5472 | M11: 6.9572 | N11: 1.91
A12: CS25LOUC207-H58/61-9 | B12: Cabernet Sauvignon | C12: Maule | D12: LOURDES | E12: 207 | F12: 58/61 | G12: 45747 | H12: 9 | I12: 45747 | J12: 3.47 | K12: 23.6 | L12: 4.5325 | M12: 6.9347 | N12: 2.1
A13: CS25LOUC207-H58/61-10 | B13: Cabernet Sauvignon | C13: Maule | D13: LOURDES | E13: 207 | F13: 58/61 | G13: 45754 | H13: 10 | I13: 45754 | J13: 3.5 | K13: 24.5 | L13: 4.2777 | M13: 6.5449 | N13: 1.76
A15: 2026
A16: Id. original muestra | B16: Variedad | C16: Valle | D16: Fundo | E16: Cuartel | F16: Hilera | G16: Muestreo Fenoles | H16: Muestreo | I16: Fecha | J16: pH | K16: Brix | L16: Acidez Sulfúrica | M16: Acidez Tartárica | N16: Peso Baya | O16: COSECHA
A17: ='Muestras Tintas'!A134 -> CS26LOUC207-H58/63-1 | B17: ='Muestras Tintas'!B134 -> Cabernet Sauvignon | C17: ='Muestras Tintas'!C134 -> Maule | D17: ='Muestras Tintas'!D134 -> LOURDES | E17: ='Muestras Tintas'!E134 -> 207 | F17: ='Muestras Tintas'!F134 -> 58/63 | H17: ='Muestras Tintas'!G134 -> 1 | I17: ='Muestras Tintas'!H134 -> 46034 | J17: ='Muestras Tintas'!I134 -> 2.63 | K17: ='Muestras Tintas'!J134 -> 12.1 | L17: ='Muestras Tintas'!L134*0.49 -> 16.0818 | M17: ='Muestras Tintas'!M134*1.53 -> 24.605154 | N17: ='Muestras Tintas'!O134/200 -> 0.8568
A18: ='Muestras Tintas'!A135 -> CS26LOUC207-H58/63-2 | B18: ='Muestras Tintas'!B135 -> Cabernet Sauvignon | C18: ='Muestras Tintas'!C135 -> Maule | D18: ='Muestras Tintas'!D135 -> LOURDES | E18: ='Muestras Tintas'!E135 -> 207 | F18: ='Muestras Tintas'!F135 -> 58/63 | H18: ='Muestras Tintas'!G135 -> 2 | I18: ='Muestras Tintas'!H135 -> 46042 | J18: ='Muestras Tintas'!I135 -> 2.94 | K18: ='Muestras Tintas'!J135 -> 14.9 | L18: ='Muestras Tintas'!L135*0.49 -> 13.9062 | M18: ='Muestras Tintas'!M135*1.53 -> 21.276486 | N18: ='Muestras Tintas'!O135/200 -> 1.07025
A19: ='Muestras Tintas'!A136 -> CS26LOUC207-H58/63-3 | B19: ='Muestras Tintas'!B136 -> Cabernet Sauvignon | C19: ='Muestras Tintas'!C136 -> Maule | D19: ='Muestras Tintas'!D136 -> LOURDES | E19: ='Muestras Tintas'!E136 -> 207 | F19: ='Muestras Tintas'!F136 -> 58/63 | H19: ='Muestras Tintas'!G136 -> 3 | I19: ='Muestras Tintas'!H136 -> 46049 | J19: ='Muestras Tintas'!I136 -> 2.93 | K19: ='Muestras Tintas'!J136 -> 17.6 | L19: ='Muestras Tintas'!L136*0.49 -> 9.4962 | M19: ='Muestras Tintas'!M136*1.53 -> 14.529186 | N19: ='Muestras Tintas'!O136/200 -> 1.3025
A20: ='Muestras Tintas'!A137 -> CS26LOUC207-H58/63-4 | B20: ='Muestras Tintas'!B137 -> Cabernet Sauvignon | C20: ='Muestras Tintas'!C137 -> Maule | D20: ='Muestras Tintas'!D137 -> LOURDES | E20: ='Muestras Tintas'!E137 -> 207 | F20: ='Muestras Tintas'!F137 -> 58/63 | H20: ='Muestras Tintas'!G137 -> 4 | I20: ='Muestras Tintas'!H137 -> 46056 | J20: ='Muestras Tintas'!I137 -> 3.13 | K20: ='Muestras Tintas'!J137 -> 19.3 | L20: ='Muestras Tintas'!L137*0.49 -> 6.272 | M20: ='Muestras Tintas'!M137*1.53 -> 9.59616 | N20: ='Muestras Tintas'!O137/200 -> 1.32565
A21: ='Muestras Tintas'!A138 -> CS26LOUC207-H58/63-5 | B21: ='Muestras Tintas'!B138 -> Cabernet Sauvignon | C21: ='Muestras Tintas'!C138 -> Maule | D21: ='Muestras Tintas'!D138 -> LOURDES | E21: ='Muestras Tintas'!E138 -> 207 | F21: ='Muestras Tintas'!F138 -> 58/63 | H21: ='Muestras Tintas'!G138 -> 5 | I21: ='Muestras Tintas'!H138 -> 46062 | J21: ='Muestras Tintas'!I138 -> 3.12 | K21: ='Muestras Tintas'!J138 -> 20.2 | L21: ='Muestras Tintas'!L138*0.49 -> 6.1348 | M21: ='Muestras Tintas'!M138*1.53 -> 9.386244 | N21: ='Muestras Tintas'!O138/200 -> 1.3985
A22: ='Muestras Tintas'!A139 -> CS26LOUC207-H58/63-6 | B22: ='Muestras Tintas'!B139 -> Cabernet Sauvignon | C22: ='Muestras Tintas'!C139 -> Maule | D22: ='Muestras Tintas'!D139 -> LOURDES | E22: ='Muestras Tintas'!E139 -> 207 | F22: ='Muestras Tintas'!F139 -> 58/63 | H22: ='Muestras Tintas'!G139 -> 6 | I22: ='Muestras Tintas'!H139 -> 46069 | J22: ='Muestras Tintas'!I139 -> 3.02 | K22: ='Muestras Tintas'!J139 -> 21.9 | L22: ='Muestras Tintas'!L139*0.49 -> 5.8016 | M22: ='Muestras Tintas'!M139*1.53 -> 8.876448 | N22: ='Muestras Tintas'!O139/200 -> 1.4725
A23: ='Muestras Tintas'!A140 -> CS26LOUC207-H58/63-7 | B23: ='Muestras Tintas'!B140 -> Cabernet Sauvignon | C23: ='Muestras Tintas'!C140 -> Maule | D23: ='Muestras Tintas'!D140 -> LOURDES | E23: ='Muestras Tintas'!E140 -> 207 | F23: ='Muestras Tintas'!F140 -> 58/63 | H23: ='Muestras Tintas'!G140 -> 7 | I23: ='Muestras Tintas'!H140 -> 46076 | J23: ='Muestras Tintas'!I140 -> 3.25 | K23: ='Muestras Tintas'!J140 -> 23 | L23: ='Muestras Tintas'!L140*0.49 -> 4.704 | M23: ='Muestras Tintas'!M140*1.53 -> 7.19712 | N23: ='Muestras Tintas'!O140/200 -> 1.388 | O23: 1 | P23: *cosecha del 25/02
A24: ='Muestras Tintas'!A141 -> CS26LOUC207-H58/63-8 | B24: ='Muestras Tintas'!B141 -> Cabernet Sauvignon | C24: ='Muestras Tintas'!C141 -> Maule | D24: ='Muestras Tintas'!D141 -> LOURDES | E24: ='Muestras Tintas'!E141 -> 207 | F24: ='Muestras Tintas'!F141 -> 58/63 | H24: ='Muestras Tintas'!G141 -> 8 | I24: ='Muestras Tintas'!H141 -> 46085 | J24: ='Muestras Tintas'!I141 -> 3.28 | K24: ='Muestras Tintas'!J141 -> 23.4 | L24: ='Muestras Tintas'!L141*0.49 -> 4.6011 | M24: ='Muestras Tintas'!M141*1.53 -> 7.039683 | N24: ='Muestras Tintas'!O141/200 -> 1.5275
A25: ='Muestras Tintas'!A142 -> CS26LOUC207-H58/63-9 | B25: ='Muestras Tintas'!B142 -> Cabernet Sauvignon | C25: ='Muestras Tintas'!C142 -> Maule | D25: ='Muestras Tintas'!D142 -> LOURDES | E25: ='Muestras Tintas'!E142 -> 207 | F25: ='Muestras Tintas'!F142 -> 58/63 | H25: ='Muestras Tintas'!G142 -> 9 | I25: ='Muestras Tintas'!H142 -> 46093 | J25: ='Muestras Tintas'!I142 -> 3.2 | K25: ='Muestras Tintas'!J142 -> 23.8 | L25: ='Muestras Tintas'!L142*0.49 -> 4.41 | M25: ='Muestras Tintas'!M142*1.53 -> 6.7473 | N25: ='Muestras Tintas'!O142/200 -> 1.516 | O25: 2
A26: ='Muestras Tintas'!A143 -> CS26LOUC207-H58/63-10 | B26: ='Muestras Tintas'!B143 -> Cabernet Sauvignon | C26: ='Muestras Tintas'!C143 -> Maule | D26: ='Muestras Tintas'!D143 -> LOURDES | E26: ='Muestras Tintas'!E143 -> 207 | F26: ='Muestras Tintas'!F143 -> 58/63 | H26: ='Muestras Tintas'!G143 -> 10 | I26: ='Muestras Tintas'!H143 -> 46100 | J26: ='Muestras Tintas'!I143 -> 3.39 | K26: ='Muestras Tintas'!J143 -> 23.3 | L26: ='Muestras Tintas'!L143*0.49 -> 4.0425 | M26: ='Muestras Tintas'!M143*1.53 -> 6.185025 | N26: ='Muestras Tintas'!O143/200 -> 1.554
A27: ='Muestras Tintas'!A144 -> CS26LOUC207-H58/63-11 | B27: ='Muestras Tintas'!B144 -> Cabernet Sauvignon | C27: ='Muestras Tintas'!C144 -> Maule | D27: ='Muestras Tintas'!D144 -> LOURDES | E27: ='Muestras Tintas'!E144 -> 207 | F27: ='Muestras Tintas'!F144 -> 58/63 | H27: ='Muestras Tintas'!G144 -> 11 | I27: ='Muestras Tintas'!H144 -> 46107 | J27: ='Muestras Tintas'!I144 -> 3.16 | K27: ='Muestras Tintas'!J144 -> 24 | L27: ='Muestras Tintas'!L144*0.49 -> 5.0911 | M27: ='Muestras Tintas'!M144*1.53 -> 7.789383 | N27: ='Muestras Tintas'!O144/200 -> 1.494
A28: ='Muestras Tintas'!A145 -> CS26LOUC207-H58/63-12 | B28: ='Muestras Tintas'!B145 -> Cabernet Sauvignon | C28: ='Muestras Tintas'!C145 -> Maule | D28: ='Muestras Tintas'!D145 -> LOURDES | E28: ='Muestras Tintas'!E145 -> 207 | F28: ='Muestras Tintas'!F145 -> 58/63 | H28: ='Muestras Tintas'!G145 -> 12 | I28: ='Muestras Tintas'!H145 -> 46121 | J28: ='Muestras Tintas'!I145 -> 3.23 | K28: ='Muestras Tintas'!J145 -> 25.2 | L28: ='Muestras Tintas'!L145*0.49 -> 4.1846 | M28: ='Muestras Tintas'!M145*1.53 -> 6.402438 | N28: ='Muestras Tintas'!O145/200 -> 1.3765
A29: ='Muestras Tintas'!A146 -> CS26LOUC207-H58/63-13 | B29: ='Muestras Tintas'!B146 -> Cabernet Sauvignon | C29: ='Muestras Tintas'!C146 -> Maule | D29: ='Muestras Tintas'!D146 -> LOURDES | E29: ='Muestras Tintas'!E146 -> 207 | F29: ='Muestras Tintas'!F146 -> 58/63 | H29: ='Muestras Tintas'!G146 -> 13 | I29: ='Muestras Tintas'!H146 -> 46129 | J29: ='Muestras Tintas'!I146 -> 3.37 | K29: ='Muestras Tintas'!J146 -> 23.5 | L29: ='Muestras Tintas'!L146*0.49 -> 4.1503 | M29: ='Muestras Tintas'!M146*1.53 -> 6.349959 | N29: ='Muestras Tintas'!O146/200 -> 1.6575 | O29: 4
A30: ='Muestras Tintas'!A147 -> CS26LOUC207-H58/63-14 | B30: ='Muestras Tintas'!B147 -> Cabernet Sauvignon | C30: ='Muestras Tintas'!C147 -> Maule | D30: ='Muestras Tintas'!D147 -> LOURDES | E30: ='Muestras Tintas'!E147 -> 207 | F30: ='Muestras Tintas'!F147 -> 58/63 | H30: ='Muestras Tintas'!G147 -> 14 | I30: ='Muestras Tintas'!H147 -> 46135 | J30: ='Muestras Tintas'!I147 -> 3.41 | K30: ='Muestras Tintas'!J147 -> 24.8 | L30: ='Muestras Tintas'!L147*0.49 -> 3.822 | M30: ='Muestras Tintas'!M147*1.53 -> 5.84766 | N30: ='Muestras Tintas'!O147/200 -> 1.494 | O30: 5

Sheet CA-Lourdes
A2: 2025
A3: Id. original muestra | B3: Variedad | C3: Valle | D3: Fundo | E3: Cuartel | F3: Hilera | G3: Muestreo Fenoles | H3: Muestreo | I3: Fecha | J3: pH | K3: Brix | L3: Acidez Sulfúrica | M3: Acidez Tartárica | N3: Peso Baya
A4: CA25LOUC171-H58/63-1 | B4: Carmenere | C4: Maule | D4: LOURDES | E4: 171 | F4: 58/63 | H4: 1 | I4: 45705 | J4: 3.29 | K4: 19.4 | L4: 3.6848 | M4: 5.6377 | N4: 2.04
A5: CA25LOUC171-H58/63-2 | B5: Carmenere | C5: Maule | D5: LOURDES | E5: 171 | F5: 58/63 | H5: 2 | I5: 45713 | J5: 3.47 | K5: 21.1 | L5: 3.2732 | M5: 5.008 | N5: 2.49
A6: CA25LOUC171-H58/63-3 | B6: Carmenere | C6: Maule | D6: LOURDES | E6: 171 | F6: 58/63 | G6: 45720 | H6: 3 | I6: 45720 | J6: 3.57 | K6: 22 | L6: 3.0282 | M6: 4.6331 | N6: 2.71
A7: CA25LOUC171-H58/63-4 | B7: Carmenere | C7: Maule | D7: LOURDES | E7: 171 | F7: 58/63 | G7: 45727 | H7: 4 | I7: 45727 | J7: 3.62 | K7: 23.1 | L7: 2.8812 | M7: 4.4082 | N7: 2.64
A8: CA25LOUC171-H58/63-5 | B8: Carmenere | C8: Maule | D8: LOURDES | E8: 171 | F8: 58/63 | G8: 45734 | H8: 5 | I8: 45734 | J8: 3.64 | K8: 23.6 | L8: 2.7734 | M8: 4.2433 | N8: 2.46
A9: CA25LOUC171-H58/63-6 | B9: Carmenere | C9: Maule | D9: LOURDES | E9: 171 | F9: 58/63 | G9: 45741 | H9: 6 | I9: 45741 | J9: 3.64 | K9: 23.7 | L9: 2.7342 | M9: 4.1833 | N9: 2.28
A10: CA25LOUC171-H58/63-7 | B10: Carmenere | C10: Maule | D10: LOURDES | E10: 171 | F10: 58/63 | G10: 45748 | H10: 7 | I10: 45748 | J10: 3.6 | K10: 24.4 | L10: 2.695 | M10: 4.1234 | N10: 1.97
A11: CA25LOUC171-H58/63-8 | B11: Carmenere | C11: Maule | D11: LOURDES | E11: 171 | F11: 58/63 | G11: 45755 | H11: 8 | I11: 45755 | J11: 3.7 | K11: 25 | L11: 2.6166 | M11: 4.0034 | N11: 2.71
A12: CA25LOUC171-H58/63-9 | B12: Carmenere | C12: Maule | D12: LOURDES | E12: 171 | F12: 58/63 | G12: 45762 | H12: 9 | I12: 45762 | J12: 3.7 | K12: 25.1 | L12: 2.3667 | M12: 3.6211 | N12: 2.16
A14: 2026
A15: Id. original muestra | B15: Variedad | C15: Valle | D15: Fundo | E15: Cuartel | F15: Hilera | G15: Muestreo Fenoles | H15: Muestreo | I15: Fecha | J15: pH | K15: Brix | L15: Acidez Sulfúrica | M15: Acidez Tartárica | N15: Peso Baya | O15: COSECHA
A16: ='Muestras Tintas'!A121 -> CA26LOUC171-H58/65-1 | B16: ='Muestras Tintas'!B121 -> Carmenere | C16: ='Muestras Tintas'!C121 -> Maule | D16: ='Muestras Tintas'!D121 -> LOURDES | E16: ='Muestras Tintas'!E121 -> 171 | F16: ='Muestras Tintas'!F121 -> 58/65 | H16: ='Muestras Tintas'!G121 -> 1 | I16: ='Muestras Tintas'!H121 -> 46036 | J16: ='Muestras Tintas'!I121 -> 2.77 | K16: ='Muestras Tintas'!J121 -> 8.8 | L16: ='Muestras Tintas'!L121*0.49 -> 14.9352 | M16: ='Muestras Tintas'!M121*1.53 -> 22.850856 | N16: ='Muestras Tintas'!O121/200 -> 1.07515
A17: ='Muestras Tintas'!A122 -> CA26LOUC171-H58/65-2 | B17: ='Muestras Tintas'!B122 -> Carmenere | C17: ='Muestras Tintas'!C122 -> Maule | D17: ='Muestras Tintas'!D122 -> LOURDES | E17: ='Muestras Tintas'!E122 -> 171 | F17: ='Muestras Tintas'!F122 -> 58/65 | H17: ='Muestras Tintas'!G122 -> 2 | I17: ='Muestras Tintas'!H122 -> 46042 | J17: ='Muestras Tintas'!I122 -> 2.88 | K17: ='Muestras Tintas'!J122 -> 13 | L17: ='Muestras Tintas'!L122*0.49 -> 9.8 | M17: ='Muestras Tintas'!M122*1.53 -> 14.994 | N17: ='Muestras Tintas'!O122/200 -> 1.3879
A18: ='Muestras Tintas'!A123 -> CA26LOUC171-H58/65-3 | B18: ='Muestras Tintas'!B123 -> Carmenere | C18: ='Muestras Tintas'!C123 -> Maule | D18: ='Muestras Tintas'!D123 -> LOURDES | E18: ='Muestras Tintas'!E123 -> 171 | F18: ='Muestras Tintas'!F123 -> 58/65 | H18: ='Muestras Tintas'!G123 -> 3 | I18: ='Muestras Tintas'!H123 -> 46049 | J18: ='Muestras Tintas'!I123 -> 3.08 | K18: ='Muestras Tintas'!J123 -> 14.5 | L18: ='Muestras Tintas'!L123*0.49 -> 7.056 | M18: ='Muestras Tintas'!M123*1.53 -> 10.79568 | N18: ='Muestras Tintas'!O123/200 -> 1.5483
A19: ='Muestras Tintas'!A124 -> CA26LOUC171-H58/65-4 | B19: ='Muestras Tintas'!B124 -> Carmenere | C19: ='Muestras Tintas'!C124 -> Maule | D19: ='Muestras Tintas'!D124 -> LOURDES | E19: ='Muestras Tintas'!E124 -> 171 | F19: ='Muestras Tintas'!F124 -> 58/65 | H19: ='Muestras Tintas'!G124 -> 4 | I19: ='Muestras Tintas'!H124 -> 46056 | J19: ='Muestras Tintas'!I124 -> 3.24 | K19: ='Muestras Tintas'!J124 -> 16.2 | L19: ='Muestras Tintas'!L124*0.49 -> 5.1352 | M19: ='Muestras Tintas'!M124*1.53 -> 7.856856 | N19: ='Muestras Tintas'!O124/200 -> 1.76855
A20: ='Muestras Tintas'!A125 -> CA26LOUC171-H58/65-5 | B20: ='Muestras Tintas'!B125 -> Carmenere | C20: ='Muestras Tintas'!C125 -> Maule | D20: ='Muestras Tintas'!D125 -> LOURDES | E20: ='Muestras Tintas'!E125 -> 171 | F20: ='Muestras Tintas'!F125 -> 58/65 | H20: ='Muestras Tintas'!G125 -> 5 | I20: ='Muestras Tintas'!H125 -> 46062 | J20: ='Muestras Tintas'!I125 -> 3.32 | K20: ='Muestras Tintas'!J125 -> 17.7 | L20: ='Muestras Tintas'!L125*0.49 -> 4.4296 | M20: ='Muestras Tintas'!M125*1.53 -> 6.777288 | N20: ='Muestras Tintas'!O125/200 -> 1.8045
A21: ='Muestras Tintas'!A126 -> CA26LOUC171-H58/65-6 | B21: ='Muestras Tintas'!B126 -> Carmenere | C21: ='Muestras Tintas'!C126 -> Maule | D21: ='Muestras Tintas'!D126 -> LOURDES | E21: ='Muestras Tintas'!E126 -> 171 | F21: ='Muestras Tintas'!F126 -> 58/65 | H21: ='Muestras Tintas'!G126 -> 6 | I21: ='Muestras Tintas'!H126 -> 46069 | J21: ='Muestras Tintas'!I126 -> 3.32 | K21: ='Muestras Tintas'!J126 -> 19 | L21: ='Muestras Tintas'!L126*0.49 -> 4.0376 | M21: ='Muestras Tintas'!M126*1.53 -> 6.177528 | N21: ='Muestras Tintas'!O126/200 -> 1.997
A22: ='Muestras Tintas'!A127 -> CA26LOUC171-H58/65-7 | B22: ='Muestras Tintas'!B127 -> Carmenere | C22: ='Muestras Tintas'!C127 -> Maule | D22: ='Muestras Tintas'!D127 -> LOURDES | E22: ='Muestras Tintas'!E127 -> 171 | F22: ='Muestras Tintas'!F127 -> 58/65 | H22: ='Muestras Tintas'!G127 -> 7 | I22: ='Muestras Tintas'!H127 -> 46076 | J22: ='Muestras Tintas'!I127 -> 3.48 | K22: ='Muestras Tintas'!J127 -> 20.9 | L22: ='Muestras Tintas'!L127*0.49 -> 3.4398 | M22: ='Muestras Tintas'!M127*1.53 -> 5.262894 | N22: ='Muestras Tintas'!O127/200 -> 1.816
A23: ='Muestras Tintas'!A128 -> CA26LOUC171-H58/65-8 | B23: ='Muestras Tintas'!B128 -> Carmenere | C23: ='Muestras Tintas'!C128 -> Maule | D23: ='Muestras Tintas'!D128 -> LOURDES | E23: ='Muestras Tintas'!E128 -> 171 | F23: ='Muestras Tintas'!F128 -> 58/65 | H23: ='Muestras Tintas'!G128 -> 8 | I23: ='Muestras Tintas'!H128 -> 46084 | J23: ='Muestras Tintas'!I128 -> 3.5 | K23: ='Muestras Tintas'!J128 -> 21.6 | L23: ='Muestras Tintas'!L128*0.49 -> 3.1115 | M23: ='Muestras Tintas'!M128*1.53 -> 4.760595 | N23: ='Muestras Tintas'!O128/200 -> 2.0385 | O23: 1
A24: ='Muestras Tintas'!A129 -> CA26LOUC171-H58/65-9 | B24: ='Muestras Tintas'!B129 -> Carmenere | C24: ='Muestras Tintas'!C129 -> Maule | D24: ='Muestras Tintas'!D129 -> LOURDES | E24: ='Muestras Tintas'!E129 -> 171 | F24: ='Muestras Tintas'!F129 -> 58/65 | H24: ='Muestras Tintas'!G129 -> 9 | I24: ='Muestras Tintas'!H129 -> 46090 | J24: ='Muestras Tintas'!I129 -> 3.48 | K24: ='Muestras Tintas'!J129 -> 22.3 | L24: ='Muestras Tintas'!L129*0.49 -> 2.9449 | M24: ='Muestras Tintas'!M129*1.53 -> 4.505697 | N24: ='Muestras Tintas'!O129/200 -> 2.034
A25: ='Muestras Tintas'!A130 -> CA26LOUC171-H58/65-10 | B25: ='Muestras Tintas'!B130 -> Carmenere | C25: ='Muestras Tintas'!C130 -> Maule | D25: ='Muestras Tintas'!D130 -> LOURDES | E25: ='Muestras Tintas'!E130 -> 171 | F25: ='Muestras Tintas'!F130 -> 58/65 | H25: ='Muestras Tintas'!G130 -> 10 | I25: ='Muestras Tintas'!H130 -> 46097 | J25: ='Muestras Tintas'!I130 -> 3.55 | K25: ='Muestras Tintas'!J130 -> 22.6 | L25: ='Muestras Tintas'!L130*0.49 -> 2.8028 | M25: ='Muestras Tintas'!M130*1.53 -> 4.288284 | N25: ='Muestras Tintas'!O130/200 -> 1.919 | O25: 2
A26: ='Muestras Tintas'!A131 -> CA26LOUC171-H58/65-11 | B26: ='Muestras Tintas'!B131 -> Carmenere | C26: ='Muestras Tintas'!C131 -> Maule | D26: ='Muestras Tintas'!D131 -> LOURDES | E26: ='Muestras Tintas'!E131 -> 171 | F26: ='Muestras Tintas'!F131 -> 58/65 | H26: ='Muestras Tintas'!G131 -> 11 | I26: ='Muestras Tintas'!H131 -> 46104 | J26: ='Muestras Tintas'!I131 -> 3.59 | K26: ='Muestras Tintas'!J131 -> 23 | L26: ='Muestras Tintas'!L131*0.49 -> 3.1115 | M26: ='Muestras Tintas'!M131*1.53 -> 4.760595 | N26: ='Muestras Tintas'!O131/200 -> 1.9945
A27: ='Muestras Tintas'!A132 -> CA26LOUC171-H58/65-12 | B27: ='Muestras Tintas'!B132 -> Carmenere | C27: ='Muestras Tintas'!C132 -> Maule | D27: ='Muestras Tintas'!D132 -> LOURDES | E27: ='Muestras Tintas'!E132 -> 171 | F27: ='Muestras Tintas'!F132 -> 58/65 | H27: ='Muestras Tintas'!G132 -> 12 | I27: ='Muestras Tintas'!H132 -> 46111 | J27: ='Muestras Tintas'!I132 -> 3.59 | K27: ='Muestras Tintas'!J132 -> 22.7 | L27: ='Muestras Tintas'!L132*0.49 -> 2.6705 | M27: ='Muestras Tintas'!M132*1.53 -> 4.085865 | N27: ='Muestras Tintas'!O132/200 -> 2.0315
A28: ='Muestras Tintas'!A133 -> CA26LOUC171-H58/65-13 | B28: ='Muestras Tintas'!B133 -> Carmenere | C28: ='Muestras Tintas'!C133 -> Maule | D28: ='Muestras Tintas'!D133 -> LOURDES | E28: ='Muestras Tintas'!E133 -> 171 | F28: ='Muestras Tintas'!F133 -> 58/65 | H28: ='Muestras Tintas'!G133 -> 13 | I28: ='Muestras Tintas'!H133 -> 46118 | J28: ='Muestras Tintas'!I133 -> 3.62 | K28: ='Muestras Tintas'!J133 -> 24.7 | L28: ='Muestras Tintas'!L133*0.49 -> 2.5284 | M28: ='Muestras Tintas'!M133*1.53 -> 0 | N28: ='Muestras Tintas'!O133/200 -> 1.8825

Sheet CA-Quinta_Maipo
A2: 2025
A3: Id. original muestra | B3: Variedad | C3: Valle | D3: Fundo | E3: Cuartel | F3: Hilera | G3: Muestreo Fenoles | H3: Muestreo | I3: Fecha | J3: pH | K3: Brix | L3: Acidez Sulfúrica | M3: Acidez Tartárica | N3: Peso Baya
A4: CA25QMAC1-SH-1 | B4: Carmenere | C4: Maipo | D4: QUINTA MAIPO | E4: 1 | F4: SH | H4: 1 | I4: 45708 | J4: 3.24 | K4: 17.9 | L4: 6.5224 | M4: 6.5224 | N4: 1.68
A5: CA25QMAC1-SH-2 | B5: Carmenere | C5: Maipo | D5: QUINTA MAIPO | E5: 1 | F5: SH | H5: 2 | I5: 45715 | J5: 3.3 | K5: 19.7 | L5: 5.9626 | M5: 5.9626 | N5: 1.61
A6: CA25QMAC1-SH-3 | B6: Carmenere | C6: Maipo | D6: QUINTA MAIPO | E6: 1 | F6: SH | H6: 3 | I6: 45721 | J6: 3.45 | K6: 20.8 | L6: 5.2179 | M6: 5.2179 | N6: 1.9
A7: CA25QMAC1-SH-4 | B7: Carmenere | C7: Maipo | D7: QUINTA MAIPO | E7: 1 | F7: SH | G7: 45726 | H7: 4 | I7: 45726 | J7: 3.5 | K7: 20.9 | L7: 4.7081 | M7: 4.7081 | N7: 1.66
A8: CA25QMAC1-SH-5 | B8: Carmenere | C8: Maipo | D8: QUINTA MAIPO | E8: 1 | F8: SH | G8: 45733 | H8: 5 | I8: 45733 | J8: 3.6 | K8: 21.6 | L8: 4.6481 | M8: 4.6481 | N8: 2.18
A9: CA25QMAC1-SH-6 | B9: Carmenere | C9: Maipo | D9: QUINTA MAIPO | E9: 1 | F9: SH | H9: 6 | I9: 45740 | J9: 3.65 | K9: 21.7 | L9: 4.6107 | M9: 4.6107 | N9: 1.86
A10: CA25QMAC1-SH-7 | B10: Carmenere | C10: Maipo | D10: QUINTA MAIPO | E10: 1 | F10: SH | G10: 45754 | H10: 7 | I10: 45754 | J10: 3.64 | K10: 23.4 | L10: 4.4607 | M10: 4.4607 | N10: 2.21
A11: CA25QMAC1-SH-8 | B11: Carmenere | C11: Maipo | D11: QUINTA MAIPO | E11: 1 | F11: SH | G11: 45761 | H11: 8 | I11: 45761 | J11: 3.75 | K11: 24 | L11: 4.2208 | M11: 4.2208 | N11: 1.99
A12: CA25QMAC1-SH-9 | B12: Carmenere | C12: Maipo | D12: QUINTA MAIPO | E12: 1 | F12: SH | G12: 45769 | H12: 9 | I12: 45769 | J12: 3.73 | K12: 24.1 | L12: 4.1533 | M12: 4.1533 | N12: 2.1
A13: CA25QMAC1-SH-10 | B13: Carmenere | C13: Maipo | D13: QUINTA MAIPO | E13: 1 | F13: SH | G13: 45782 | H13: 10 | I13: 45782 | J13: 3.78 | K13: 24.8 | L13: 4.1234 | M13: 4.1234 | N13: 2.11
A15: 2026
A16: Id. original muestra | B16: Variedad | C16: Valle | D16: Fundo | E16: Cuartel | F16: Hilera | G16: Muestreo Fenoles | H16: Muestreo | I16: Fecha | J16: pH | K16: Brix | L16: Acidez Sulfúrica | M16: Acidez Tartárica | N16: Peso Baya
A17: ='Muestras Tintas'!A16 -> CA26QMAC1-SH-1 | B17: ='Muestras Tintas'!B16 -> Carmenere | C17: ='Muestras Tintas'!C16 -> Maipo | D17: ='Muestras Tintas'!D16 -> QUINTA MAIPO | E17: ='Muestras Tintas'!E16 -> 1 | F17: ='Muestras Tintas'!F16 -> SH | H17: ='Muestras Tintas'!G16 -> 1 | I17: ='Muestras Tintas'!H16 -> 46042 | J17: ='Muestras Tintas'!I16 -> 2.86 | K17: ='Muestras Tintas'!J16 -> 14.4 | L17: ='Muestras Tintas'!L16*0.49 -> 11.6914 | M17: ='Muestras Tintas'!M16*1.53 -> 17.887842 | N17: ='Muestras Tintas'!O16/200 -> 0.99065
A18: ='Muestras Tintas'!A17 -> CA26QMAC1-SH-2 | B18: ='Muestras Tintas'!B17 -> Carmenere | C18: ='Muestras Tintas'!C17 -> Maipo | D18: ='Muestras Tintas'!D17 -> QUINTA MAIPO | E18: ='Muestras Tintas'!E17 -> 1 | F18: ='Muestras Tintas'!F17 -> SH | H18: ='Muestras Tintas'!G17 -> 2 | I18: ='Muestras Tintas'!H17 -> 46048 | J18: ='Muestras Tintas'!I17 -> 3.05 | K18: ='Muestras Tintas'!J17 -> 15.2 | L18: ='Muestras Tintas'!L17*0.49 -> 8.5554 | M18: ='Muestras Tintas'!M17*1.53 -> 13.089762 | N18: ='Muestras Tintas'!O17/200 -> 1.06795
A19: ='Muestras Tintas'!A18 -> CA26QMAC1-SH-3 | B19: ='Muestras Tintas'!B18 -> Carmenere | C19: ='Muestras Tintas'!C18 -> Maipo | D19: ='Muestras Tintas'!D18 -> QUINTA MAIPO | E19: ='Muestras Tintas'!E18 -> 1 | F19: ='Muestras Tintas'!F18 -> SH | H19: ='Muestras Tintas'!G18 -> 3 | I19: ='Muestras Tintas'!H18 -> 46055 | J19: ='Muestras Tintas'!I18 -> 3.07 | K19: ='Muestras Tintas'!J18 -> 16.8 | L19: ='Muestras Tintas'!L18*0.49 -> 6.5856 | M19: ='Muestras Tintas'!M18*1.53 -> 10.075968 | N19: ='Muestras Tintas'!O18/200 -> 1.1822
A20: ='Muestras Tintas'!A19 -> CA26QMAC1-SH-4 | B20: ='Muestras Tintas'!B19 -> Carmenere | C20: ='Muestras Tintas'!C19 -> Maipo | D20: ='Muestras Tintas'!D19 -> QUINTA MAIPO | E20: ='Muestras Tintas'!E19 -> 1 | F20: ='Muestras Tintas'!F19 -> SH | H20: ='Muestras Tintas'!G19 -> 4 | I20: ='Muestras Tintas'!H19 -> 46062 | J20: ='Muestras Tintas'!I19 -> 3.27 | K20: ='Muestras Tintas'!J19 -> 18 | L20: ='Muestras Tintas'!L19*0.49 -> 4.8706 | M20: ='Muestras Tintas'!M19*1.53 -> 7.452018 | N20: ='Muestras Tintas'!O19/200 -> 1.2165
A21: ='Muestras Tintas'!A20 -> CA26QMAC1-SH-5 | B21: ='Muestras Tintas'!B20 -> Carmenere | C21: ='Muestras Tintas'!C20 -> Maipo | D21: ='Muestras Tintas'!D20 -> QUINTA MAIPO | E21: ='Muestras Tintas'!E20 -> 1 | F21: ='Muestras Tintas'!F20 -> SH | H21: ='Muestras Tintas'!G20 -> 5 | I21: ='Muestras Tintas'!H20 -> 46069 | J21: ='Muestras Tintas'!I20 -> 3.31 | K21: ='Muestras Tintas'!J20 -> 20.4 | L21: ='Muestras Tintas'!L20*0.49 -> 4.3708 | M21: ='Muestras Tintas'!M20*1.53 -> 6.687324 | N21: ='Muestras Tintas'!O20/200 -> 1.203
A22: ='Muestras Tintas'!A21 -> CA26QMAC1-SH-6 | B22: ='Muestras Tintas'!B21 -> Carmenere | C22: ='Muestras Tintas'!C21 -> Maipo | D22: ='Muestras Tintas'!D21 -> QUINTA MAIPO | E22: ='Muestras Tintas'!E21 -> 1 | F22: ='Muestras Tintas'!F21 -> SH | H22: ='Muestras Tintas'!G21 -> 6 | I22: ='Muestras Tintas'!H21 -> 46076 | J22: ='Muestras Tintas'!I21 -> 3.45 | K22: ='Muestras Tintas'!J21 -> 21.4 | L22: ='Muestras Tintas'!L21*0.49 -> 3.381 | M22: ='Muestras Tintas'!M21*1.53 -> 5.17293 | N22: ='Muestras Tintas'!O21/200 -> 1.1915
A23: ='Muestras Tintas'!A22 -> CA26QMAC1-SH-7 | B23: ='Muestras Tintas'!B22 -> Carmenere | C23: ='Muestras Tintas'!C22 -> Maipo | D23: ='Muestras Tintas'!D22 -> QUINTA MAIPO | E23: ='Muestras Tintas'!E22 -> 1 | F23: ='Muestras Tintas'!F22 -> SH | H23: ='Muestras Tintas'!G22 -> 7 | I23: ='Muestras Tintas'!H22 -> 46083 | J23: ='Muestras Tintas'!I22 -> 3.5 | K23: ='Muestras Tintas'!J22 -> 22.2 | L23: ='Muestras Tintas'!L22*0.49 -> 3.1605 | M23: ='Muestras Tintas'!M22*1.53 -> 4.835565 | N23: ='Muestras Tintas'!O22/200 -> 1.129
A24: ='Muestras Tintas'!A23 -> CA26QMAC1-SH-8 | B24: ='Muestras Tintas'!B23 -> Carmenere | C24: ='Muestras Tintas'!C23 -> Maipo | D24: ='Muestras Tintas'!D23 -> QUINTA MAIPO | E24: ='Muestras Tintas'!E23 -> 1 | F24: ='Muestras Tintas'!F23 -> SH | H24: ='Muestras Tintas'!G23 -> 8 | I24: ='Muestras Tintas'!H23 -> 46090 | J24: ='Muestras Tintas'!I23 -> 3.56 | K24: ='Muestras Tintas'!J23 -> 23 | L24: ='Muestras Tintas'!L23*0.49 -> 2.8224 | M24: ='Muestras Tintas'!M23*1.53 -> 4.318272 | N24: ='Muestras Tintas'!O23/200 -> 1.2995
A25: ='Muestras Tintas'!A24 -> CA26QMAC1-SH-9 | B25: ='Muestras Tintas'!B24 -> Carmenere | C25: ='Muestras Tintas'!C24 -> Maipo | D25: ='Muestras Tintas'!D24 -> QUINTA MAIPO | E25: ='Muestras Tintas'!E24 -> 1 | F25: ='Muestras Tintas'!F24 -> SH | H25: ='Muestras Tintas'!G24 -> 9 | I25: ='Muestras Tintas'!H24 -> 46097 | J25: ='Muestras Tintas'!I24 -> 3.63 | K25: ='Muestras Tintas'!J24 -> 23.5 | L25: ='Muestras Tintas'!L24*0.49 -> 2.4941 | M25: ='Muestras Tintas'!M24*1.53 -> 3.815973 | N25: ='Muestras Tintas'!O24/200 -> 1.3695
A26: ='Muestras Tintas'!A25 -> CA26QMAC1-SH-10 | B26: ='Muestras Tintas'!B25 -> Carmenere | C26: ='Muestras Tintas'!C25 -> Maipo | D26: ='Muestras Tintas'!D25 -> QUINTA MAIPO | E26: ='Muestras Tintas'!E25 -> 1 | F26: ='Muestras Tintas'!F25 -> SH | H26: ='Muestras Tintas'!G25 -> 10 | I26: ='Muestras Tintas'!H25 -> 46104 | J26: ='Muestras Tintas'!I25 -> 3.67 | K26: ='Muestras Tintas'!J25 -> 23.4 | L26: ='Muestras Tintas'!L25*0.49 -> 2.4696 | M26: ='Muestras Tintas'!M25*1.53 -> 3.778488 | N26: ='Muestras Tintas'!O25/200 -> 1.2935
A27: ='Muestras Tintas'!A26 -> CA26QMAC1-SH-11 | B27: ='Muestras Tintas'!B26 -> Carmenere | C27: ='Muestras Tintas'!C26 -> Maipo | D27: ='Muestras Tintas'!D26 -> QUINTA MAIPO | E27: ='Muestras Tintas'!E26 -> 1 | F27: ='Muestras Tintas'!F26 -> SH | H27: ='Muestras Tintas'!G26 -> 11 | I27: ='Muestras Tintas'!H26 -> 46111 | J27: ='Muestras Tintas'!I26 -> 3.75 | K27: ='Muestras Tintas'!J26 -> 23.4 | L27: ='Muestras Tintas'!L26*0.49 -> 2.254 | M27: ='Muestras Tintas'!M26*1.53 -> 3.44862 | N27: ='Muestras Tintas'!O26/200 -> 1.3385
A28: ='Muestras Tintas'!A27 -> CA26QMAC1-SH-12 | B28: ='Muestras Tintas'!B27 -> Carmenere | C28: ='Muestras Tintas'!C27 -> Maipo | D28: ='Muestras Tintas'!D27 -> QUINTA MAIPO | E28: ='Muestras Tintas'!E27 -> 1 | F28: ='Muestras Tintas'!F27 -> SH | H28: ='Muestras Tintas'!G27 -> 12 | I28: ='Muestras Tintas'!H27 -> 46118 | J28: ='Muestras Tintas'!I27 -> 3.8 | K28: ='Muestras Tintas'!J27 -> 24.8 | L28: ='Muestras Tintas'!L27*0.49 -> 2.2099 | M28: ='Muestras Tintas'!M27*1.53 -> 3.381147 | N28: ='Muestras Tintas'!O27/200 -> 1.207
A29: ='Muestras Tintas'!A28 -> CA26QMAC1-SH-13 | B29: ='Muestras Tintas'!B28 -> Carmenere | C29: ='Muestras Tintas'!C28 -> Maipo | D29: ='Muestras Tintas'!D28 -> QUINTA MAIPO | E29: ='Muestras Tintas'!E28 -> 1 | F29: ='Muestras Tintas'!F28 -> SH | H29: ='Muestras Tintas'!G28 -> 13 | I29: ='Muestras Tintas'!H28 -> 46125 | J29: ='Muestras Tintas'!I28 -> 3.66 | K29: ='Muestras Tintas'!J28 -> 24 | L29: ='Muestras Tintas'!L28*0.49 -> 2.3765 | M29: ='Muestras Tintas'!M28*1.53 -> 3.636045 | N29: ='Muestras Tintas'!O28/200 -> 1.16

Sheet CS-San_Adolfo
A2: 2025
A3: Id. original muestra | B3: Variedad | C3: Valle | D3: Fundo | E3: Cuartel | F3: Hilera | G3: Muestreo Fenoles | H3: Muestreo | I3: Fecha | J3: pH | K3: Brix | L3: Acidez Sulfúrica | M3: Acidez Tartárica | N3: Peso Baya
A4: CS25ADOC9-H56-1 | B4: Cabernet Sauvignon | C4: Maipo | D4: SAN ADOLFO | E4: 9 | F4: 56 | H4: 1 | I4: 45693 | J4: 2.81 | K4: 16.4 | L4: 8.7808 | M4: 13.4346 | N4: 0.96
A5: CS25ADOC9-H56-2 | B5: Cabernet Sauvignon | C5: Maipo | D5: SAN ADOLFO | E5: 9 | F5: 56 | H5: 2 | I5: 45699 | J5: 3.05 | K5: 17.6 | L5: 8.2418 | M5: 12.6099 | N5: 1.03
A6: CS25ADOC9-H56-3 | B6: Cabernet Sauvignon | C6: Maipo | D6: SAN ADOLFO | E6: 9 | F6: 56 | H6: 3 | I6: 45708 | J6: 3.12 | K6: 20 | L6: 6.0662 | M6: 9.2813 | N6: 1.16
A7: CS25ADOC9-H56-4 | B7: Cabernet Sauvignon | C7: Maipo | D7: SAN ADOLFO | E7: 9 | F7: 56 | G7: 45715 | H7: 4 | I7: 45715 | J7: 3.16 | K7: 22 | L7: 5.341 | M7: 8.1717 | N7: 1.1
A8: CS25ADOC9-H56-5 | B8: Cabernet Sauvignon | C8: Maipo | D8: SAN ADOLFO | E8: 9 | F8: 56 | H8: 5 | I8: 45721 | J8: 3.33 | K8: 22.7 | L8: 4.9882 | M8: 7.6319 | N8: 1.38
A9: CS25ADOC9-H56-6 | B9: Cabernet Sauvignon | C9: Maipo | D9: SAN ADOLFO | E9: 9 | F9: 56 | G9: 45726 | H9: 6 | I9: 45726 | J9: 3.37 | K9: 22.8 | L9: 4.6256 | M9: 7.0772 | N9: 1.36
A10: CS25ADOC9-H56-7 | B10: Cabernet Sauvignon | C10: Maipo | D10: SAN ADOLFO | E10: 9 | F10: 56 | G10: 45733 | H10: 7 | I10: 45733 | J10: 3.47 | K10: 24.1 | L10: 4.5472 | M10: 6.9572 | N10: 1.44
A11: CS25ADOC9-H56-8 | B11: Cabernet Sauvignon | C11: Maipo | D11: SAN ADOLFO | E11: 9 | F11: 56 | G11: 45740 | H11: 8 | I11: 45740 | J11: 3.52 | K11: 25 | L11: 4.0964 | M11: 6.2675 | N11: 1.15
A12: CS25ADOC9-H56-9 | B12: Cabernet Sauvignon | C12: Maipo | D12: SAN ADOLFO | E12: 9 | F12: 56 | G12: 45747 | H12: 9 | I12: 45747 | J12: 3.6 | K12: 25.1 | L12: 3.675 | M12: 5.6228 | N12: 1.46
A13: CS25ADOC9-H56-10 | B13: Cabernet Sauvignon | C13: Maipo | D13: SAN ADOLFO | E13: 9 | F13: 56 | G13: 45754 | H13: 10 | I13: 45754 | J13: 3.57 | K13: 25.5 | L13: 3.6358 | M13: 5.5628 | N13: 1.46
A15: 2026
A16: Id. original muestra | B16: Variedad | C16: Valle | D16: Fundo | E16: Cuartel | F16: Hilera | G16: Muestreo Fenoles | H16: Muestreo | I16: Fecha | J16: pH | K16: Brix | L16: Acidez Sulfúrica | M16: Acidez Tartárica | N16: Peso Baya
A17: ='Muestras Tintas'!A2 -> CS26ADOC9-H56-1 | B17: ='Muestras Tintas'!B2 -> Cabernet Sauvignon | C17: ='Muestras Tintas'!C2 -> Maipo | D17: ='Muestras Tintas'!D2 -> SAN ADOLFO | E17: ='Muestras Tintas'!E2 -> 9 | F17: ='Muestras Tintas'!F2 -> 56 | H17: ='Muestras Tintas'!G2 -> 1 | I17: ='Muestras Tintas'!H2 -> 46042 | J17: ='Muestras Tintas'!I2 -> 2.81 | K17: ='Muestras Tintas'!J2 -> 15.9 | L17: ='Muestras Tintas'!L2*0.49 -> 12.1716 | M17: ='Muestras Tintas'!M2*1.53 -> 18.622548 | N17: ='Muestras Tintas'!O2/200 -> 0.9164
A18: ='Muestras Tintas'!A3 -> CS26ADOC9-H56-2 | B18: ='Muestras Tintas'!B3 -> Cabernet Sauvignon | C18: ='Muestras Tintas'!C3 -> Maipo | D18: ='Muestras Tintas'!D3 -> SAN ADOLFO | E18: ='Muestras Tintas'!E3 -> 9 | F18: ='Muestras Tintas'!F3 -> 56 | H18: ='Muestras Tintas'!G3 -> 2 | I18: ='Muestras Tintas'!H3 -> 46048 | J18: ='Muestras Tintas'!I3 -> 2.97 | K18: ='Muestras Tintas'!J3 -> 16.6 | L18: ='Muestras Tintas'!L3*0.49 -> 9.4374 | M18: ='Muestras Tintas'!M3*1.53 -> 14.439222 | N18: ='Muestras Tintas'!O3/200 -> 0.96305
A19: ='Muestras Tintas'!A4 -> CS26ADOC9-H56-3 | B19: ='Muestras Tintas'!B4 -> Cabernet Sauvignon | C19: ='Muestras Tintas'!C4 -> Maipo | D19: ='Muestras Tintas'!D4 -> SAN ADOLFO | E19: ='Muestras Tintas'!E4 -> 9 | F19: ='Muestras Tintas'!F4 -> 56 | H19: ='Muestras Tintas'!G4 -> 3 | I19: ='Muestras Tintas'!H4 -> 46055 | J19: ='Muestras Tintas'!I4 -> 3.12 | K19: ='Muestras Tintas'!J4 -> 17.5 | L19: ='Muestras Tintas'!L4*0.49 -> 7.6244 | M19: ='Muestras Tintas'!M4*1.53 -> 11.665332 | N19: ='Muestras Tintas'!O4/200 -> 0.94435
A20: ='Muestras Tintas'!A5 -> CS26ADOC9-H56-4 | B20: ='Muestras Tintas'!B5 -> Cabernet Sauvignon | C20: ='Muestras Tintas'!C5 -> Maipo | D20: ='Muestras Tintas'!D5 -> SAN ADOLFO | E20: ='Muestras Tintas'!E5 -> 9 | F20: ='Muestras Tintas'!F5 -> 56 | H20: ='Muestras Tintas'!G5 -> 4 | I20: ='Muestras Tintas'!H5 -> 46062 | J20: ='Muestras Tintas'!I5 -> 3.14 | K20: ='Muestras Tintas'!J5 -> 18.2 | L20: ='Muestras Tintas'!L5*0.49 -> 7.2128 | M20: ='Muestras Tintas'!M5*1.53 -> 11.035584 | N20: ='Muestras Tintas'!O5/200 -> 0.989
A21: ='Muestras Tintas'!A6 -> CS26ADOC9-H56-5 | B21: ='Muestras Tintas'!B6 -> Cabernet Sauvignon | C21: ='Muestras Tintas'!C6 -> Maipo | D21: ='Muestras Tintas'!D6 -> SAN ADOLFO | E21: ='Muestras Tintas'!E6 -> 9 | F21: ='Muestras Tintas'!F6 -> 56 | H21: ='Muestras Tintas'!G6 -> 5 | I21: ='Muestras Tintas'!H6 -> 46069 | J21: ='Muestras Tintas'!I6 -> 3.2 | K21: ='Muestras Tintas'!J6 -> 20.1 | L21: ='Muestras Tintas'!L6*0.49 -> 5.2528 | M21: ='Muestras Tintas'!M6*1.53 -> 8.036784 | N21: ='Muestras Tintas'!O6/200 -> 0.9915
A22: ='Muestras Tintas'!A7 -> CS26ADOC9-H56-6 | B22: ='Muestras Tintas'!B7 -> Cabernet Sauvignon | C22: ='Muestras Tintas'!C7 -> Maipo | D22: ='Muestras Tintas'!D7 -> SAN ADOLFO | E22: ='Muestras Tintas'!E7 -> 9 | F22: ='Muestras Tintas'!F7 -> 56 | H22: ='Muestras Tintas'!G7 -> 6 | I22: ='Muestras Tintas'!H7 -> 46076 | J22: ='Muestras Tintas'!I7 -> 3.37 | K22: ='Muestras Tintas'!J7 -> 21.8 | L22: ='Muestras Tintas'!L7*0.49 -> 4.459 | M22: ='Muestras Tintas'!M7*1.53 -> 6.82227 | N22: ='Muestras Tintas'!O7/200 -> 0.932
A23: ='Muestras Tintas'!A8 -> CS26ADOC9-H56-7 | B23: ='Muestras Tintas'!B8 -> Cabernet Sauvignon | C23: ='Muestras Tintas'!C8 -> Maipo | D23: ='Muestras Tintas'!D8 -> SAN ADOLFO | E23: ='Muestras Tintas'!E8 -> 9 | F23: ='Muestras Tintas'!F8 -> 56 | H23: ='Muestras Tintas'!G8 -> 7 | I23: ='Muestras Tintas'!H8 -> 46083 | J23: ='Muestras Tintas'!I8 -> 3.4 | K23: ='Muestras Tintas'!J8 -> 23 | L23: ='Muestras Tintas'!L8*0.49 -> 4.4933 | M23: ='Muestras Tintas'!M8*1.53 -> 6.874749 | N23: ='Muestras Tintas'!O8/200 -> 0.9485
A24: ='Muestras Tintas'!A9 -> CS26ADOC9-H56-8 | B24: ='Muestras Tintas'!B9 -> Cabernet Sauvignon | C24: ='Muestras Tintas'!C9 -> Maipo | D24: ='Muestras Tintas'!D9 -> SAN ADOLFO | E24: ='Muestras Tintas'!E9 -> 9 | F24: ='Muestras Tintas'!F9 -> 56 | H24: ='Muestras Tintas'!G9 -> 8 | I24: ='Muestras Tintas'!H9 -> 46090 | J24: ='Muestras Tintas'!I9 -> 3.48 | K24: ='Muestras Tintas'!J9 -> 24 | L24: ='Muestras Tintas'!L9*0.49 -> 4.2875 | M24: ='Muestras Tintas'!M9*1.53 -> 6.559875 | N24: ='Muestras Tintas'!O9/200 -> 0.957
A25: ='Muestras Tintas'!A10 -> CS26ADOC9-H56-9 | B25: ='Muestras Tintas'!B10 -> Cabernet Sauvignon | C25: ='Muestras Tintas'!C10 -> Maipo | D25: ='Muestras Tintas'!D10 -> SAN ADOLFO | E25: ='Muestras Tintas'!E10 -> 9 | F25: ='Muestras Tintas'!F10 -> 56 | H25: ='Muestras Tintas'!G10 -> 9 | I25: ='Muestras Tintas'!H10 -> 46097 | J25: ='Muestras Tintas'!I10 -> 3.45 | K25: ='Muestras Tintas'!J10 -> 24.4 | L25: ='Muestras Tintas'!L10*0.49 -> 3.724 | M25: ='Muestras Tintas'!M10*1.53 -> 5.69772 | N25: ='Muestras Tintas'!O10/200 -> 0.9565
A26: ='Muestras Tintas'!A11 -> CS26ADOC9-H56-10 | B26: ='Muestras Tintas'!B11 -> Cabernet Sauvignon | C26: ='Muestras Tintas'!C11 -> Maipo | D26: ='Muestras Tintas'!D11 -> SAN ADOLFO | E26: ='Muestras Tintas'!E11 -> 9 | F26: ='Muestras Tintas'!F11 -> 56 | H26: ='Muestras Tintas'!G11 -> 10 | I26: ='Muestras Tintas'!H11 -> 46104 | J26: ='Muestras Tintas'!I11 -> 3.49 | K26: ='Muestras Tintas'!J11 -> 24.8 | L26: ='Muestras Tintas'!L11*0.49 -> 3.5427 | M26: ='Muestras Tintas'!M11*1.53 -> 5.420331 | N26: ='Muestras Tintas'!O11/200 -> 0.9915
A27: ='Muestras Tintas'!A12 -> CS26ADOC9-H56-11 | B27: ='Muestras Tintas'!B12 -> Cabernet Sauvignon | C27: ='Muestras Tintas'!C12 -> Maipo | D27: ='Muestras Tintas'!D12 -> SAN ADOLFO | E27: ='Muestras Tintas'!E12 -> 9 | F27: ='Muestras Tintas'!F12 -> 56 | H27: ='Muestras Tintas'!G12 -> 11 | I27: ='Muestras Tintas'!H12 -> 46111 | J27: ='Muestras Tintas'!I12 -> 3.49 | K27: ='Muestras Tintas'!J12 -> 25 | L27: ='Muestras Tintas'!L12*0.49 -> 3.4447 | M27: ='Muestras Tintas'!M12*1.53 -> 5.270391 | N27: ='Muestras Tintas'!O12/200 -> 0.914
A28: ='Muestras Tintas'!A13 -> CS26ADOC9-H56-12 | B28: ='Muestras Tintas'!B13 -> Cabernet Sauvignon | C28: ='Muestras Tintas'!C13 -> Maipo | D28: ='Muestras Tintas'!D13 -> SAN ADOLFO | E28: ='Muestras Tintas'!E13 -> 9 | F28: ='Muestras Tintas'!F13 -> 56 | H28: ='Muestras Tintas'!G13 -> 12 | I28: ='Muestras Tintas'!H13 -> 46118 | J28: ='Muestras Tintas'!I13 -> 3.56 | K28: ='Muestras Tintas'!J13 -> 26.5 | L28: ='Muestras Tintas'!L13*0.49 -> 3.185 | M28: ='Muestras Tintas'!M13*1.53 -> 4.87305 | N28: ='Muestras Tintas'!O13/200 -> 0.931
A29: ='Muestras Tintas'!A14 -> CS26ADOC9-H56-13 | B29: ='Muestras Tintas'!B14 -> Cabernet Sauvignon | C29: ='Muestras Tintas'!C14 -> Maipo | D29: ='Muestras Tintas'!D14 -> SAN ADOLFO | E29: ='Muestras Tintas'!E14 -> 9 | F29: ='Muestras Tintas'!F14 -> 56 | H29: ='Muestras Tintas'!G14 -> 13 | I29: ='Muestras Tintas'!H14 -> 46125 | J29: ='Muestras Tintas'!I14 -> 3.53 | K29: ='Muestras Tintas'!J14 -> 26.1 | L29: ='Muestras Tintas'!L14*0.49 -> 3.7436 | M29: ='Muestras Tintas'!M14*1.53 -> 5.727708 | N29: ='Muestras Tintas'!O14/200 -> 0.9645

Sheet CA-Palo_Santo
A2: 2025
A3: Id. original muestra | B3: Variedad | C3: Valle | D3: Fundo | E3: Cuartel | F3: Hilera | G3: Muestreo Fenoles | H3: Muestreo | I3: Fecha | J3: pH | K3: Brix | L3: Acidez Sulfúrica | M3: Acidez Tartárica | N3: Peso Baya
A4: CA25PSAC42-H30-1 | B4: Carmenere | C4: ='Muestras Tintas'!C52 -> Colchagua | D4: PALO SANTO | E4: 42 | F4: 30 | H4: 1 | I4: 45706 | J4: 3.15 | K4: 17 | L4: 5.1842 | M4: 7.9318 | N4: 1.4
A5: CA25PSAC42-H30-2 | B5: Carmenere | C5: ='Muestras Tintas'!C53 -> Colchagua | D5: PALO SANTO | E5: 42 | F5: 30 | H5: 2 | I5: 45713 | J5: 3.34 | K5: 18.6 | L5: 4.0572 | M5: 6.2075 | N5: 1.6
A6: CA25PSAC42-H30-3 | B6: Carmenere | C6: ='Muestras Tintas'!C54 -> Colchagua | D6: PALO SANTO | E6: 42 | F6: 30 | H6: 3 | I6: 45720 | J6: 3.46 | K6: 19.8 | L6: 4.0376 | M6: 6.1775 | N6: 1.94
A7: CA25PSAC42-H30-4 | B7: Carmenere | C7: ='Muestras Tintas'!C56 -> Cachapoal | D7: PALO SANTO | E7: 42 | F7: 30 | G7: 45727 | H7: 4 | I7: 45727 | J7: 3.57 | K7: 21.6 | L7: 3.038 | M7: 4.6481 | N7: 1.68
A8: CA25PSAC42-H30-5 | B8: Carmenere | C8: ='Muestras Tintas'!C57 -> Cachapoal | D8: PALO SANTO | E8: 42 | F8: 30 | G8: 45735 | H8: 5 | I8: 45735 | J8: 3.66 | K8: 22.1 | L8: 3.0037 | M8: 4.5957 | N8: 2.11
A9: CA25PSAC42-H30-6 | B9: Carmenere | C9: ='Muestras Tintas'!C58 -> Cachapoal | D9: PALO SANTO | E9: 42 | F9: 30 | H9: 6 | I9: 45742 | J9: 3.72 | K9: 23.4 | L9: 2.7489 | M9: 4.2058 | N9: 1.88
A10: CA25PSAC42-H30-7 | B10: Carmenere | C10: ='Muestras Tintas'!C59 -> Cachapoal | D10: PALO SANTO | E10: 42 | F10: 30 | G10: 45748 | H10: 7 | I10: 45748 | J10: 3.72 | K10: 23.5 | L10: 2.7097 | M10: 4.1458 | N10: 2.05
A11: CA25PSAC42-H30-8 | B11: Carmenere | C11: ='Muestras Tintas'!C60 -> Cachapoal | D11: PALO SANTO | E11: 42 | F11: 30 | H11: 8 | I11: 45755 | J11: 3.73 | K11: 23.6 | L11: 2.6068 | M11: 3.9884 | N11: 2.07
A12: CA25PSAC42-H30-9 | B12: Carmenere | C12: ='Muestras Tintas'!C61 -> Cachapoal | D12: PALO SANTO | E12: 42 | F12: 30 | G12: 45762 | H12: 9 | I12: 45762 | J12: 3.8 | K12: 24.1 | L12: 2.3618 | M12: 3.6136 | N12: 2.03
A13: CA25PSAC42-H30-10 | B13: Carmenere | C13: ='Muestras Tintas'!C62 -> Cachapoal | D13: PALO SANTO | E13: 42 | F13: 30 | G13: 45777 | H13: 10 | I13: 45777 | J13: 3.88 | K13: 24.7 | L13: 2.3128 | M13: 3.5386 | N13: 2.08
A14: CA25PSAC42-H30-11 | B14: Carmenere | C14: ='Muestras Tintas'!C63 -> Cachapoal | D14: PALO SANTO | E14: 42 | F14: 30 | G14: 45790 | H14: 11 | I14: 45790 | J14: 3.84 | K14: 24.9 | L14: 2.2785 | M14: 3.4861 | N14: 1.77
A16: 2026
A17: Id. original muestra | B17: Variedad | C17: Valle | D17: Fundo | E17: Cuartel | F17: Hilera | G17: Muestreo Fenoles | H17: Muestreo | I17: Fecha | J17: pH | K17: Brix | L17: Acidez Sulfúrica | M17: Acidez Tartárica | N17: Peso Baya
A18: ='Muestras Tintas'!A71 -> CA26PSAC42-H30-1 | B18: ='Muestras Tintas'!B71 -> Carmenere | C18: ='Muestras Tintas'!C71 -> Colchagua | D18: ='Muestras Tintas'!D71 -> PALO SANTO | E18: ='Muestras Tintas'!E71 -> 42 | F18: ='Muestras Tintas'!F71 -> 30 | H18: ='Muestras Tintas'!G71 -> 1 | I18: ='Muestras Tintas'!H71 -> 46043 | J18: ='Muestras Tintas'!I71 -> 3.33 | K18: ='Muestras Tintas'!J71 -> 15.2 | L18: ='Muestras Tintas'!L71*0.49 -> 6.1544 | M18: ='Muestras Tintas'!M71*1.53 -> 9.416232 | N18: ='Muestras Tintas'!O71/200 -> 1.14825
A19: ='Muestras Tintas'!A72 -> CA26PSAC42-H30-2 | B19: ='Muestras Tintas'!B72 -> Carmenere | C19: ='Muestras Tintas'!C72 -> Colchagua | D19: ='Muestras Tintas'!D72 -> PALO SANTO | E19: ='Muestras Tintas'!E72 -> 42 | F19: ='Muestras Tintas'!F72 -> 30 | H19: ='Muestras Tintas'!G72 -> 2 | I19: ='Muestras Tintas'!H72 -> 46049 | J19: ='Muestras Tintas'!I72 -> 3.18 | K19: ='Muestras Tintas'!J72 -> 15 | L19: ='Muestras Tintas'!L72*0.49 -> 8.3496 | M19: ='Muestras Tintas'!M72*1.53 -> 12.774888 | N19: ='Muestras Tintas'!O72/200 -> 1.37695
A20: ='Muestras Tintas'!A73 -> CA26PSAC42-H30-3 | B20: ='Muestras Tintas'!B73 -> Carmenere | C20: ='Muestras Tintas'!C73 -> Colchagua | D20: ='Muestras Tintas'!D73 -> PALO SANTO | E20: ='Muestras Tintas'!E73 -> 42 | F20: ='Muestras Tintas'!F73 -> 30 | H20: ='Muestras Tintas'!G73 -> 3 | I20: ='Muestras Tintas'!H73 -> 46056 | J20: ='Muestras Tintas'!I73 -> 3.28 | K20: ='Muestras Tintas'!J73 -> 16.3 | L20: ='Muestras Tintas'!L73*0.49 -> 5.7134 | M20: ='Muestras Tintas'!M73*1.53 -> 8.741502 | N20: ='Muestras Tintas'!O73/200 -> 1.63795
A21: ='Muestras Tintas'!A74 -> CA26PSAC42-H30-4 | B21: ='Muestras Tintas'!B74 -> Carmenere | C21: ='Muestras Tintas'!C74 -> Colchagua | D21: ='Muestras Tintas'!D74 -> PALO SANTO | E21: ='Muestras Tintas'!E74 -> 42 | F21: ='Muestras Tintas'!F74 -> 30 | H21: ='Muestras Tintas'!G74 -> 4 | I21: ='Muestras Tintas'!H74 -> 46063 | J21: ='Muestras Tintas'!I74 -> 3.53 | K21: ='Muestras Tintas'!J74 -> 18 | L21: ='Muestras Tintas'!L74*0.49 -> 4.2924 | M21: ='Muestras Tintas'!M74*1.53 -> 6.567372 | N21: ='Muestras Tintas'!O74/200 -> 1.723
A22: ='Muestras Tintas'!A75 -> CA26PSAC42-H30-5 | B22: ='Muestras Tintas'!B75 -> Carmenere | C22: ='Muestras Tintas'!C75 -> Colchagua | D22: ='Muestras Tintas'!D75 -> PALO SANTO | E22: ='Muestras Tintas'!E75 -> 42 | F22: ='Muestras Tintas'!F75 -> 30 | H22: ='Muestras Tintas'!G75 -> 5 | I22: ='Muestras Tintas'!H75 -> 46070 | J22: ='Muestras Tintas'!I75 -> 3.57 | K22: ='Muestras Tintas'!J75 -> 19.6 | L22: ='Muestras Tintas'!L75*0.49 -> 3.4888 | M22: ='Muestras Tintas'!M75*1.53 -> 5.337864 | N22: ='Muestras Tintas'!O75/200 -> 1.774
A23: ='Muestras Tintas'!A76 -> CA26PSAC42-H30-6 | B23: ='Muestras Tintas'!B76 -> Carmenere | C23: ='Muestras Tintas'!C76 -> Colchagua | D23: ='Muestras Tintas'!D76 -> PALO SANTO | E23: ='Muestras Tintas'!E76 -> 42 | F23: ='Muestras Tintas'!F76 -> 30 | H23: ='Muestras Tintas'!G76 -> 6 | I23: ='Muestras Tintas'!H76 -> 46077 | J23: ='Muestras Tintas'!I76 -> 3.6 | K23: ='Muestras Tintas'!J76 -> 21 | L23: ='Muestras Tintas'!L76*0.49 -> 3.234 | M23: ='Muestras Tintas'!M76*1.53 -> 4.94802 | N23: ='Muestras Tintas'!O76/200 -> 1.742
A24: ='Muestras Tintas'!A77 -> CA26PSAC42-H30-7 | B24: ='Muestras Tintas'!B77 -> Carmenere | C24: ='Muestras Tintas'!C77 -> Colchagua | D24: ='Muestras Tintas'!D77 -> PALO SANTO | E24: ='Muestras Tintas'!E77 -> 42 | F24: ='Muestras Tintas'!F77 -> 30 | H24: ='Muestras Tintas'!G77 -> 7 | I24: ='Muestras Tintas'!H77 -> 46084 | J24: ='Muestras Tintas'!I77 -> 3.69 | K24: ='Muestras Tintas'!J77 -> 22 | L24: ='Muestras Tintas'!L77*0.49 -> 2.8665 | M24: ='Muestras Tintas'!M77*1.53 -> 4.385745 | N24: ='Muestras Tintas'!O77/200 -> 1.814
A25: ='Muestras Tintas'!A78 -> CA26PSAC42-H30-8 | B25: ='Muestras Tintas'!B78 -> Carmenere | C25: ='Muestras Tintas'!C78 -> Colchagua | D25: ='Muestras Tintas'!D78 -> PALO SANTO | E25: ='Muestras Tintas'!E78 -> 42 | F25: ='Muestras Tintas'!F78 -> 30 | H25: ='Muestras Tintas'!G78 -> 8 | I25: ='Muestras Tintas'!H78 -> 46091 | J25: ='Muestras Tintas'!I78 -> 3.7 | K25: ='Muestras Tintas'!J78 -> 23.1 | L25: ='Muestras Tintas'!L78*0.49 -> 2.4598 | M25: ='Muestras Tintas'!M78*1.53 -> 3.763494 | N25: ='Muestras Tintas'!O78/200 -> 1.676
A26: ='Muestras Tintas'!A79 -> CA26PSAC42-H30-9 | B26: ='Muestras Tintas'!B79 -> Carmenere | C26: ='Muestras Tintas'!C79 -> Colchagua | D26: ='Muestras Tintas'!D79 -> PALO SANTO | E26: ='Muestras Tintas'!E79 -> 42 | F26: ='Muestras Tintas'!F79 -> 30 | H26: ='Muestras Tintas'!G79 -> 9 | I26: ='Muestras Tintas'!H79 -> 46098 | J26: ='Muestras Tintas'!I79 -> 3.78 | K26: ='Muestras Tintas'!J79 -> 22.8 | L26: ='Muestras Tintas'!L79*0.49 -> 2.1854 | M26: ='Muestras Tintas'!M79*1.53 -> 3.343662 | N26: ='Muestras Tintas'!O79/200 -> 1.83
A27: ='Muestras Tintas'!A80 -> CA26PSAC42-H30-10 | B27: ='Muestras Tintas'!B80 -> Carmenere | C27: ='Muestras Tintas'!C80 -> Colchagua | D27: ='Muestras Tintas'!D80 -> PALO SANTO | E27: ='Muestras Tintas'!E80 -> 42 | F27: ='Muestras Tintas'!F80 -> 30 | H27: ='Muestras Tintas'!G80 -> 10 | I27: ='Muestras Tintas'!H80 -> - | J27: ='Muestras Tintas'!I80 -> 3.78 | K27: ='Muestras Tintas'!J80 -> 23.2 | L27: ='Muestras Tintas'!L80*0.49 -> 2.1609 | M27: ='Muestras Tintas'!M80*1.53 -> 3.306177 | N27: ='Muestras Tintas'!O80/200 -> 1.815
A28: ='Muestras Tintas'!A81 -> CA26PSAC42-H30-11 | B28: ='Muestras Tintas'!B81 -> Carmenere | C28: ='Muestras Tintas'!C81 -> Colchagua | D28: ='Muestras Tintas'!D81 -> PALO SANTO | E28: ='Muestras Tintas'!E81 -> 42 | F28: ='Muestras Tintas'!F81 -> 30 | H28: ='Muestras Tintas'!G81 -> 11 | I28: ='Muestras Tintas'!H81 -> 46112 | J28: ='Muestras Tintas'!I81 -> 3.9 | K28: ='Muestras Tintas'!J81 -> 24.3 | L28: ='Muestras Tintas'!L81*0.49 -> 1.9355 | M28: ='Muestras Tintas'!M81*1.53 -> 2.961315 | N28: ='Muestras Tintas'!O81/200 -> 1.638
A29: ='Muestras Tintas'!A82 -> CA26PSAC42-H30-12 | B29: ='Muestras Tintas'!B82 -> Carmenere | C29: ='Muestras Tintas'!C82 -> Colchagua | D29: ='Muestras Tintas'!D82 -> PALO SANTO | E29: ='Muestras Tintas'!E82 -> 42 | F29: ='Muestras Tintas'!F82 -> 30 | H29: ='Muestras Tintas'!G82 -> 12 | I29: ='Muestras Tintas'!H82 -> 46119 | J29: ='Muestras Tintas'!I82 -> 3.92 | K29: ='Muestras Tintas'!J82 -> 24.7 | L29: ='Muestras Tintas'!L82*0.49 -> 1.9012 | M29: ='Muestras Tintas'!M82*1.53 -> 2.908836 | N29: ='Muestras Tintas'!O82/200 -> 1.515
... A31: ='Muestras Tintas'!A84 -> CA26PSAC42-H30-14 | B31: ='Muestras Tintas'!B84 -> Carmenere | C31: ='Muestras Tintas'!C84 -> Colchagua | D31: ='Muestras Tintas'!D84 -> PALO SANTO | E31: ='Muestras Tintas'!E84 -> 42 | F31: ='Muestras Tintas'!F84 -> 30 | H31: ='Muestras Tintas'!G84 -> 14 | I31: ='Muestras Tintas'!H84 -> 46132 | J31: ='Muestras Tintas'!I84 -> 3.98 | K31: ='Muestras Tintas'!J84 -> 26.3 | L31: ='Muestras Tintas'!L84*0.49 -> 2.009 | M31: ='Muestras Tintas'!M84*1.53 -> 3.07377 | N31: ='Muestras Tintas'!O84/200 -> 1.552

Sheet CS-Quebrada_Agua
A2: 2025
A3: Id. original muestra | B3: Variedad | C3: Valle | D3: Fundo | E3: Cuartel | F3: Hilera | G3: Muestreo Fenoles | H3: Muestreo | I3: Fecha | J3: pH | K3: Brix | L3: Acidez Sulfúrica | M3: Acidez Tartárica | N3: Peso Baya
A4: CS25QAGC40-H152-1 | B4: Cabernet Sauvignon | C4: Maule | D4: QUEBRADA DE AGUA | E4: 40 | F4: 152 | H4: 1 | I4: 45694 | J4: 2.82 | K4: 18.3 | L4: 9.9274 | M4: 15.1889 | N4: 1.44
A5: CS25QAGC40-H152-2 | B5: Cabernet Sauvignon | C5: Maule | D5: QUEBRADA DE AGUA | E5: 40 | F5: 152 | H5: 2 | I5: 45700 | J5: 2.84 | K5: 19.1 | L5: 9.0748 | M5: 13.8844 | N5: 1.19
A6: CS25QAGC40-H152-3 | B6: Cabernet Sauvignon | C6: Maule | D6: QUEBRADA DE AGUA | E6: 40 | F6: 152 | H6: 3 | I6: 45707 | J6: 2.98 | K6: 20.9 | L6: 6.7718 | M6: 10.3609 | N6: 1.43
A7: CS25QAGC40-H152-4 | B7: Cabernet Sauvignon | C7: Maule | D7: QUEBRADA DE AGUA | E7: 40 | F7: 152 | H7: 4 | I7: 45714 | J7: 3 | K7: 21.9 | L7: 5.7918 | M7: 8.8615 | N7: 1.46
A8: CS25QAGC40-H152-5 | B8: Cabernet Sauvignon | C8: Maule | D8: QUEBRADA DE AGUA | E8: 40 | F8: 152 | G8: 45721 | H8: 5 | I8: 45721 | J8: 3.2 | K8: 23.1 | L8: 5.7428 | M8: 8.7865 | N8: 1.92
A9: CS25QAGC40-H152-6 | B9: Cabernet Sauvignon | C9: Maule | D9: QUEBRADA DE AGUA | E9: 40 | F9: 152 | G9: 45728 | H9: 6 | I9: 45728 | J9: 3.27 | K9: 23.8 | L9: 5.7232 | M9: 8.7565 | N9: 1.7
A10: CS25QAGC40-H152-7 | B10: Cabernet Sauvignon | C10: Maule | D10: QUEBRADA DE AGUA | E10: 40 | F10: 152 | G10: 45735 | H10: 7 | I10: 45735 | J10: 3.28 | K10: 24 | L10: 5.3165 | M10: 8.1342 | N10: 1.8
A11: CS25QAGC40-H152-8 | B11: Cabernet Sauvignon | C11: Maule | D11: QUEBRADA DE AGUA | E11: 40 | F11: 152 | G11: 45743 | H11: 8 | I11: 45743 | J11: 3.37 | K11: 24.7 | L11: 4.6795 | M11: 7.1596 | N11: 1.69
A12: CS25QAGC40-H152-9 | B12: Cabernet Sauvignon | C12: Maule | D12: QUEBRADA DE AGUA | E12: 40 | F12: 152 | G12: 45720 | H12: 9 | I12: 45750 | J12: 3.29 | K12: 25.1 | L12: 4.6207 | M12: 7.0697 | N12: 1.66
A13: CS25QAGC40-H152-10 | B13: Cabernet Sauvignon | C13: Maule | D13: QUEBRADA DE AGUA | E13: 40 | F13: 152 | G13: 45934 | H13: 10 | I13: 45757 | J13: 3.35 | K13: 25.3 | L13: 4.6158 | M13: 7.0622 | N13: 1.76
A15: 2026
A16: Id. original muestra | B16: Variedad | C16: Valle | D16: Fundo | E16: Cuartel | F16: Hilera | G16: Muestreo Fenoles | H16: Muestreo | I16: Fecha | J16: pH | K16: Brix | L16: Acidez Sulfúrica | M16: Acidez Tartárica | N16: Peso Baya
A17: ='Muestras Tintas'!A86 -> CS26QAGC40-H152-1 | B17: ='Muestras Tintas'!B86 -> Cabernet Sauvignon | C17: ='Muestras Tintas'!C86 -> Maule | D17: ='Muestras Tintas'!D86 -> QUEBRADA DE AGUA | E17: ='Muestras Tintas'!E86 -> 40 | F17: ='Muestras Tintas'!F86 -> 152 | H17: ='Muestras Tintas'!G86 -> 1 | I17: ='Muestras Tintas'!H86 -> 46044 | J17: ='Muestras Tintas'!I86 -> 2.79 | K17: ='Muestras Tintas'!J86 -> 14.1 | L17: ='Muestras Tintas'!L86*0.49 -> 13.769 | M17: ='Muestras Tintas'!M86*1.53 -> 21.06657 | N17: ='Muestras Tintas'!O86/200 -> 1.03835
A18: ='Muestras Tintas'!A87 -> CS26QAGC40-H152-2 | B18: ='Muestras Tintas'!B87 -> Cabernet Sauvignon | C18: ='Muestras Tintas'!C87 -> Maule | D18: ='Muestras Tintas'!D87 -> QUEBRADA DE AGUA | E18: ='Muestras Tintas'!E87 -> 40 | F18: ='Muestras Tintas'!F87 -> 152 | H18: ='Muestras Tintas'!G87 -> 2 | I18: ='Muestras Tintas'!H87 -> 46050 | J18: ='Muestras Tintas'!I87 -> 2.85 | K18: ='Muestras Tintas'!J87 -> 15.7 | L18: ='Muestras Tintas'!L87*0.49 -> 13.1418 | M18: ='Muestras Tintas'!M87*1.53 -> 20.106954 | N18: ='Muestras Tintas'!O87/200 -> 1.1756
A19: ='Muestras Tintas'!A88 -> CS26QAGC40-H152-3 | B19: ='Muestras Tintas'!B88 -> Cabernet Sauvignon | C19: ='Muestras Tintas'!C88 -> Maule | D19: ='Muestras Tintas'!D88 -> QUEBRADA DE AGUA | E19: ='Muestras Tintas'!E88 -> 40 | F19: ='Muestras Tintas'!F88 -> 152 | H19: ='Muestras Tintas'!G88 -> 3 | I19: ='Muestras Tintas'!H88 -> 46058 | J19: ='Muestras Tintas'!I88 -> 2.95 | K19: ='Muestras Tintas'!J88 -> 17.5 | L19: ='Muestras Tintas'!L88*0.49 -> 10.0548 | M19: ='Muestras Tintas'!M88*1.53 -> 15.383844 | N19: ='Muestras Tintas'!O88/200 -> 1.2905
A20: ='Muestras Tintas'!A89 -> CS26QAGC40-H152-4 | B20: ='Muestras Tintas'!B89 -> Cabernet Sauvignon | C20: ='Muestras Tintas'!C89 -> Maule | D20: ='Muestras Tintas'!D89 -> QUEBRADA DE AGUA | E20: ='Muestras Tintas'!E89 -> 40 | F20: ='Muestras Tintas'!F89 -> 152 | H20: ='Muestras Tintas'!G89 -> 4 | I20: ='Muestras Tintas'!H89 -> 46065 | J20: ='Muestras Tintas'!I89 -> 3.04 | K20: ='Muestras Tintas'!J89 -> 19 | L20: ='Muestras Tintas'!L89*0.49 -> 9.0258 | M20: ='Muestras Tintas'!M89*1.53 -> 13.809474 | N20: ='Muestras Tintas'!O89/200 -> 1.3365
A21: ='Muestras Tintas'!A90 -> CS26QAGC40-H152-5 | B21: ='Muestras Tintas'!B90 -> Cabernet Sauvignon | C21: ='Muestras Tintas'!C90 -> Maule | D21: ='Muestras Tintas'!D90 -> QUEBRADA DE AGUA | E21: ='Muestras Tintas'!E90 -> 40 | F21: ='Muestras Tintas'!F90 -> 152 | H21: ='Muestras Tintas'!G90 -> 5 | I21: ='Muestras Tintas'!H90 -> 46071 | J21: ='Muestras Tintas'!I90 -> 3.12 | K21: ='Muestras Tintas'!J90 -> 19.8 | L21: ='Muestras Tintas'!L90*0.49 -> 8.1438 | M21: ='Muestras Tintas'!M90*1.53 -> 12.460014 | N21: ='Muestras Tintas'!O90/200 -> 1.456
A22: ='Muestras Tintas'!A91 -> CS26QAGC40-H152-6 | B22: ='Muestras Tintas'!B91 -> Cabernet Sauvignon | C22: ='Muestras Tintas'!C91 -> Maule | D22: ='Muestras Tintas'!D91 -> QUEBRADA DE AGUA | E22: ='Muestras Tintas'!E91 -> 40 | F22: ='Muestras Tintas'!F91 -> 152 | H22: ='Muestras Tintas'!G91 -> 6 | I22: ='Muestras Tintas'!H91 -> 46079 | J22: ='Muestras Tintas'!I91 -> 3.11 | K22: ='Muestras Tintas'!J91 -> 22.3 | L22: ='Muestras Tintas'!L91*0.49 -> 6.762 | M22: ='Muestras Tintas'!M91*1.53 -> 10.34586 | N22: ='Muestras Tintas'!O91/200 -> 1.451
A23: ='Muestras Tintas'!A92 -> CS26QAGC40-H152-7 | B23: ='Muestras Tintas'!B92 -> Cabernet Sauvignon | C23: ='Muestras Tintas'!C92 -> Maule | D23: ='Muestras Tintas'!D92 -> QUEBRADA DE AGUA | E23: ='Muestras Tintas'!E92 -> 40 | F23: ='Muestras Tintas'!F92 -> 152 | H23: ='Muestras Tintas'!G92 -> 7 | I23: ='Muestras Tintas'!H92 -> 46086 | J23: ='Muestras Tintas'!I92 -> 3.14 | K23: ='Muestras Tintas'!J92 -> 23.1 | L23: ='Muestras Tintas'!L92*0.49 -> 5.6056 | M23: ='Muestras Tintas'!M92*1.53 -> 8.576568 | N23: ='Muestras Tintas'!O92/200 -> 1.483
A24: ='Muestras Tintas'!A93 -> CS26QAGC40-H152-8 | B24: ='Muestras Tintas'!B93 -> Cabernet Sauvignon | C24: ='Muestras Tintas'!C93 -> Maule | D24: ='Muestras Tintas'!D93 -> QUEBRADA DE AGUA | E24: ='Muestras Tintas'!E93 -> 40 | F24: ='Muestras Tintas'!F93 -> 152 | H24: ='Muestras Tintas'!G93 -> 8 | I24: ='Muestras Tintas'!H93 -> 46094 | J24: ='Muestras Tintas'!I93 -> 3.13 | K24: ='Muestras Tintas'!J93 -> 23.7 | L24: ='Muestras Tintas'!L93*0.49 -> 5.4243 | M24: ='Muestras Tintas'!M93*1.53 -> 8.299179 | N24: ='Muestras Tintas'!O93/200 -> 1.5485
A25: ='Muestras Tintas'!A94 -> CS26QAGC40-H152-9 | B25: ='Muestras Tintas'!B94 -> Cabernet Sauvignon | C25: ='Muestras Tintas'!C94 -> Maule | D25: ='Muestras Tintas'!D94 -> QUEBRADA DE AGUA | E25: ='Muestras Tintas'!E94 -> 40 | F25: ='Muestras Tintas'!F94 -> 152 | H25: ='Muestras Tintas'!G94 -> 9 | I25: ='Muestras Tintas'!H94 -> 46108 | J25: ='Muestras Tintas'!I94 -> 3.05 | K25: ='Muestras Tintas'!J94 -> 23.8 | L25: ='Muestras Tintas'!L94*0.49 -> 5.1891 | M25: ='Muestras Tintas'!M94*1.53 -> 7.939323 | N25: ='Muestras Tintas'!O94/200 -> 1.509
A26: ='Muestras Tintas'!A95 -> CS26QAGC40-H152-10 | B26: ='Muestras Tintas'!B95 -> Cabernet Sauvignon | C26: ='Muestras Tintas'!C95 -> Maule | D26: ='Muestras Tintas'!D95 -> QUEBRADA DE AGUA | E26: ='Muestras Tintas'!E95 -> 40 | F26: ='Muestras Tintas'!F95 -> 152 | H26: ='Muestras Tintas'!G95 -> 10 | I26: ='Muestras Tintas'!H95 -> 46114 | J26: ='Muestras Tintas'!I95 -> 3.07 | K26: ='Muestras Tintas'!J95 -> 25 | L26: ='Muestras Tintas'!L95*0.49 -> 5.5713 | M26: ='Muestras Tintas'!M95*1.53 -> 8.524089 | N26: ='Muestras Tintas'!O95/200 -> 1.479

Sheet CA-Rucahue
A2: 2026
A3: Id. original muestra | B3: Variedad | C3: Valle | D3: Fundo | E3: Cuartel | F3: Hilera | G3: Muestreo Fenoles | H3: Muestreo | I3: Fecha | J3: pH | K3: Brix | L3: Acidez Sulfúrica | M3: Acidez Tartárica | N3: Peso Baya
A4: ='Muestras Tintas'!A148 -> CA26RUCC 24-H369-1 | B4: ='Muestras Tintas'!B148 -> Carmenere | C4: ='Muestras Tintas'!C148 -> Cachapoal | D4: ='Muestras Tintas'!D148 -> RUCAHUE | E4: ='Muestras Tintas'!E148 -> 24 | F4: ='Muestras Tintas'!F148 -> 369 | H4: ='Muestras Tintas'!G148 -> 1 | I4: ='Muestras Tintas'!H148 -> 46051 | J4: ='Muestras Tintas'!I148 -> 3.28 | K4: ='Muestras Tintas'!J148 -> 15.9 | L4: ='Muestras Tintas'!L148*0.49 -> 5.586 | M4: ='Muestras Tintas'!M148*1.53 -> 8.54658 | N4: ='Muestras Tintas'!O148/200 -> 1.57655
A5: ='Muestras Tintas'!A149 -> CA26RUCC 24-H369-2 | B5: ='Muestras Tintas'!B149 -> Carmenere | C5: ='Muestras Tintas'!C149 -> Cachapoal | D5: ='Muestras Tintas'!D149 -> RUCAHUE | E5: ='Muestras Tintas'!E149 -> 24 | F5: ='Muestras Tintas'!F149 -> 369 | H5: ='Muestras Tintas'!G149 -> 2 | I5: ='Muestras Tintas'!H149 -> 46057 | J5: ='Muestras Tintas'!I149 -> 3.33 | K5: ='Muestras Tintas'!J149 -> 17.6 | L5: ='Muestras Tintas'!L149*0.49 -> 4.5962 | M5: ='Muestras Tintas'!M149*1.53 -> 7.032186 | N5: ='Muestras Tintas'!O149/200 -> 1.803
A6: ='Muestras Tintas'!A150 -> CA26RUCC 24-H369-3 | B6: ='Muestras Tintas'!B150 -> Carmenere | C6: ='Muestras Tintas'!C150 -> Cachapoal | D6: ='Muestras Tintas'!D150 -> RUCAHUE | E6: ='Muestras Tintas'!E150 -> 24 | F6: ='Muestras Tintas'!F150 -> 369 | H6: ='Muestras Tintas'!G150 -> 3 | I6: ='Muestras Tintas'!H150 -> 46064 | J6: ='Muestras Tintas'!I150 -> 3.49 | K6: ='Muestras Tintas'!J150 -> 19.1 | L6: ='Muestras Tintas'!L150*0.49 -> 3.8808 | M6: ='Muestras Tintas'!M150*1.53 -> 5.937624 | N6: ='Muestras Tintas'!O150/200 -> 1.896
A7: ='Muestras Tintas'!A151 -> CA26RUCC 24-H369-4 | B7: ='Muestras Tintas'!B151 -> Carmenere | C7: ='Muestras Tintas'!C151 -> Cachapoal | D7: ='Muestras Tintas'!D151 -> RUCAHUE | E7: ='Muestras Tintas'!E151 -> 24 | F7: ='Muestras Tintas'!F151 -> 369 | H7: ='Muestras Tintas'!G151 -> 4 | I7: ='Muestras Tintas'!H151 -> 46071 | J7: ='Muestras Tintas'!I151 -> 3.5 | K7: ='Muestras Tintas'!J151 -> 20.7 | L7: ='Muestras Tintas'!L151*0.49 -> 3.528 | M7: ='Muestras Tintas'!M151*1.53 -> 5.39784 | N7: ='Muestras Tintas'!O151/200 -> 1.9035
A8: ='Muestras Tintas'!A152 -> CA26RUCC 24-H369-5 | B8: ='Muestras Tintas'!B152 -> Carmenere | C8: ='Muestras Tintas'!C152 -> Cachapoal | D8: ='Muestras Tintas'!D152 -> RUCAHUE | E8: ='Muestras Tintas'!E152 -> 24 | F8: ='Muestras Tintas'!F152 -> 369 | H8: ='Muestras Tintas'!G152 -> 5 | I8: ='Muestras Tintas'!H152 -> 46078 | J8: ='Muestras Tintas'!I152 -> 3.62 | K8: ='Muestras Tintas'!J152 -> 22 | L8: ='Muestras Tintas'!L152*0.49 -> 2.94 | M8: ='Muestras Tintas'!M152*1.53 -> 4.4982 | N8: ='Muestras Tintas'!O152/200 -> 1.9235
A9: ='Muestras Tintas'!A153 -> CA26RUCC 24-H369-6 | B9: ='Muestras Tintas'!B153 -> Carmenere | C9: ='Muestras Tintas'!C153 -> Cachapoal | D9: ='Muestras Tintas'!D153 -> RUCAHUE | E9: ='Muestras Tintas'!E153 -> 24 | F9: ='Muestras Tintas'!F153 -> 369 | H9: ='Muestras Tintas'!G153 -> 6 | I9: ='Muestras Tintas'!H153 -> 46085 | J9: ='Muestras Tintas'!I153 -> 3.68 | K9: ='Muestras Tintas'!J153 -> 22.7 | L9: ='Muestras Tintas'!L153*0.49 -> 2.5382 | M9: ='Muestras Tintas'!M153*1.53 -> 3.883446 | N9: ='Muestras Tintas'!O153/200 -> 1.874
A10: ='Muestras Tintas'!A154 -> CA26RUCC 24-H369-7 | B10: ='Muestras Tintas'!B154 -> Carmenere | C10: ='Muestras Tintas'!C154 -> Cachapoal | D10: ='Muestras Tintas'!D154 -> RUCAHUE | E10: ='Muestras Tintas'!E154 -> 24 | F10: ='Muestras Tintas'!F154 -> 369 | H10: ='Muestras Tintas'!G154 -> 7 | I10: ='Muestras Tintas'!H154 -> 46092 | J10: ='Muestras Tintas'!I154 -> 3.84 | K10: ='Muestras Tintas'!J154 -> 23.2 | L10: ='Muestras Tintas'!L154*0.49 -> 2.3961 | M10: ='Muestras Tintas'!M154*1.53 -> 3.666033 | N10: ='Muestras Tintas'!O154/200 -> 1.92
A11: ='Muestras Tintas'!A155 -> CA26RUCC 24-H369-8 | B11: ='Muestras Tintas'!B155 -> Carmenere | C11: ='Muestras Tintas'!C155 -> Cachapoal | D11: ='Muestras Tintas'!D155 -> RUCAHUE | E11: ='Muestras Tintas'!E155 -> 24 | F11: ='Muestras Tintas'!F155 -> 369 | H11: ='Muestras Tintas'!G155 -> 8 | I11: ='Muestras Tintas'!H155 -> 46099 | J11: ='Muestras Tintas'!I155 -> 3.83 | K11: ='Muestras Tintas'!J155 -> 23.7 | L11: ='Muestras Tintas'!L155*0.49 -> 2.1707 | M11: ='Muestras Tintas'!M155*1.53 -> 3.321171 | N11: ='Muestras Tintas'!O155/200 -> 1.8835
A12: ='Muestras Tintas'!A156 -> CA26RUCC 24-H369-9 | B12: ='Muestras Tintas'!B156 -> Carmenere | C12: ='Muestras Tintas'!C156 -> Cachapoal | D12: ='Muestras Tintas'!D156 -> RUCAHUE | E12: ='Muestras Tintas'!E156 -> 24 | F12: ='Muestras Tintas'!F156 -> 369 | H12: ='Muestras Tintas'!G156 -> 9 | I12: ='Muestras Tintas'!H156 -> 46105 | J12: ='Muestras Tintas'!I156 -> 3.85 | K12: ='Muestras Tintas'!J156 -> 23.9 | L12: ='Muestras Tintas'!L156*0.49 -> 2.0139 | M12: ='Muestras Tintas'!M156*1.53 -> 3.081267 | N12: ='Muestras Tintas'!O156/200 -> 2.0135
A13: ='Muestras Tintas'!A157 -> CA26RUCC 24-H369-10 | B13: ='Muestras Tintas'!B157 -> Carmenere | C13: ='Muestras Tintas'!C157 -> Cachapoal | D13: ='Muestras Tintas'!D157 -> RUCAHUE | E13: ='Muestras Tintas'!E157 -> 24 | F13: ='Muestras Tintas'!F157 -> 369 | H13: ='Muestras Tintas'!G157 -> 10 | I13: ='Muestras Tintas'!H157 -> 46113 | J13: ='Muestras Tintas'!I157 -> 3.8 | K13: ='Muestras Tintas'!J157 -> 24.1 | L13: ='Muestras Tintas'!L157*0.49 -> 2.107 | M13: ='Muestras Tintas'!M157*1.53 -> 3.22371 | N13: ='Muestras Tintas'!O157/200 -> 1.8855
A14: ='Muestras Tintas'!A158 -> CA26RUCC 24-H369-11 | B14: ='Muestras Tintas'!B158 -> Carmenere | C14: ='Muestras Tintas'!C158 -> Cachapoal | D14: ='Muestras Tintas'!D158 -> RUCAHUE | E14: ='Muestras Tintas'!E158 -> 24 | F14: ='Muestras Tintas'!F158 -> 369 | H14: ='Muestras Tintas'!G158 -> 11 | I14: ='Muestras Tintas'!H158 -> 46120 | J14: ='Muestras Tintas'!I158 -> 3.84 | K14: ='Muestras Tintas'!J158 -> 24.5 | L14: ='Muestras Tintas'!L158*0.49 -> 2.2001 | M14: ='Muestras Tintas'!M158*1.53 -> 3.366153 | N14: ='Muestras Tintas'!O158/200 -> 1.9125
A15: ='Muestras Tintas'!A159 -> CA26RUCC 24-H369-12 | B15: ='Muestras Tintas'!B159 -> Carmenere | C15: ='Muestras Tintas'!C159 -> Cachapoal | D15: ='Muestras Tintas'!D159 -> RUCAHUE | E15: ='Muestras Tintas'!E159 -> 24 | F15: ='Muestras Tintas'!F159 -> 369 | H15: ='Muestras Tintas'!G159 -> 12 | I15: ='Muestras Tintas'!H159 -> 46127 | J15: ='Muestras Tintas'!I159 -> 3.83 | K15: ='Muestras Tintas'!J159 -> 25.1 | L15: ='Muestras Tintas'!L159*0.49 -> 2.1266 | M15: ='Muestras Tintas'!M159*1.53 -> 3.253698 | N15: ='Muestras Tintas'!O159/200 -> 1.9635
A16: ='Muestras Tintas'!A160 -> CA26RUCC 24-H369-13 | B16: ='Muestras Tintas'!B160 -> Carmenere | C16: ='Muestras Tintas'!C160 -> Cachapoal | D16: ='Muestras Tintas'!D160 -> RUCAHUE | E16: ='Muestras Tintas'!E160 -> 24 | F16: ='Muestras Tintas'!F160 -> 369 | H16: ='Muestras Tintas'!G160 -> 13 | I16: ='Muestras Tintas'!H160 -> 46134 | J16: ='Muestras Tintas'!I160 -> 3.88 | K16: ='Muestras Tintas'!J160 -> 25.6 | L16: ='Muestras Tintas'!L160*0.49 -> 1.9355 | M16: ='Muestras Tintas'!M160*1.53 -> 2.961315 | N16: ='Muestras Tintas'!O160/200 -> 1.949
